filename,label,kp_0,kp_1,kp_2,kp_3,kp_4,kp_5,kp_6,kp_7,kp_8,kp_9,kp_10,kp_11,kp_12,kp_13,kp_14,kp_15,kp_16,kp_17,kp_18,kp_19,kp_20,kp_21,kp_22,kp_23,kp_24,kp_25,kp_26,kp_27,kp_28,kp_29,kp_30,kp_31,kp_32,kp_33,kp_34,kp_35,kp_36,kp_37,kp_38,kp_39,kp_40,kp_41,kp_42,kp_43,kp_44,kp_45,kp_46,kp_47,kp_48,kp_49,kp_50,kp_51,kp_52,kp_53,kp_54,kp_55,kp_56,kp_57,kp_58,kp_59,kp_60,kp_61,kp_62,kp_63,kp_64,kp_65,kp_66,kp_67,kp_68,kp_69,kp_70,kp_71,kp_72,kp_73,kp_74,kp_75,kp_76,kp_77,kp_78,kp_79,kp_80,kp_81,kp_82,kp_83,kp_84,kp_85,kp_86,kp_87,kp_88,kp_89,kp_90,kp_91,kp_92,kp_93,kp_94,kp_95,kp_96,kp_97,kp_98,kp_99,kp_100,kp_101,kp_102,kp_103,kp_104,kp_105,kp_106,kp_107,kp_108,kp_109,kp_110,kp_111,kp_112,kp_113,kp_114,kp_115,kp_116,kp_117,kp_118,kp_119,kp_120,kp_121,kp_122,kp_123,kp_124,kp_125,kp_126,kp_127,kp_128,kp_129,kp_130,kp_131
angry_v1_1.png,angry,0.5068876147270203,0.2399745136499405,-0.9969482421875,0.999945878982544,0.5244127511978149,0.22093570232391357,-0.9887263774871826,0.9997305274009705,0.5345693230628967,0.21950064599514008,-0.9887319803237915,0.9997411370277405,0.54417884349823,0.21796554327011108,-0.9887871742248535,0.9997203946113586,0.48835641145706177,0.22238849103450775,-0.9873359799385071,0.9996346235275269,0.4751758277416229,0.22146457433700562,-0.9873315095901489,0.9996246099472046,0.46337589621543884,0.22020021080970764,-0.9873073697090149,0.9995970129966736,0.5620661377906799,0.2103041708469391,-0.6946150660514832,0.9995711445808411,0.4523937404155731,0.21318598091602325,-0.6881513595581055,0.9992876648902893,0.5275323987007141,0.2532872259616852,-0.8619715571403503,0.9999362230300903,0.48656386137008667,0.2537356913089752,-0.8607155084609985,0.9999185800552368,0.6348559260368347,0.2666929066181183,-0.36846476793289185,0.9999932050704956,0.3928648829460144,0.263528048992157,-0.3351512849330902,0.9999591112136841,0.6734485030174255,0.3913075923919678,-0.13540658354759216,0.9889678359031677,0.35228776931762695,0.3879702687263489,-0.12262021750211716,0.9710445404052734,0.687831461429596,0.5138322114944458,-0.37549152970314026,0.9770535826683044,0.3347422480583191,0.5116387009620667,-0.35107487440109253,0.9459589719772339,0.6911962032318115,0.5467498302459717,-0.44442009925842285,0.9498637914657593,0.33078956604003906,0.5460050106048584,-0.4203213155269623,0.9068974256515503,0.6751516461372375,0.5452578067779541,-0.541063129901886,0.9546670913696289,0.3440450131893158,0.5450150370597839,-0.5120593905448914,0.9152461290359497,0.6683655977249146,0.5365213751792908,-0.4152355194091797,0.9444220662117004,0.350419819355011,0.5363472700119019,-0.38963305950164795,0.8985676765441895,0.5762732028961182,0.5203784704208374,-0.010495802387595177,0.9995489716529846,0.4453480839729309,0.5157136917114258,0.010239058174192905,0.9990631937980652,0.5605972409248352,0.7102741599082947,-0.030350100249052048,0.9906675219535828,0.4611479938030243,0.7085736393928528,0.020774126052856445,0.9850919842720032,0.5703209638595581,0.8628416657447815,0.5266289114952087,0.987480103969574,0.4558212459087372,0.8636926412582397,0.5249810218811035,0.9789230823516846,0.5662094354629517,0.8731776475906372,0.5661267638206482,0.8215131759643555,0.46005192399024963,0.8760362267494202,0.5604621171951294,0.7949293255805969,0.5532246232032776,0.9313902854919434,0.22846713662147522,0.9811830520629883,0.47273558378219604,0.9305745363235474,0.22670429944992065,0.9742270112037659
angry_v1_2.png,angry,0.5062701106071472,0.23165738582611084,-0.8980593085289001,0.9999265670776367,0.5243523120880127,0.2108643651008606,-0.8862208724021912,0.9996323585510254,0.5353243947029114,0.20987895131111145,-0.8862674832344055,0.9996594190597534,0.5446301102638245,0.2090684175491333,-0.8863142728805542,0.9996294975280762,0.4877645671367645,0.2115248143672943,-0.8868012428283691,0.9995040893554688,0.475159227848053,0.21131563186645508,-0.8867905735969543,0.9995057582855225,0.46433740854263306,0.21092773973941803,-0.8867803812026978,0.9994557499885559,0.5642883777618408,0.20634712278842926,-0.6047343015670776,0.9994310736656189,0.45500311255455017,0.20755554735660553,-0.6072477102279663,0.9990921020507812,0.5281999707221985,0.24668386578559875,-0.7710939645767212,0.9999039173126221,0.48751693964004517,0.2490837424993515,-0.772361695766449,0.9998773336410522,0.6293978095054626,0.27183717489242554,-0.30459678173065186,0.9999910593032837,0.3999769389629364,0.26970574259757996,-0.284464567899704,0.9999381303787231,0.6675628423690796,0.3900880217552185,-0.06413395702838898,0.9850196838378906,0.35090214014053345,0.39100468158721924,-0.08403217792510986,0.9704170227050781,0.6936778426170349,0.5027075409889221,-0.2701505720615387,0.9731946587562561,0.32711127400398254,0.5059529542922974,-0.2834222614765167,0.9356583952903748,0.6987493634223938,0.5380029082298279,-0.3259950280189514,0.9452151656150818,0.32462364435195923,0.5390945672988892,-0.34173497557640076,0.8891606330871582,0.6839824914932251,0.5362765192985535,-0.41932815313339233,0.9505001902580261,0.3378860354423523,0.5369412302970886,-0.4309794008731842,0.8985334038734436,0.676334023475647,0.5277295708656311,-0.3078939616680145,0.9401711225509644,0.343769907951355,0.5289976000785828,-0.3207050859928131,0.8847572207450867,0.5776445865631104,0.5221200585365295,-0.008509316481649876,0.9994860887527466,0.4498359262943268,0.5195572376251221,0.008322030305862427,0.9988848567008972,0.5531004071235657,0.7046306729316711,-0.014543269760906696,0.9884784817695618,0.4641566574573517,0.7029887437820435,0.011959100142121315,0.9809548854827881,0.5689347386360168,0.8676337003707886,0.4519559144973755,0.9866222739219666,0.45448341965675354,0.8623255491256714,0.46177399158477783,0.9722937345504761,0.5646587014198303,0.8827295303344727,0.4812881350517273,0.8012513518333435,0.4570486545562744,0.8773467540740967,0.4914385974407196,0.7586638927459717,0.5462389588356018,0.9325852394104004,0.1452416032552719,0.9788878560066223,0.4692280888557434,0.9289196133613586,0.16876128315925598,0.9667775630950928
angry_v1_3.png,angry,0.5077243447303772,0.2291054129600525,-0.9154853224754333,0.9999493360519409,0.5253461599349976,0.20833855867385864,-0.9007298946380615,0.9997410178184509,0.5366880297660828,0.20702704787254333,-0.9007569551467896,0.999756395816803,0.5463958978652954,0.20614179968833923,-0.9007917642593384,0.9997331500053406,0.4884841740131378,0.20931488275527954,-0.9026599526405334,0.999671459197998,0.4759816825389862,0.20887747406959534,-0.9026483297348022,0.9996708631515503,0.46513447165489197,0.20835739374160767,-0.902608335018158,0.9996386766433716,0.5653025507926941,0.20345142483711243,-0.6108079552650452,0.9995942711830139,0.45696669816970825,0.20426827669143677,-0.6194022297859192,0.9993871450424194,0.5303155779838562,0.2452518790960312,-0.7859635353088379,0.9999213218688965,0.48943713307380676,0.24774807691574097,-0.7889927625656128,0.999901294708252,0.6292592287063599,0.2735677659511566,-0.30695581436157227,0.9999903440475464,0.3989865779876709,0.270388126373291,-0.2891300618648529,0.9999430179595947,0.6735490560531616,0.38820135593414307,-0.04888521879911423,0.9862890243530273,0.34630894660949707,0.3871309459209442,-0.07706497609615326,0.9743257761001587,0.695427417755127,0.4986827075481415,-0.2402157187461853,0.9735583662986755,0.32344675064086914,0.4996165931224823,-0.27271977066993713,0.9444370865821838,0.7019569873809814,0.5339915752410889,-0.29278087615966797,0.9445660710334778,0.31847548484802246,0.5344362258911133,-0.3296016752719879,0.899319052696228,0.6866854429244995,0.5319973826408386,-0.38636496663093567,0.9500450491905212,0.3327180743217468,0.5333291888237,-0.42079704999923706,0.9083429574966431,0.6780030727386475,0.5222111940383911,-0.27796119451522827,0.9397141933441162,0.3403467535972595,0.5245015025138855,-0.31107181310653687,0.8964963555335999,0.5777091979980469,0.5235201716423035,-0.012081396766006947,0.9994756579399109,0.4502965807914734,0.5203354954719543,0.011897542513906956,0.9989907145500183,0.553947389125824,0.7062387466430664,0.020497959107160568,0.990982711315155,0.4615715742111206,0.7056871056556702,0.04444669932126999,0.9851490259170532,0.569545328617096,0.8635150790214539,0.480327844619751,0.9899426698684692,0.4548525810241699,0.8657289147377014,0.49361762404441833,0.9801730513572693,0.5637675523757935,0.8788095712661743,0.5086752772331238,0.8330512046813965,0.45916032791137695,0.8804498314857483,0.5226910710334778,0.8147313594818115,0.5459868907928467,0.9333236217498779,0.17299410700798035,0.9840404391288757,0.4659177362918854,0.9329382181167603,0.20358487963676453,0.9757962226867676
angry_v1_4.png,angry,0.5134293437004089,0.2517229914665222,-1.1153730154037476,0.9999734163284302,0.5307081341743469,0.23264706134796143,-1.1122111082077026,0.999869704246521,0.5405147671699524,0.23156161606311798,-1.1121402978897095,0.9998781681060791,0.5507506728172302,0.23003602027893066,-1.1121543645858765,0.9998652935028076,0.4944170117378235,0.23253203928470612,-1.1122084856033325,0.9998249411582947,0.4814433157444,0.23085184395313263,-1.1122690439224243,0.9998277425765991,0.4694232940673828,0.22892867028713226,-1.1122246980667114,0.9998090863227844,0.5677855610847473,0.2192276120185852,-0.8186020851135254,0.9998072981834412,0.4558126628398895,0.2192002832889557,-0.8189238905906677,0.9996975660324097,0.5314092040061951,0.26551103591918945,-0.9781646132469177,0.9999651908874512,0.4912327229976654,0.2647491991519928,-0.9789776802062988,0.999957799911499,0.6377862095832825,0.2694757282733917,-0.45388108491897583,0.9999954700469971,0.3867870569229126,0.26627832651138306,-0.423540323972702,0.9999732971191406,0.6852411031723022,0.39121800661087036,-0.16978062689304352,0.9934940934181213,0.3405582904815674,0.39088353514671326,-0.15510597825050354,0.985975444316864,0.6967355608940125,0.5159988403320312,-0.38732343912124634,0.9868528246879578,0.3213782012462616,0.5101905465126038,-0.35717397928237915,0.9728767275810242,0.7005408406257629,0.5480591058731079,-0.446455717086792,0.9667903780937195,0.31707003712654114,0.5432887077331543,-0.4142935872077942,0.9451858997344971,0.6811046004295349,0.5465390086174011,-0.5485734939575195,0.9704585671424866,0.33236438035964966,0.5418747663497925,-0.5127556324005127,0.9509435892105103,0.6736773252487183,0.5376549363136292,-0.42731279134750366,0.9622030258178711,0.3388489782810211,0.5334282517433167,-0.39617204666137695,0.9397182464599609,0.5782555341720581,0.5129276514053345,-0.0071599422954022884,0.9995812773704529,0.4445919394493103,0.5092799067497253,0.006886938586831093,0.9992007613182068,0.5586249232292175,0.7014100551605225,-0.028919368982315063,0.9908705353736877,0.4581259787082672,0.6981451511383057,-0.007444669958204031,0.9873154163360596,0.5729084610939026,0.8709363341331482,0.4097512662410736,0.990691065788269,0.45073822140693665,0.8624663352966309,0.41970938444137573,0.9805588126182556,0.569128155708313,0.8853338956832886,0.4348345398902893,0.8339541554450989,0.4544626772403717,0.8767080307006836,0.44573846459388733,0.7895745038986206,0.5489635467529297,0.9338343143463135,0.07901808619499207,0.9847152233123779,0.4705183804035187,0.92917799949646,0.10346822440624237,0.9759998917579651
angry_v2_1.png,angry,0.5040987133979797,0.2417219877243042,-0.16212351620197296,0.9998840093612671,0.5220988988876343,0.22200046479701996,-0.16259218752384186,0.999725878238678,0.5339123606681824,0.22035200893878937,-0.16255372762680054,0.9996788501739502,0.5431828498840332,0.21880775690078735,-0.16252589225769043,0.9996660947799683,0.4886314272880554,0.22279852628707886,-0.14712311327457428,0.9996997117996216,0.4779268801212311,0.22193168103694916,-0.14702388644218445,0.9996002316474915,0.46821296215057373,0.22088098526000977,-0.14684973657131195,0.9996542930603027,0.561319887638092,0.21027004718780518,0.018266458064317703,0.9997404217720032,0.46041029691696167,0.21482853591442108,0.09378957003355026,0.9996176958084106,0.5256632566452026,0.25521376729011536,-0.07266996055841446,0.9997718930244446,0.48934605717658997,0.2550739645957947,-0.05220283940434456,0.9997743964195251,0.6311795115470886,0.25781795382499695,0.1333082914352417,0.9999676942825317,0.40016084909439087,0.2571331262588501,0.23485568165779114,0.9999709129333496,0.6414088010787964,0.3748065233230591,0.06341705471277237,0.962519645690918,0.3774662911891937,0.37819260358810425,0.0348052941262722,0.9736680388450623,0.4634040594100952,0.33243459463119507,0.07823777943849564,0.9160481095314026,0.5671060085296631,0.35126230120658875,-0.13715620338916779,0.9104659557342529,0.4258556365966797,0.3244064450263977,0.060964975506067276,0.7967743873596191,0.610221803188324,0.34623774886131287,-0.17643719911575317,0.7598762512207031,0.42792898416519165,0.31458327174186707,0.10821111500263214,0.7763466238975525,0.6122574806213379,0.33280473947525024,-0.12431938946247101,0.7225066423416138,0.4412471652030945,0.3155493140220642,0.10427896678447723,0.728454053401947,0.6007858514785767,0.333677738904953,-0.11620043218135834,0.6604492664337158,0.583395779132843,0.504477322101593,-0.02427111566066742,0.9998169541358948,0.4404967427253723,0.5051552057266235,0.02455032989382744,0.9997419714927673,0.6286128759384155,0.6945523023605347,-0.09473446011543274,0.9935210347175598,0.39796748757362366,0.6966214179992676,-0.027790788561105728,0.9965320825576782,0.6844592094421387,0.8706246018409729,0.174899622797966,0.9904829263687134,0.35263216495513916,0.8698413968086243,0.22422035038471222,0.9935117363929749,0.6733665466308594,0.8915418982505798,0.18894770741462708,0.8687760829925537,0.35789579153060913,0.8890058994293213,0.23712792992591858,0.8871250152587891,0.7016761302947998,0.9353013038635254,-0.10565291345119476,0.9837837815284729,0.3259007930755615,0.9339331388473511,-0.04018299654126167,0.987103283405304
angry_v2_2.png,angry,0.5059785842895508,0.2382553219795227,-0.12682902812957764,0.9998176693916321,0.523236095905304,0.21979588270187378,-0.13255585730075836,0.9995561242103577,0.5350605845451355,0.2176400125026703,-0.13249580562114716,0.9994865655899048,0.5451955199241638,0.2155599445104599,-0.13244307041168213,0.9994484782218933,0.4894857406616211,0.22173164784908295,-0.11779709160327911,0.9994910955429077,0.47873935103416443,0.22090737521648407,-0.11769121885299683,0.999337375164032,0.4690651297569275,0.21987910568714142,-0.11750351637601852,0.9994240999221802,0.5636777877807617,0.20709925889968872,0.03788359463214874,0.9996016621589661,0.46061673760414124,0.2151721715927124,0.11078938096761703,0.9994159936904907,0.5278844237327576,0.25145766139030457,-0.03860928863286972,0.9997096657752991,0.490305632352829,0.25224775075912476,-0.0188139658421278,0.9996981620788574,0.6338014602661133,0.24863220751285553,0.1540469378232956,0.9999827146530151,0.4022924304008484,0.24830269813537598,0.2599611282348633,0.9999758005142212,0.6459928750991821,0.37275558710098267,0.05742933973670006,0.9645826816558838,0.3768903613090515,0.37338948249816895,0.03964401036500931,0.9631388187408447,0.46794620156288147,0.3362107574939728,0.002736984519287944,0.9279248714447021,0.5679997801780701,0.340827077627182,-0.1823969930410385,0.9097245931625366,0.42838409543037415,0.3275553286075592,-0.025663023814558983,0.8275645971298218,0.6092225313186646,0.33822518587112427,-0.22892926633358002,0.7729275226593018,0.4321058988571167,0.3154947757720947,0.029713232070207596,0.8102742433547974,0.6125413179397583,0.3265259861946106,-0.17058731615543365,0.7384667992591858,0.4445066750049591,0.3160446882247925,0.03027123399078846,0.7625821232795715,0.601723313331604,0.32640281319618225,-0.16010881960391998,0.6764529943466187,0.5825949907302856,0.5004059672355652,-0.028267711400985718,0.9998618364334106,0.4448024034500122,0.5003102421760559,0.028556348755955696,0.9997661709785461,0.6332272887229919,0.698268711566925,-0.09280293434858322,0.9953623414039612,0.3962113857269287,0.7001074552536011,-0.013194800354540348,0.9968749284744263,0.685600757598877,0.8720000982284546,0.1977490335702896,0.9920194745063782,0.34988588094711304,0.8658629655838013,0.2677089273929596,0.9933257102966309,0.6742302775382996,0.8904755115509033,0.21416330337524414,0.8680652976036072,0.3584687113761902,0.8837624192237854,0.2851661741733551,0.8917173743247986,0.7047979831695557,0.9384545683860779,-0.07576629519462585,0.9844120144844055,0.32157424092292786,0.9338819980621338,0.022898759692907333,0.9869458079338074
angry_v2_3.png,angry,0.5090707540512085,0.23779210448265076,-0.13105428218841553,0.9998087286949158,0.5276185274124146,0.21934792399406433,-0.13354529440402985,0.9995717406272888,0.5390517711639404,0.2180701345205307,-0.13349881768226624,0.9994970560073853,0.5472767353057861,0.21689632534980774,-0.13346518576145172,0.9994755387306213,0.49254757165908813,0.21869313716888428,-0.12218354642391205,0.9995162487030029,0.48003607988357544,0.21737679839134216,-0.12207919359207153,0.999354898929596,0.4687449336051941,0.21588711440563202,-0.12185581773519516,0.9994441866874695,0.5665937662124634,0.2091042697429657,0.04773140326142311,0.9996212720870972,0.45779547095298767,0.21053443849086761,0.10458146780729294,0.9994404911994934,0.5290724635124207,0.2530248165130615,-0.03922677040100098,0.9996788501739502,0.489283949136734,0.2513980567455292,-0.02412315271794796,0.9996802806854248,0.6317195892333984,0.24927516281604767,0.16073332726955414,0.9999760389328003,0.39168351888656616,0.24727249145507812,0.2615452706813812,0.9999699592590332,0.6370002031326294,0.3710010051727295,0.08022839576005936,0.9551580548286438,0.37712007761001587,0.3759188950061798,0.05606265738606453,0.9648551344871521,0.4619978964328766,0.33054089546203613,0.058480385690927505,0.901749849319458,0.5612346529960632,0.33928999304771423,-0.1330460011959076,0.8985816836357117,0.42182475328445435,0.3211466372013092,0.035596273839473724,0.7776542901992798,0.6073219776153564,0.33719056844711304,-0.17414547502994537,0.7425757646560669,0.42352646589279175,0.3116479516029358,0.08686897158622742,0.7563111186027527,0.6100308299064636,0.324601411819458,-0.12057621777057648,0.7070513963699341,0.43757784366607666,0.31332680583000183,0.08497889339923859,0.7068290710449219,0.5972952842712402,0.3240029215812683,-0.11197460442781448,0.6431511044502258,0.5827205777168274,0.49702611565589905,-0.027743728831410408,0.9998430013656616,0.44281142950057983,0.49806106090545654,0.028142016381025314,0.9997420907020569,0.631554126739502,0.6951336860656738,-0.106607586145401,0.993851900100708,0.39559993147850037,0.695432722568512,-0.03235689178109169,0.9961040019989014,0.6849911212921143,0.8693864941596985,0.17834118008613586,0.990282416343689,0.3493260145187378,0.8673421144485474,0.24185359477996826,0.9928702712059021,0.6755056381225586,0.8876585960388184,0.19339092075824738,0.8583289980888367,0.3568899631500244,0.8868920207023621,0.2563646733760834,0.8919690847396851,0.7058929204940796,0.9347169399261475,-0.09979986399412155,0.982450544834137,0.31963497400283813,0.9298574924468994,-0.01651705801486969,0.9861710667610168
angry_v2_4.png,angry,0.5081518888473511,0.24061307311058044,-0.13107916712760925,0.9997264742851257,0.5262473821640015,0.22203588485717773,-0.1317383050918579,0.9993901252746582,0.5376319885253906,0.22063149511814117,-0.13171085715293884,0.999300479888916,0.5463040471076965,0.21890026330947876,-0.13169702887535095,0.999277651309967,0.492331326007843,0.221665158867836,-0.1210375502705574,0.9992903470993042,0.47986406087875366,0.22006556391716003,-0.12092957645654678,0.9990563988685608,0.46920111775398254,0.21855509281158447,-0.12069932371377945,0.9991838335990906,0.56395423412323,0.21151959896087646,0.05609448626637459,0.9994410872459412,0.4571966826915741,0.21350666880607605,0.11058662086725235,0.9991639852523804,0.5286778211593628,0.25463956594467163,-0.03699662163853645,0.9995211362838745,0.4897778332233429,0.25328996777534485,-0.022548850625753403,0.9995200634002686,0.6284425854682922,0.2513284683227539,0.17869523167610168,0.9999727010726929,0.3941783905029297,0.2540091276168823,0.2646627724170685,0.9999557733535767,0.6446961164474487,0.3729991614818573,0.07236143201589584,0.9573429822921753,0.3745889663696289,0.37535741925239563,0.058266203850507736,0.9642733335494995,0.4697135388851166,0.33523833751678467,0.010117572732269764,0.9030018448829651,0.5626282095909119,0.34014472365379333,-0.11903730034828186,0.8889039754867554,0.4284992218017578,0.33066409826278687,-0.017434583976864815,0.7800705432891846,0.6076385974884033,0.33422401547431946,-0.15899443626403809,0.7185571193695068,0.4295276701450348,0.3181754946708679,0.03699366748332977,0.7576194405555725,0.6097406148910522,0.3222147822380066,-0.10321638733148575,0.6796960234642029,0.4423238933086395,0.3182135224342346,0.036655038595199585,0.7044833302497864,0.5969970226287842,0.3236743211746216,-0.0965251699090004,0.6129822134971619,0.5825986862182617,0.49887099862098694,-0.027249455451965332,0.999782383441925,0.4445295035839081,0.5003787875175476,0.02768535725772381,0.9996116757392883,0.6297588348388672,0.6914290189743042,-0.0962144061923027,0.9935519695281982,0.39807403087615967,0.6965650320053101,-0.031283698976039886,0.9959322810173035,0.6834765076637268,0.8695318698883057,0.1650824397802353,0.9899048209190369,0.3523399233818054,0.8710547089576721,0.2195305973291397,0.9921051263809204,0.6712519526481628,0.8890394568443298,0.17769134044647217,0.8536789417266846,0.3627181649208069,0.8903214931488037,0.23210842907428741,0.8849143981933594,0.7017011642456055,0.9346782565116882,-0.11850980669260025,0.9805647730827332,0.32205960154533386,0.9303961396217346,-0.042355187237262726,0.9841852188110352
angry_v3_1.png,angry,0.5153918266296387,0.24218988418579102,-0.3085774779319763,0.9999892711639404,0.5345430970191956,0.22420388460159302,-0.29116061329841614,0.9999749660491943,0.5451954007148743,0.22285258769989014,-0.29109007120132446,0.9999709129333496,0.5546090006828308,0.22124597430229187,-0.29120874404907227,0.9999724626541138,0.49527812004089355,0.2229481190443039,-0.2958146035671234,0.9999560117721558,0.4805185794830322,0.22108536958694458,-0.29587313532829285,0.9999492168426514,0.469100683927536,0.21941861510276794,-0.2956969439983368,0.9999430179595947,0.5698611736297607,0.2148154079914093,-0.03771815076470375,0.9999725818634033,0.45669350028038025,0.2148313820362091,-0.07288430631160736,0.9999328851699829,0.5378245115280151,0.2578403353691101,-0.19898958504199982,0.9999831914901733,0.49644899368286133,0.2541615962982178,-0.21008895337581635,0.9999657869338989,0.6224023699760437,0.27357617020606995,0.185147225856781,0.9999896287918091,0.4080018103122711,0.25911271572113037,0.1093820258975029,0.999894380569458,0.6559600234031677,0.371881365776062,0.4444950520992279,0.968765139579773,0.38091450929641724,0.23917894065380096,-0.007543881423771381,0.8634021282196045,0.6954542398452759,0.4879509508609772,0.5565815567970276,0.9625892043113708,0.3783162236213684,0.26588523387908936,-0.27493715286254883,0.6915440559387207,0.6995283365249634,0.5184259414672852,0.5728038549423218,0.9192581176757812,0.37935641407966614,0.27751317620277405,-0.32348886132240295,0.612709641456604,0.6881255507469177,0.5180996060371399,0.5010493993759155,0.927606463432312,0.4084946811199188,0.28069841861724854,-0.329452246427536,0.620241105556488,0.6803436875343323,0.5107293128967285,0.5355724692344666,0.9091836214065552,0.4157981872558594,0.28312134742736816,-0.28769999742507935,0.6251899003982544,0.5846154093742371,0.5055415034294128,0.005335673689842224,0.9997683167457581,0.44474607706069946,0.5028492212295532,-0.00578729622066021,0.9995675683021545,0.6352724432945251,0.696900486946106,-0.04470834881067276,0.9983142614364624,0.3965689539909363,0.7001065015792847,-0.1288175880908966,0.9950810670852661,0.6829612255096436,0.8703314065933228,0.19856248795986176,0.9971221089363098,0.35368743538856506,0.8706129193305969,0.11941473931074142,0.9956014156341553,0.667100727558136,0.8920937776565552,0.20780612528324127,0.9278648495674133,0.36092278361320496,0.8881791234016418,0.12876860797405243,0.8993691802024841,0.7061803936958313,0.934786856174469,-0.08129211515188217,0.9927951693534851,0.3258247375488281,0.9334231019020081,-0.16504353284835815,0.9907684922218323
angry_v3_2.png,angry,0.5138410925865173,0.23740974068641663,-0.6077211499214172,0.9999943971633911,0.535554051399231,0.21684113144874573,-0.5893658399581909,0.9999840259552002,0.5472903251647949,0.21551738679409027,-0.5892031788825989,0.9999812841415405,0.5568185448646545,0.21462899446487427,-0.589169979095459,0.9999791383743286,0.49354976415634155,0.21763084828853607,-0.58218914270401,0.999980092048645,0.4794687032699585,0.21701116859912872,-0.5822463631629944,0.9999793767929077,0.4687644839286804,0.21596413850784302,-0.5821564197540283,0.9999703168869019,0.5741640329360962,0.2128985971212387,-0.3077171742916107,0.9999816417694092,0.45825400948524475,0.21479010581970215,-0.2859361469745636,0.9999356269836426,0.5399031639099121,0.2543204426765442,-0.4870576560497284,0.999984622001648,0.4937286078929901,0.2519538402557373,-0.4821789264678955,0.9999643564224243,0.6333248019218445,0.28737422823905945,-0.0396449938416481,0.9999773502349854,0.41104763746261597,0.2686055302619934,-0.13581335544586182,0.9998815059661865,0.6697964072227478,0.3910486400127411,0.22027075290679932,0.9696500301361084,0.3613665699958801,0.28651857376098633,-0.6727573871612549,0.8721185326576233,0.7034014463424683,0.504384458065033,0.2953612506389618,0.9795631766319275,0.361319363117218,0.2874177098274231,-1.5181355476379395,0.8999221324920654,0.7058283090591431,0.5349462628364563,0.32054755091667175,0.9559905529022217,0.3629447817802429,0.287680447101593,-1.6450395584106445,0.8789848685264587,0.6931138038635254,0.5331438183784485,0.24400418996810913,0.9595327973365784,0.3884395360946655,0.28763526678085327,-1.6509696245193481,0.881277322769165,0.6867225170135498,0.5262320637702942,0.2773090600967407,0.9447767734527588,0.3967112600803375,0.2911680340766907,-1.5430909395217896,0.8617667555809021,0.5859329700469971,0.5106198191642761,0.021723942831158638,0.9996675252914429,0.4424777030944824,0.5075884461402893,-0.022483740001916885,0.9995552897453308,0.6348827481269836,0.6980525255203247,0.04099976271390915,0.9967519044876099,0.3963913321495056,0.7007582187652588,-0.0582277774810791,0.9923876523971558,0.6821077466011047,0.8718202114105225,0.28730326890945435,0.995438277721405,0.3496192395687103,0.8707799911499023,0.18806298077106476,0.992371678352356,0.6685137748718262,0.8926751017570496,0.29280486702919006,0.8950486183166504,0.35750532150268555,0.8890684247016907,0.1979234367609024,0.8656706809997559,0.7089386582374573,0.9343043565750122,-0.02947511151432991,0.9884080290794373,0.3254786729812622,0.9318517446517944,-0.11573532968759537,0.9851288795471191
angry_v3_3.png,angry,0.509922444820404,0.237961083650589,-0.5526316165924072,0.9999961853027344,0.5301666259765625,0.21824757754802704,-0.5351192951202393,0.9999921321868896,0.5436089038848877,0.2170935720205307,-0.53497314453125,0.9999879598617554,0.5541813969612122,0.2154255360364914,-0.5350714325904846,0.9999885559082031,0.4872046411037445,0.21833041310310364,-0.5316594839096069,0.9999935626983643,0.4750896692276001,0.21796636283397675,-0.5316748023033142,0.9999923706054688,0.4653107225894928,0.21749702095985413,-0.5316839814186096,0.999992847442627,0.5742113590240479,0.21115878224372864,-0.2774822413921356,0.9999899864196777,0.4543461799621582,0.21633797883987427,-0.2672242522239685,0.9999946355819702,0.536592423915863,0.2556866705417633,-0.44143912196159363,0.9999948740005493,0.49223875999450684,0.2547392249107361,-0.4398067891597748,0.9999953508377075,0.6310860514640808,0.2731817960739136,-0.0806184783577919,0.999972939491272,0.40359920263290405,0.2769307494163513,-0.19866086542606354,0.9999746084213257,0.8018492460250854,0.26155194640159607,-0.40857166051864624,0.9972924590110779,0.35473600029945374,0.2901737689971924,-0.798133134841919,0.9799597263336182,0.7664400339126587,0.14789700508117676,-0.7103739976882935,0.995617151260376,0.3559414744377136,0.28828126192092896,-1.4705647230148315,0.9696286916732788,0.7556908130645752,0.12361114472150803,-0.7743772268295288,0.9805147051811218,0.35496318340301514,0.29030874371528625,-1.5873531103134155,0.9315705895423889,0.7378405332565308,0.11992570757865906,-0.7335930466651917,0.9782533049583435,0.3843504786491394,0.29011985659599304,-1.5521762371063232,0.9270627498626709,0.735228955745697,0.12832030653953552,-0.7029035687446594,0.9705876111984253,0.3958376348018646,0.2934391498565674,-1.474586844444275,0.9120243787765503,0.5880554914474487,0.5143206715583801,0.022315090522170067,0.9998162388801575,0.44118258357048035,0.5123810768127441,-0.022813860327005386,0.99977046251297,0.6333260536193848,0.69923335313797,-0.03546442836523056,0.994821310043335,0.39536014199256897,0.7020657062530518,-0.044786278158426285,0.9909918308258057,0.6843862533569336,0.8721025586128235,0.18453733623027802,0.9888917803764343,0.3529661297798157,0.8684421181678772,0.17311345040798187,0.9898467659950256,0.6723361015319824,0.89300537109375,0.1920132339000702,0.8492380380630493,0.3617076873779297,0.8863676190376282,0.18103882670402527,0.8373889923095703,0.7047156095504761,0.9364675879478455,-0.1055903434753418,0.9814152121543884,0.32438865303993225,0.9341930747032166,-0.10944968461990356,0.9800410270690918
angry_v3_4.png,angry,0.5142439603805542,0.2384893149137497,-0.49149614572525024,0.999985933303833,0.536098062992096,0.21879437565803528,-0.47826942801475525,0.9999539852142334,0.5476542711257935,0.2179180085659027,-0.4781213104724884,0.999947190284729,0.5565732717514038,0.21691299974918365,-0.4781237244606018,0.9999483823776245,0.49437063932418823,0.21872898936271667,-0.4733354151248932,0.9999476671218872,0.4802270233631134,0.21747644245624542,-0.4733986258506775,0.999948263168335,0.46986550092697144,0.2164507955312729,-0.4733750522136688,0.9999382495880127,0.5737264752388,0.2151162177324295,-0.2317371815443039,0.9999439716339111,0.45902371406555176,0.21502834558486938,-0.21658606827259064,0.9998421669006348,0.5390987992286682,0.25479206442832947,-0.3828161954879761,0.9999493360519409,0.4945198595523834,0.25309082865715027,-0.38027679920196533,0.9998992681503296,0.6315186023712158,0.2850542664527893,-0.001308754668571055,0.9999682903289795,0.4091784954071045,0.2706286907196045,-0.09392917156219482,0.9998815059661865,0.6714105606079102,0.38527002930641174,0.21441960334777832,0.9660372734069824,0.3621992766857147,0.2937507629394531,-0.5994303822517395,0.9018225073814392,0.7055573463439941,0.4892970621585846,0.26886609196662903,0.9796769022941589,0.3654502332210541,0.2926189601421356,-1.3839282989501953,0.9457021355628967,0.7125572562217712,0.5225152969360352,0.29569363594055176,0.957181990146637,0.3644126057624817,0.28737673163414,-1.5053889751434326,0.9279008507728577,0.6994049549102783,0.5218567848205566,0.22345668077468872,0.960331916809082,0.38690653443336487,0.28529566526412964,-1.5053131580352783,0.9298005104064941,0.6899402737617493,0.5122314095497131,0.2511972188949585,0.9469221234321594,0.39482781291007996,0.29024559259414673,-1.404759407043457,0.9122353792190552,0.5892390012741089,0.5063408017158508,0.014755510725080967,0.9995784163475037,0.44615158438682556,0.5031603574752808,-0.01554508600383997,0.9994884729385376,0.6331719160079956,0.6907196640968323,-0.007942919619381428,0.9963521957397461,0.4021700322628021,0.6899141073226929,-0.09557530283927917,0.9913654327392578,0.6802594065666199,0.8653281331062317,0.20241764187812805,0.9937445521354675,0.3506414592266083,0.8683837652206421,0.0974406972527504,0.9914729595184326,0.6695515513420105,0.88663250207901,0.20526793599128723,0.8107426762580872,0.35713115334510803,0.8858594298362732,0.10298824310302734,0.8255517482757568,0.7057029604911804,0.9329730868339539,-0.1224002093076706,0.9862261414527893,0.3276263475418091,0.9328913688659668,-0.21235184371471405,0.9848061203956604
angry_v4_1.png,angry,0.5223991274833679,0.2424038052558899,-1.243687629699707,0.999980092048645,0.5381650328636169,0.22178080677986145,-1.2348721027374268,0.9999407529830933,0.5477653741836548,0.2202635407447815,-1.2345575094223022,0.9999386072158813,0.5567216873168945,0.2188248485326767,-1.2346458435058594,0.9999382495880127,0.5004100203514099,0.22280053794384003,-1.236159324645996,0.9999531507492065,0.48568567633628845,0.22181807458400726,-1.2363559007644653,0.9999537467956543,0.4740024507045746,0.2210680991411209,-1.236136794090271,0.9999547004699707,0.5717206001281738,0.21388092637062073,-0.9509125351905823,0.999921441078186,0.4611251950263977,0.21875277161598206,-0.9585617184638977,0.9999492168426514,0.5409799218177795,0.2572593092918396,-1.1155519485473633,0.9999759197235107,0.5013307929039001,0.25822168588638306,-1.1184333562850952,0.9999793767929077,0.6379609704017639,0.27800875902175903,-0.5953609347343445,0.9999933242797852,0.38517093658447266,0.28201955556869507,-0.5667144060134888,0.9999593496322632,0.7972652912139893,0.35320109128952026,-0.33749979734420776,0.9987623691558838,0.22779034078121185,0.35787105560302734,-0.3132293224334717,0.9928827285766602,0.6765103936195374,0.44391193985939026,-0.37500855326652527,0.9902376532554626,0.354304701089859,0.44291430711746216,-0.3168683648109436,0.9367026686668396,0.6431329250335693,0.4653380811214447,-0.4114849269390106,0.9557509422302246,0.3847879469394684,0.46052807569503784,-0.3398281931877136,0.8310222029685974,0.6299293041229248,0.45681464672088623,-0.43969109654426575,0.9557339549064636,0.3976595997810364,0.45201677083969116,-0.3664962351322174,0.8284101486206055,0.6350717544555664,0.4502580463886261,-0.3764820992946625,0.9387309551239014,0.3920687139034271,0.4455651044845581,-0.31814152002334595,0.7923458218574524,0.5816504955291748,0.5035550594329834,-0.005444603972136974,0.9990911483764648,0.4410819113254547,0.5034806132316589,0.005090686492621899,0.9988622665405273,0.629706859588623,0.6915125250816345,-0.01310474518686533,0.9958969354629517,0.3976144790649414,0.6982500553131104,0.003983951173722744,0.9954560995101929,0.6815605759620667,0.8695888519287109,0.22912640869617462,0.9972212314605713,0.3538341224193573,0.871944785118103,0.26749250292778015,0.9959017634391785,0.6703585386276245,0.887624979019165,0.2355562150478363,0.9321253299713135,0.35735949873924255,0.8901787996292114,0.27794671058654785,0.9067891836166382,0.7044296264648438,0.9370039105415344,-0.10550456494092941,0.9930269122123718,0.32318687438964844,0.9371247291564941,-0.051448918879032135,0.990160346031189
angry_v4_2.png,angry,0.5122386813163757,0.2406543791294098,-1.4773324728012085,0.999996542930603,0.533083438873291,0.2200917899608612,-1.4556806087493896,0.9999909400939941,0.5454341173171997,0.2188713252544403,-1.4553203582763672,0.9999892711639404,0.554947555065155,0.2180628925561905,-1.455397367477417,0.9999873638153076,0.4908062219619751,0.22246244549751282,-1.4556760787963867,0.9999940395355225,0.47754186391830444,0.22281989455223083,-1.455981731414795,0.9999945163726807,0.46768707036972046,0.22281791269779205,-1.4557956457138062,0.9999948740005493,0.5744225978851318,0.21638289093971252,-1.1126437187194824,0.9999831914901733,0.45799770951271057,0.2215820550918579,-1.1195220947265625,0.9999948740005493,0.5363955497741699,0.2575547397136688,-1.3306207656860352,0.999993085861206,0.48881444334983826,0.25809967517852783,-1.333188772201538,0.9999953508377075,0.6355671882629395,0.2890355587005615,-0.6765851378440857,0.9999890327453613,0.38762521743774414,0.29044267535209656,-0.6804246306419373,0.9999761581420898,0.7900980710983276,0.34776294231414795,-0.30343547463417053,0.9974785447120667,0.23477831482887268,0.3513394594192505,-0.36801478266716003,0.9911252856254578,0.6628667712211609,0.43656814098358154,-0.23480594158172607,0.9731419086456299,0.363827645778656,0.43505579233169556,-0.30590587854385376,0.9062336683273315,0.6277241110801697,0.45527181029319763,-0.2517452836036682,0.8890396356582642,0.3964425027370453,0.4548587203025818,-0.31826654076576233,0.7623561024665833,0.6175110936164856,0.4462793469429016,-0.2881406247615814,0.8889278173446655,0.40983450412750244,0.444864958524704,-0.35236406326293945,0.7533679008483887,0.623744010925293,0.4398074150085449,-0.2372264266014099,0.851555347442627,0.40313294529914856,0.4376099407672882,-0.30673885345458984,0.7018725275993347,0.5873874425888062,0.5026111602783203,-0.0004250600468367338,0.9993322491645813,0.44250205159187317,0.5063325762748718,0.0002997735282406211,0.999160647392273,0.6281958222389221,0.6895410418510437,0.0009769494645297527,0.9960933327674866,0.3989422917366028,0.6972026824951172,-0.006610688753426075,0.9956217408180237,0.6803275346755981,0.8705095648765564,0.27978143095970154,0.9977311491966248,0.34642350673675537,0.8745802640914917,0.27702900767326355,0.9965468049049377,0.6697489023208618,0.88812255859375,0.2873460054397583,0.9478282332420349,0.35309743881225586,0.8945077061653137,0.2864912748336792,0.918758749961853,0.707256555557251,0.9370442628860474,-0.08061438053846359,0.9945161938667297,0.3233734965324402,0.9370054602622986,-0.07656170427799225,0.9916804432868958
angry_v4_3.png,angry,0.5171805024147034,0.24474242329597473,-1.3481242656707764,0.9999899864196777,0.5388579964637756,0.2227368950843811,-1.3344618082046509,0.9999691247940063,0.5496047735214233,0.22147434949874878,-1.3341090679168701,0.999966025352478,0.5587447881698608,0.2205677330493927,-1.3341721296310425,0.9999619722366333,0.4969679117202759,0.22409796714782715,-1.3358900547027588,0.9999780654907227,0.4824599623680115,0.22345134615898132,-1.3361468315124512,0.9999802112579346,0.4717077910900116,0.22216376662254333,-1.3359487056732178,0.9999809265136719,0.5760412216186523,0.21823403239250183,-1.0274806022644043,0.9999513626098633,0.4615840017795563,0.22029736638069153,-1.0394225120544434,0.9999799728393555,0.5395706295967102,0.26021599769592285,-1.2128417491912842,0.9999836683273315,0.49372023344039917,0.26064062118530273,-1.2169780731201172,0.9999881982803345,0.6367546319961548,0.28285905718803406,-0.634402334690094,0.9999897480010986,0.3848223388195038,0.2846287190914154,-0.6231390237808228,0.9999659061431885,0.7944726943969727,0.35004645586013794,-0.29401567578315735,0.9980142116546631,0.22922609746456146,0.35388192534446716,-0.32948628067970276,0.9922279715538025,0.6624618768692017,0.4361492991447449,-0.24732644855976105,0.9827733039855957,0.36411285400390625,0.4348514974117279,-0.28745439648628235,0.9323187470436096,0.6284642815589905,0.45747533440589905,-0.26815852522850037,0.9263939261436462,0.3949991762638092,0.4519746005535126,-0.3031501770019531,0.8205066919326782,0.6161893010139465,0.44926002621650696,-0.2990269958972931,0.9260164499282837,0.40830346941947937,0.4425557851791382,-0.3301784098148346,0.8150166869163513,0.6219473481178284,0.44244837760925293,-0.2477000206708908,0.900248110294342,0.402013897895813,0.4357846975326538,-0.2865496873855591,0.7728875875473022,0.5836113095283508,0.5015513300895691,-0.004567581228911877,0.9990730285644531,0.44099369645118713,0.5030549764633179,0.004294648300856352,0.9988356232643127,0.631514310836792,0.6913517713546753,0.017178144305944443,0.9958447813987732,0.3988260328769684,0.6947764158248901,0.011109369806945324,0.9950864911079407,0.6842119097709656,0.8685897588729858,0.284020334482193,0.9973064661026001,0.3545241951942444,0.8701033592224121,0.28696712851524353,0.9959931373596191,0.6720091104507446,0.8860114216804504,0.2918905019760132,0.9349896311759949,0.35920190811157227,0.8871963024139404,0.29768267273902893,0.9126101136207581,0.703509509563446,0.9357995986938477,-0.058845359832048416,0.993313729763031,0.32181793451309204,0.9381200075149536,-0.047573987394571304,0.9904215335845947
angry_v4_4.png,angry,0.5204707384109497,0.24670448899269104,-1.7054475545883179,0.9999974966049194,0.5421220064163208,0.22549211978912354,-1.6839401721954346,0.9999938011169434,0.552410900592804,0.2247564047574997,-1.6835358142852783,0.9999923706054688,0.563723623752594,0.2238745093345642,-1.6836259365081787,0.9999904632568359,0.4989871680736542,0.2254401296377182,-1.685978651046753,0.9999961853027344,0.48320692777633667,0.22428801655769348,-1.6863722801208496,0.999996542930603,0.4712846875190735,0.223012775182724,-1.6862181425094604,0.9999967813491821,0.5818387866020203,0.22216415405273438,-1.3237583637237549,0.9999876022338867,0.4578419625759125,0.22212661802768707,-1.340822458267212,0.9999971389770508,0.543106198310852,0.2632979154586792,-1.5507159233093262,0.9999949932098389,0.49496158957481384,0.26280349493026733,-1.5563299655914307,0.9999970197677612,0.6433226466178894,0.286915123462677,-0.840471088886261,0.9999923706054688,0.3781086802482605,0.28709155321121216,-0.8672652840614319,0.9999829530715942,0.814926266670227,0.3496156930923462,-0.47492045164108276,0.998603880405426,0.21171435713768005,0.3546687960624695,-0.5436100363731384,0.9944082498550415,0.6755876541137695,0.430298775434494,-0.4098053276538849,0.986350953578949,0.3641974925994873,0.43569415807724,-0.43544119596481323,0.945591926574707,0.6364571452140808,0.44800880551338196,-0.428026020526886,0.9374211430549622,0.3977605700492859,0.4513343274593353,-0.4457056224346161,0.8330454230308533,0.6245388984680176,0.4369548261165619,-0.4558658003807068,0.9362770318984985,0.4113318920135498,0.4411044418811798,-0.47222939133644104,0.8232674598693848,0.6317214965820312,0.4305332899093628,-0.40760481357574463,0.9094589352607727,0.4043238162994385,0.4343712627887726,-0.43087610602378845,0.7823469638824463,0.5874602198600769,0.49614647030830383,-0.001600200543180108,0.9993999004364014,0.43789762258529663,0.49919354915618896,0.0015245151007547975,0.9992055296897888,0.62998366355896,0.6915291547775269,0.03616021201014519,0.9963906407356262,0.40079477429389954,0.6915842890739441,-0.018015313893556595,0.9952751398086548,0.6826141476631165,0.8680795431137085,0.36969026923179626,0.9979447722434998,0.3519769012928009,0.8718562126159668,0.3227687180042267,0.996752917766571,0.6706920862197876,0.8853054046630859,0.38149315118789673,0.9525386691093445,0.35812127590179443,0.8905919790267944,0.33692264556884766,0.9300787448883057,0.7056159377098083,0.9357547760009766,-0.00013889340334571898,0.9949865341186523,0.32243242859840393,0.9361951947212219,-0.04612714797258377,0.9920971393585205
angry_v5_1.png,angry,0.5153337121009827,0.24313154816627502,-1.5421710014343262,0.9999955892562866,0.5373318791389465,0.2211073935031891,-1.531708836555481,0.9999819993972778,0.5485615730285645,0.2198735475540161,-1.5314172506332397,0.9999819993972778,0.5568370819091797,0.21902544796466827,-1.5314226150512695,0.9999778270721436,0.49800434708595276,0.22087034583091736,-1.5334802865982056,0.9999805688858032,0.4833463728427887,0.21943813562393188,-1.5337110757827759,0.9999815225601196,0.47026312351226807,0.2182074636220932,-1.5334863662719727,0.9999786615371704,0.5729628801345825,0.21370506286621094,-1.1903542280197144,0.9999659061431885,0.4569796919822693,0.21385939419269562,-1.1991052627563477,0.9999749660491943,0.5372726917266846,0.2609795033931732,-1.3908429145812988,0.9999902248382568,0.49277210235595703,0.2599080801010132,-1.3938437700271606,0.9999905824661255,0.6438942551612854,0.2822893261909485,-0.7405276298522949,0.999995231628418,0.38838252425193787,0.28067201375961304,-0.7291463017463684,0.9999908208847046,0.696191668510437,0.3921327292919159,-0.3670729696750641,0.9960397481918335,0.3366914987564087,0.3906373977661133,-0.3153207004070282,0.9963830709457397,0.7355941534042358,0.4967672526836395,-0.49957096576690674,0.9923849105834961,0.2975583076477051,0.49300384521484375,-0.32399624586105347,0.9923045039176941,0.7456232309341431,0.526770830154419,-0.5423207879066467,0.9765447378158569,0.2810077667236328,0.5223292708396912,-0.34864887595176697,0.978725790977478,0.7349075078964233,0.5253476500511169,-0.6524853706359863,0.9788049459457397,0.29428595304489136,0.5204190611839294,-0.45391058921813965,0.980661153793335,0.7256375551223755,0.5166849493980408,-0.5422017574310303,0.9747145771980286,0.30509278178215027,0.5127997398376465,-0.3620035946369171,0.9773156642913818,0.5906513333320618,0.5090470314025879,0.002005389193072915,0.999828577041626,0.4449024200439453,0.5037184953689575,-0.002306924434378743,0.9997949004173279,0.6329812407493591,0.6961819529533386,0.003212906885892153,0.9972478747367859,0.4038435220718384,0.6939371824264526,-0.01592855341732502,0.9979034662246704,0.6843562722206116,0.8676934838294983,0.4365505874156952,0.9975157976150513,0.3591095805168152,0.8658642172813416,0.4182354211807251,0.9968882203102112,0.6704148054122925,0.8875880241394043,0.45849400758743286,0.9566035866737366,0.3684267997741699,0.8844448328018188,0.44144323468208313,0.9391835331916809,0.7092353105545044,0.9372816681861877,0.06334368884563446,0.9957128763198853,0.3258589506149292,0.9385293126106262,0.05314180254936218,0.9944705963134766
angry_v5_2.png,angry,0.5178698301315308,0.24076007306575775,-1.5857529640197754,0.9999990463256836,0.536166250705719,0.22064796090126038,-1.5709410905838013,0.9999988079071045,0.5475062131881714,0.21928253769874573,-1.5707241296768188,0.9999983310699463,0.5571134090423584,0.21763944625854492,-1.5711236000061035,0.9999984502792358,0.49573805928230286,0.22159159183502197,-1.567126750946045,0.9999986886978149,0.48206496238708496,0.22035525739192963,-1.5673574209213257,0.9999982118606567,0.4712466597557068,0.21934086084365845,-1.5672181844711304,0.9999988079071045,0.5738287568092346,0.21049273014068604,-1.232968807220459,0.9999978542327881,0.45714619755744934,0.21415044367313385,-1.2136915922164917,0.999998927116394,0.5412880778312683,0.2542930841445923,-1.4367516040802002,0.999998927116394,0.49522802233695984,0.2550245225429535,-1.432066798210144,0.9999991655349731,0.6409060955047607,0.26734697818756104,-0.8399639129638672,0.9999890327453613,0.38709765672683716,0.2704917788505554,-0.8506900072097778,0.9999860525131226,0.8098072409629822,0.32673192024230957,-1.2359048128128052,0.9993183612823486,0.22062374651432037,0.3328617811203003,-1.2209612131118774,0.9992664456367493,0.7922082543373108,0.21869751811027527,-1.8161144256591797,0.9945344924926758,0.23634940385818481,0.21954093873500824,-1.8111788034439087,0.9959074258804321,0.7842013239860535,0.1891627013683319,-1.9408037662506104,0.9659929871559143,0.2448638379573822,0.19164559245109558,-1.9383463859558105,0.9761832356452942,0.7685975432395935,0.18520322442054749,-1.9022191762924194,0.9624234437942505,0.26044660806655884,0.18724662065505981,-1.9074490070343018,0.9724225401878357,0.7665579319000244,0.19282588362693787,-1.8175160884857178,0.9458078145980835,0.2627619504928589,0.1949290931224823,-1.8142356872558594,0.9624585509300232,0.5862316489219666,0.5046223402023315,-0.0034788374323397875,0.9996898174285889,0.44302159547805786,0.5066124796867371,0.003090708749368787,0.9996703863143921,0.6325201988220215,0.6957322359085083,-0.10355351865291595,0.9951530694961548,0.3943935036659241,0.6967987418174744,-0.03840760886669159,0.9937765598297119,0.6806042790412903,0.8677678108215332,0.3185948133468628,0.9940013289451599,0.3516138195991516,0.8682606220245361,0.3729899525642395,0.9919590950012207,0.672278881072998,0.8876280784606934,0.3401494026184082,0.9091593623161316,0.3605828285217285,0.8899461627006531,0.39500728249549866,0.8810805678367615,0.706475555896759,0.9326265454292297,-0.04897819086909294,0.9878377914428711,0.32313215732574463,0.9336564540863037,0.01818208210170269,0.9834885001182556
angry_v5_3.png,angry,0.5145444869995117,0.23913411796092987,-1.4221978187561035,0.9999985694885254,0.5341328382492065,0.21720914542675018,-1.4131501913070679,0.9999982118606567,0.5461112260818481,0.2157375067472458,-1.4129562377929688,0.9999974966049194,0.5564649105072021,0.2143111377954483,-1.4133375883102417,0.999997615814209,0.49174726009368896,0.21819230914115906,-1.4071433544158936,0.9999979734420776,0.4783622622489929,0.2172389030456543,-1.407331109046936,0.9999973773956299,0.46901822090148926,0.21607714891433716,-1.4071874618530273,0.9999980926513672,0.5759202241897583,0.20721006393432617,-1.0998504161834717,0.9999970197677612,0.45517855882644653,0.20816202461719513,-1.0697041749954224,0.9999983310699463,0.5390405654907227,0.2536827623844147,-1.2808912992477417,0.9999984502792358,0.49198126792907715,0.25394511222839355,-1.2732077836990356,0.9999988079071045,0.6388473510742188,0.2648274600505829,-0.7236486673355103,0.9999871253967285,0.3896852135658264,0.2646731436252594,-0.725504994392395,0.9999842643737793,0.8072495460510254,0.32825255393981934,-1.0913785696029663,0.9990190267562866,0.22078314423561096,0.3305853605270386,-1.0496152639389038,0.9990239143371582,0.7914736270904541,0.21672621369361877,-1.6486870050430298,0.992283046245575,0.23940859735012054,0.21494901180267334,-1.5991617441177368,0.9945336580276489,0.7850559949874878,0.1881936490535736,-1.765552282333374,0.9550610780715942,0.24796301126480103,0.189127117395401,-1.7169736623764038,0.9691140055656433,0.7699568867683411,0.18273493647575378,-1.7267704010009766,0.9509958624839783,0.2626809775829315,0.1833813190460205,-1.686539888381958,0.9647762775421143,0.7670859098434448,0.1897447407245636,-1.649385929107666,0.9319949746131897,0.26493212580680847,0.19076988101005554,-1.6010491847991943,0.9533284902572632,0.5852091908454895,0.5057189464569092,-0.007834041491150856,0.9996758699417114,0.44344058632850647,0.5076625347137451,0.007453709375113249,0.9996500015258789,0.6309525370597839,0.6953643560409546,-0.08942496031522751,0.9952712655067444,0.39384254813194275,0.6993118524551392,-0.02029152400791645,0.9940749406814575,0.6808111667633057,0.8688658475875854,0.3338792026042938,0.9938619136810303,0.3490443825721741,0.8674479722976685,0.3858170211315155,0.9919036030769348,0.6729350686073303,0.8883118629455566,0.35728076100349426,0.9013240933418274,0.357734739780426,0.8888331651687622,0.4093590974807739,0.8797224760055542,0.7034246921539307,0.9318535923957825,-0.014250162057578564,0.9873086810112,0.32210099697113037,0.9328108429908752,0.04996725916862488,0.9837797284126282
angry_v5_4.png,angry,0.5196046829223633,0.24291956424713135,-1.5222673416137695,0.9999986886978149,0.5362118482589722,0.22151245176792145,-1.5154396295547485,0.9999983310699463,0.5474134087562561,0.21965742111206055,-1.5152475833892822,0.999997615814209,0.5567786693572998,0.21736326813697815,-1.5156406164169312,0.9999978542327881,0.49654319882392883,0.22275173664093018,-1.5122578144073486,0.9999980926513672,0.4825378358364105,0.22149568796157837,-1.5124748945236206,0.9999973773956299,0.47129368782043457,0.220157653093338,-1.5123488903045654,0.9999980926513672,0.5733832716941833,0.206756591796875,-1.190340518951416,0.9999970197677612,0.45487624406814575,0.21322385966777802,-1.1740599870681763,0.9999983310699463,0.5413839221000671,0.2564362585544586,-1.374536395072937,0.9999985694885254,0.49765390157699585,0.25721436738967896,-1.3708034753799438,0.9999988079071045,0.6405384540557861,0.2543180584907532,-0.7876200079917908,0.9999904632568359,0.3841104209423065,0.2597815990447998,-0.8051308393478394,0.9999873638153076,0.8069261312484741,0.3253174126148224,-1.157575249671936,0.9990704655647278,0.22187060117721558,0.3286835551261902,-1.134475827217102,0.9991029500961304,0.8037276864051819,0.21430319547653198,-1.7340281009674072,0.9941603541374207,0.22713702917099,0.2155759036540985,-1.6989785432815552,0.995564877986908,0.8021687865257263,0.184428870677948,-1.8538569211959839,0.9644690155982971,0.22984981536865234,0.18847030401229858,-1.8182578086853027,0.9746721982955933,0.7832015752792358,0.17871743440628052,-1.819205641746521,0.9619715213775635,0.24448609352111816,0.183454692363739,-1.7952218055725098,0.971601128578186,0.7785557508468628,0.1862695813179016,-1.737111210823059,0.9468041658401489,0.24881750345230103,0.18988123536109924,-1.704288363456726,0.9621106386184692,0.5836607813835144,0.5017755627632141,1.1662354154395871e-05,0.9997034668922424,0.44360318779945374,0.5043612122535706,-0.0002838343207258731,0.9996943473815918,0.632068932056427,0.6927226781845093,-0.06656447052955627,0.9943469166755676,0.39983898401260376,0.6934841275215149,-0.03247439116239548,0.9937028288841248,0.6791754961013794,0.8674834966659546,0.3246338963508606,0.9935774207115173,0.3496677279472351,0.8667812347412109,0.36751437187194824,0.9915480017662048,0.6707432270050049,0.8884506225585938,0.3437768518924713,0.9153374433517456,0.35748428106307983,0.8893663287162781,0.3892524838447571,0.87895667552948,0.7085434198379517,0.9314488172531128,-0.03271414339542389,0.9879498481750488,0.32214125990867615,0.9346861243247986,0.02153966948390007,0.9843107461929321
angry_v6_1.png,angry,0.5270189642906189,0.2430388480424881,-1.034508466720581,0.999993085861206,0.5447638034820557,0.22095248103141785,-1.0440871715545654,0.9999767541885376,0.554276168346405,0.21939650177955627,-1.0438588857650757,0.9999771118164062,0.5653648972511292,0.21734540164470673,-1.043877124786377,0.9999747276306152,0.5062927007675171,0.22089195251464844,-1.044446349143982,0.9999784231185913,0.49184271693229675,0.2198449820280075,-1.0444833040237427,0.9999760389328003,0.47847816348075867,0.21841999888420105,-1.044263243675232,0.9999738931655884,0.5805893540382385,0.20990876853466034,-0.8140564560890198,0.9999706745147705,0.4625001549720764,0.21333250403404236,-0.816638171672821,0.9999629259109497,0.5466681718826294,0.258922278881073,-0.9216405153274536,0.9999896287918091,0.5058199167251587,0.2591610550880432,-0.9221493601799011,0.9999910593032837,0.6488100290298462,0.2707662582397461,-0.5162506103515625,0.9999964237213135,0.38724052906036377,0.27167874574661255,-0.46044304966926575,0.9999929666519165,0.7231655120849609,0.3758402466773987,-0.28869372606277466,0.9957823753356934,0.3096560835838318,0.36864936351776123,-0.17206306755542755,0.9945769309997559,0.7539700865745544,0.47913071513175964,-0.4446500539779663,0.993701696395874,0.28036415576934814,0.4773400127887726,-0.19530315697193146,0.9858419299125671,0.7582690715789795,0.5112682580947876,-0.4956399202346802,0.9820073246955872,0.2710043787956238,0.5070938467979431,-0.21083609759807587,0.9663901925086975,0.7426707148551941,0.5089318752288818,-0.5733859539031982,0.9838531017303467,0.29067933559417725,0.5072466135025024,-0.2854638695716858,0.9709439277648926,0.7359038591384888,0.4994879961013794,-0.47510942816734314,0.9816749691963196,0.3008200228214264,0.49921220541000366,-0.2226051539182663,0.9691129922866821,0.5812124609947205,0.5035492777824402,-0.017219435423612595,0.9996179342269897,0.44173887372016907,0.4988703727722168,0.017035074532032013,0.9998902082443237,0.6375735998153687,0.6877030730247498,0.15236644446849823,0.9963898062705994,0.3957105875015259,0.6872736215591431,-0.04481099173426628,0.9978506565093994,0.6468372344970703,0.7935630083084106,0.6544072031974792,0.9943069815635681,0.359133243560791,0.8660547733306885,0.04507288709282875,0.9961394667625427,0.6302597522735596,0.8037134408950806,0.6949838399887085,0.8952333927154541,0.36631637811660767,0.8873220682144165,0.04047509282827377,0.8895829319953918,0.6723424792289734,0.8740409016609192,0.4862368404865265,0.9890368580818176,0.3287780284881592,0.9368464946746826,-0.24559380114078522,0.9909703731536865
angry_v6_2.png,angry,0.5195023417472839,0.24584031105041504,-0.8957647085189819,0.9999972581863403,0.5411048531532288,0.2229314148426056,-0.9110720157623291,0.9999902248382568,0.5514473915100098,0.22101786732673645,-0.9108114838600159,0.9999904632568359,0.5612632036209106,0.2193349450826645,-0.9107548594474792,0.9999895095825195,0.5017333626747131,0.22434857487678528,-0.909347414970398,0.9999914169311523,0.48732730746269226,0.2226460576057434,-0.9093785285949707,0.9999904632568359,0.4743625223636627,0.22100001573562622,-0.9091694355010986,0.9999892711639404,0.57818603515625,0.21193361282348633,-0.7254910469055176,0.9999860525131226,0.46051234006881714,0.2148028463125229,-0.7194647789001465,0.9999837875366211,0.5415194630622864,0.26113343238830566,-0.8015159368515015,0.9999953508377075,0.4995535910129547,0.2616197168827057,-0.7993823885917664,0.9999959468841553,0.6492266058921814,0.2729703187942505,-0.4773431718349457,0.9999973773956299,0.38674208521842957,0.27138060331344604,-0.41127029061317444,0.9999960660934448,0.7239875197410583,0.37869277596473694,-0.2783626317977905,0.9966366291046143,0.31248679757118225,0.36670976877212524,-0.13122329115867615,0.9943726062774658,0.7565406560897827,0.48446959257125854,-0.40119460225105286,0.9954267740249634,0.28057342767715454,0.47810956835746765,-0.09417598694562912,0.9859995245933533,0.7593253254890442,0.514907717704773,-0.4410378634929657,0.9872008562088013,0.2694719135761261,0.5056626796722412,-0.09079760313034058,0.9690171480178833,0.7431113719940186,0.512939989566803,-0.5072253346443176,0.9884883761405945,0.2883060574531555,0.5041887164115906,-0.15786221623420715,0.9734368920326233,0.7372784614562988,0.5044249296188354,-0.425985723733902,0.986941397190094,0.29860037565231323,0.4964675009250641,-0.11716305464506149,0.9725277423858643,0.5839800834655762,0.5054222345352173,-0.025230934843420982,0.9996854066848755,0.44102969765663147,0.5004858374595642,0.024907590821385384,0.9999374151229858,0.6326155066490173,0.6824218034744263,0.24491553008556366,0.9967400431632996,0.4010818600654602,0.6882541179656982,-0.04846080020070076,0.9982555508613586,0.647835373878479,0.789276659488678,0.6532661318778992,0.9958022236824036,0.3588774800300598,0.8670836687088013,-0.11025978624820709,0.9965079426765442,0.6304699182510376,0.7996362447738647,0.686149001121521,0.9151908159255981,0.36687952280044556,0.8910641074180603,-0.1291271448135376,0.8963778018951416,0.669707715511322,0.869694173336029,0.5161039233207703,0.9916009902954102,0.3227555751800537,0.9381034970283508,-0.3804852068424225,0.991616427898407
angry_v6_3.png,angry,0.5198219418525696,0.2762147784233093,-1.338628888130188,0.9999946355819702,0.5413256883621216,0.2538614273071289,-1.3472844362258911,0.9999843835830688,0.552725076675415,0.25238919258117676,-1.346930980682373,0.9999825954437256,0.5628886818885803,0.2506353557109833,-1.3471171855926514,0.9999828338623047,0.49712443351745605,0.25455015897750854,-1.3514541387557983,0.9999892711639404,0.48212018609046936,0.2530042827129364,-1.3516759872436523,0.9999878406524658,0.47065216302871704,0.25103169679641724,-1.351435899734497,0.9999881982803345,0.5812298655509949,0.2425922006368637,-1.0785611867904663,0.9999843835830688,0.4542601704597473,0.24352630972862244,-1.0997357368469238,0.9999804496765137,0.5430631041526794,0.2911267876625061,-1.2089751958847046,0.9999918937683105,0.4969611167907715,0.2904753088951111,-1.2162789106369019,0.9999934434890747,0.6432397365570068,0.2819633483886719,-0.6689227819442749,0.9999942779541016,0.38178521394729614,0.2808043956756592,-0.6054863333702087,0.9999943971633911,0.7540867924690247,0.3256835639476776,-0.15501098334789276,0.9971600770950317,0.27608269453048706,0.31308865547180176,-0.0671781376004219,0.9810277223587036,0.7838719487190247,0.4257866144180298,0.12388364970684052,0.9815322160720825,0.24229136109352112,0.41382700204849243,0.17609204351902008,0.9019466638565063,0.791504442691803,0.45777761936187744,0.1616353988647461,0.9393914937973022,0.23308631777763367,0.4441293776035309,0.232023686170578,0.7912707924842834,0.7727498412132263,0.4578731954097748,0.09343573451042175,0.9457312822341919,0.25019294023513794,0.4427374303340912,0.1479223221540451,0.8096562623977661,0.7669916152954102,0.4496692717075348,0.11461195349693298,0.9275559186935425,0.2582305669784546,0.43528831005096436,0.1592896282672882,0.7910219430923462,0.5826449394226074,0.4948110580444336,-0.029165972024202347,0.9984685778617859,0.4378906488418579,0.4921000599861145,0.028913920745253563,0.9997425675392151,0.6376624703407288,0.6810047030448914,0.06111015006899834,0.9975816011428833,0.39445096254348755,0.6718547344207764,-0.38054490089416504,0.9980915188789368,0.646143913269043,0.7938886880874634,0.6814566254615784,0.9903920888900757,0.35776910185813904,0.8567704558372498,-0.324282169342041,0.9978123903274536,0.6280733346939087,0.8036966919898987,0.7285546064376831,0.8412237763404846,0.35167744755744934,0.8839989900588989,-0.33729010820388794,0.9206779599189758,0.6696627736091614,0.8678854703903198,0.4916575253009796,0.9856529235839844,0.3347732126712799,0.907281219959259,-0.6854918599128723,0.9962853193283081
angry_v6_4.png,angry,0.5171002745628357,0.27146944403648376,-1.3805795907974243,0.9999953508377075,0.5383438467979431,0.24957096576690674,-1.373984456062317,0.9999890327453613,0.5495165586471558,0.24777956306934357,-1.3738107681274414,0.9999861717224121,0.5607731342315674,0.24606098234653473,-1.3738728761672974,0.999984860420227,0.49364161491394043,0.2517961263656616,-1.3696131706237793,0.9999909400939941,0.47819191217422485,0.25113144516944885,-1.3699301481246948,0.9999899864196777,0.46660488843917847,0.2502777874469757,-1.3699675798416138,0.9999923706054688,0.5802993774414062,0.23929612338542938,-1.0563204288482666,0.9999841451644897,0.4529637098312378,0.24308550357818604,-1.0384125709533691,0.9999915361404419,0.5406755208969116,0.2862023115158081,-1.237188458442688,0.9999964237213135,0.4958252012729645,0.2879648804664612,-1.232818603515625,0.9999979734420776,0.6450102925300598,0.2932571470737457,-0.6447101831436157,0.9999955892562866,0.38451677560806274,0.2902352511882782,-0.6290855407714844,0.9999961853027344,0.7332449555397034,0.39690375328063965,-0.47172844409942627,0.9984617233276367,0.2927793264389038,0.39607059955596924,-0.4974125623703003,0.995609700679779,0.6645009517669678,0.47808945178985596,-0.7440972328186035,0.9888417720794678,0.3619341254234314,0.47230979800224304,-0.8100954294204712,0.9806077480316162,0.6398955583572388,0.49985894560813904,-0.829032301902771,0.9592537879943848,0.38794630765914917,0.4988725781440735,-0.9037647843360901,0.9443119168281555,0.6258195042610168,0.4845895767211914,-0.8897774815559387,0.9588121175765991,0.40315699577331543,0.4812312126159668,-0.9629378914833069,0.9458968639373779,0.6295462250709534,0.4773237407207489,-0.7670750617980957,0.9399600028991699,0.3984663188457489,0.4727139472961426,-0.834326982498169,0.925362765789032,0.5850731730461121,0.5011139512062073,-0.012272791936993599,0.9991833567619324,0.4397403597831726,0.4999919831752777,0.01246562134474516,0.999761164188385,0.6298066973686218,0.6820011138916016,-0.029486075043678284,0.9932094216346741,0.3827376961708069,0.6726899743080139,-0.27763545513153076,0.9972080588340759,0.6492576599121094,0.7926480770111084,0.513313889503479,0.9886608123779297,0.35413646697998047,0.8601229786872864,-0.0025120496284216642,0.9968283772468567,0.6361448764801025,0.8047584295272827,0.5490320920944214,0.8643274903297424,0.35394445061683655,0.8865495324134827,0.007017236668616533,0.9465109705924988,0.6698926687240601,0.8660869598388672,0.21594826877117157,0.9811497926712036,0.33322611451148987,0.9072429537773132,-0.376165509223938,0.9928953051567078
angry_v7_1.png,angry,0.5146781206130981,0.23976971209049225,-0.1354941427707672,0.9999982118606567,0.5356699228286743,0.22072142362594604,-0.10889522731304169,0.9999985694885254,0.5472823977470398,0.21969947218894958,-0.10895680636167526,0.9999980926513672,0.5587565898895264,0.2185075283050537,-0.10915154218673706,0.9999986886978149,0.49388962984085083,0.2203814536333084,-0.10473650693893433,0.999997615814209,0.4788503050804138,0.2199256718158722,-0.10463304817676544,0.9999966621398926,0.4668976366519928,0.21972449123859406,-0.10444525629281998,0.9999972581863403,0.5761637687683105,0.21678006649017334,0.13878309726715088,0.9999986886978149,0.45402905344963074,0.2191593497991562,0.1631586104631424,0.999996542930603,0.537666380405426,0.25729236006736755,-0.032949306070804596,0.9999966621398926,0.4892917573451996,0.258268803358078,-0.02741331048309803,0.9999949932098389,0.6254927515983582,0.27215099334716797,0.1449788212776184,0.9999808073043823,0.40111982822418213,0.2776969075202942,0.19476236402988434,0.9999245405197144,0.6809839606285095,0.290463387966156,-0.526790976524353,0.9556098580360413,0.34441643953323364,0.2928617596626282,-0.4804903268814087,0.9160158038139343,0.7135441899299622,0.3042970895767212,-1.205199122428894,0.9560068249702454,0.3087904453277588,0.3051260709762573,-1.2835500240325928,0.8932207226753235,0.7272581458091736,0.28549930453300476,-1.341042399406433,0.9389181137084961,0.2901635766029358,0.2844362258911133,-1.429332971572876,0.8587501645088196,0.7102287411689758,0.28421974182128906,-1.337628722190857,0.9383425712585449,0.3103865683078766,0.2836340069770813,-1.4258790016174316,0.8630399107933044,0.6961585879325867,0.29303863644599915,-1.224632740020752,0.9236124157905579,0.3280526101589203,0.294026255607605,-1.3104639053344727,0.8553205728530884,0.5904977917671204,0.5057880878448486,-0.023019852116703987,0.9999175071716309,0.4470177888870239,0.5065327286720276,0.02282317914068699,0.9998480081558228,0.6597305536270142,0.693821370601654,-0.17355221509933472,0.9961513876914978,0.39646410942077637,0.6964095234870911,-0.16344109177589417,0.9943912625312805,0.7218972444534302,0.8689296841621399,-0.07952245324850082,0.9911290407180786,0.3855527341365814,0.8728564977645874,-0.04085909575223923,0.9885365962982178,0.7131751179695129,0.8902078866958618,-0.08839268237352371,0.7421004772186279,0.3970065116882324,0.8960310816764832,-0.04585304856300354,0.7685285210609436,0.7350956797599792,0.9355258941650391,-0.438905268907547,0.9810419082641602,0.3521524667739868,0.9355820417404175,-0.36366814374923706,0.9737928509712219
angry_v7_2.png,angry,0.5006266236305237,0.14391961693763733,-0.33209511637687683,0.9999982118606567,0.5202853679656982,0.12568628787994385,-0.28832149505615234,0.9999983310699463,0.5309282541275024,0.12522584199905396,-0.2883822023868561,0.9999978542327881,0.5412625670433044,0.1248287633061409,-0.2883923351764679,0.9999982118606567,0.4835573136806488,0.12634482979774475,-0.2856392562389374,0.9999973773956299,0.4715280532836914,0.12603846192359924,-0.285578191280365,0.9999966621398926,0.459649920463562,0.12545287609100342,-0.28539565205574036,0.9999967813491821,0.5544178485870361,0.13272762298583984,0.007503208704292774,0.9999980926513672,0.44657355546951294,0.13271716237068176,0.0202900692820549,0.9999957084655762,0.5224826335906982,0.16168496012687683,-0.21994704008102417,0.9999979734420776,0.4748501181602478,0.16142117977142334,-0.2169952094554901,0.9999972581863403,0.606613278388977,0.22418807446956635,0.03753456845879555,0.9999481439590454,0.396016001701355,0.22531239688396454,0.06135302037000656,0.9999136924743652,0.6567957401275635,0.27043479681015015,-0.6825122237205505,0.9546671509742737,0.33849602937698364,0.27642250061035156,-0.5817344784736633,0.9582792520523071,0.6869675517082214,0.2708895206451416,-1.490182876586914,0.9832963347434998,0.3151649832725525,0.27744555473327637,-1.376936674118042,0.9747698307037354,0.6998840570449829,0.2490805685520172,-1.6550190448760986,0.9789824485778809,0.30269473791122437,0.25210464000701904,-1.5330332517623901,0.9654666781425476,0.6845685243606567,0.2435625046491623,-1.6534613370895386,0.9791897535324097,0.3155782222747803,0.24750153720378876,-1.535435438156128,0.9669098258018494,0.6703429222106934,0.251554012298584,-1.5148507356643677,0.9705613255500793,0.32685399055480957,0.2569009065628052,-1.403637409210205,0.957268476486206,0.5714415311813354,0.4713123142719269,-0.013372814282774925,0.9998908042907715,0.42327070236206055,0.469596803188324,0.013059680350124836,0.9998212456703186,0.5860705375671387,0.6709396839141846,-0.10699343681335449,0.9962620139122009,0.409980833530426,0.6722651124000549,-0.10071805119514465,0.9955743551254272,0.6040222644805908,0.8639078140258789,0.13879606127738953,0.9935975074768066,0.3908385634422302,0.8658748865127563,0.14366388320922852,0.992010235786438,0.5908043384552002,0.8894413709640503,0.1420101374387741,0.8457629084587097,0.40448328852653503,0.8925683498382568,0.14831659197807312,0.820753812789917,0.6173389554023743,0.9302362203598022,-0.22618627548217773,0.9892293810844421,0.36020025610923767,0.928043782711029,-0.20438429713249207,0.9852244853973389
angry_v7_3.png,angry,0.5106253027915955,0.1405373513698578,-0.28989866375923157,0.9999963045120239,0.5267491936683655,0.12220516800880432,-0.24813823401927948,0.9999966621398926,0.5374064445495605,0.12162235379219055,-0.24822908639907837,0.9999958276748657,0.5477415919303894,0.1211036741733551,-0.24829146265983582,0.999996542930603,0.49045589566230774,0.12216821312904358,-0.24850572645664215,0.9999945163726807,0.4773299992084503,0.12193483114242554,-0.24842487275600433,0.9999932050704956,0.4647882878780365,0.12170785665512085,-0.2482847273349762,0.9999940395355225,0.5597630143165588,0.1266450583934784,0.049699567258358,0.9999954700469971,0.44740524888038635,0.12763383984565735,0.04767598956823349,0.9999904632568359,0.529062032699585,0.16016697883605957,-0.17477481067180634,0.9999943971633911,0.4853660762310028,0.1601293981075287,-0.17631924152374268,0.9999924898147583,0.6081264019012451,0.2053375542163849,0.09274274110794067,0.9999349117279053,0.4027532935142517,0.20848259329795837,0.1017225831747055,0.9998481273651123,0.6614157557487488,0.2677457630634308,-0.5697712898254395,0.9332672357559204,0.34227946400642395,0.27471089363098145,-0.5006115436553955,0.9373865723609924,0.6924701929092407,0.27088648080825806,-1.3432246446609497,0.9721551537513733,0.31376510858535767,0.27309173345565796,-1.2640730142593384,0.9608720541000366,0.7070902585983276,0.2439802885055542,-1.4993000030517578,0.9649308323860168,0.29927223920822144,0.247528538107872,-1.4114452600479126,0.9485068917274475,0.6899245381355286,0.23725587129592896,-1.500880241394043,0.965563952922821,0.31283238530158997,0.24168704450130463,-1.4203424453735352,0.9510416984558105,0.6744822263717651,0.24664190411567688,-1.367693305015564,0.9539371728897095,0.3272441625595093,0.25112223625183105,-1.2916063070297241,0.9393265843391418,0.5772148370742798,0.46785596013069153,-0.020378850400447845,0.9997797608375549,0.427068829536438,0.4661284387111664,0.020155111327767372,0.9995694756507874,0.5892546772956848,0.6707468032836914,-0.0932021290063858,0.9936355352401733,0.4167104959487915,0.6711962223052979,-0.05164215713739395,0.9917213320732117,0.6137148141860962,0.8667914271354675,0.103152334690094,0.9902290105819702,0.3902510404586792,0.8674430251121521,0.1457807570695877,0.9865204095840454,0.5985777378082275,0.8902538418769836,0.10228901356458664,0.8109182715415955,0.4061141014099121,0.8926208019256592,0.1476801186800003,0.7821630239486694,0.6141324639320374,0.9298574924468994,-0.25659167766571045,0.9843964576721191,0.3670225441455841,0.9301454424858093,-0.18638359010219574,0.9769088625907898
angry_v7_4.png,angry,0.5003114938735962,0.14089545607566833,-0.5248826146125793,0.9999980926513672,0.5100191235542297,0.12152674049139023,-0.47841763496398926,0.9999986886978149,0.5193592309951782,0.1205950379371643,-0.47856366634368896,0.9999980926513672,0.5284368395805359,0.11990299820899963,-0.47860822081565857,0.9999983310699463,0.47615039348602295,0.12329620867967606,-0.49325281381607056,0.9999978542327881,0.46219733357429504,0.12359582632780075,-0.49323153495788574,0.9999972581863403,0.4490966796875,0.12391689419746399,-0.493049293756485,0.9999971389770508,0.5356816649436951,0.12551206350326538,-0.12858858704566956,0.9999972581863403,0.42732882499694824,0.1321851909160614,-0.20013034343719482,0.9999979734420776,0.5177562236785889,0.15898966789245605,-0.38961222767829895,0.9999980926513672,0.47506779432296753,0.1618201732635498,-0.4102989137172699,0.9999980926513672,0.5886629819869995,0.2040177881717682,0.02611810527741909,0.9999325275421143,0.38504084944725037,0.2120615541934967,-0.19384920597076416,0.999975323677063,0.6508673429489136,0.2634315490722656,-0.6790323257446289,0.8575275540351868,0.33434879779815674,0.2739737629890442,-0.8305994868278503,0.9884486794471741,0.6931861639022827,0.2689816653728485,-1.621846318244934,0.964359700679779,0.3142645061016083,0.2741433084011078,-1.5756663084030151,0.983817458152771,0.7037060260772705,0.24449671804904938,-1.8048053979873657,0.962749719619751,0.29964369535446167,0.25060194730758667,-1.728262186050415,0.9763910174369812,0.6896114945411682,0.23736830055713654,-1.81605064868927,0.964120626449585,0.31315088272094727,0.24265308678150177,-1.7383522987365723,0.9772602915763855,0.6768103241920471,0.24618902802467346,-1.657331109046936,0.954440176486969,0.3272676467895508,0.24972888827323914,-1.6007099151611328,0.9680267572402954,0.5992847681045532,0.4668644368648529,0.10952253639698029,0.9997658133506775,0.46285364031791687,0.470197856426239,-0.10967594385147095,0.9998165965080261,0.6136864423751831,0.6701036691665649,0.1661437600851059,0.967589259147644,0.42760491371154785,0.6782282590866089,-0.2352551519870758,0.9975963234901428,0.6052278280258179,0.8510196805000305,0.5153665542602539,0.9594701528549194,0.33722996711730957,0.8685064315795898,-0.1241321936249733,0.9928541779518127,0.5794720649719238,0.8806871771812439,0.5317872762680054,0.8958437442779541,0.3060212731361389,0.8977380990982056,-0.12949220836162567,0.8286916613578796,0.6916033029556274,0.9008243680000305,0.2844173312187195,0.9589651226997375,0.4026206135749817,0.9288613200187683,-0.4743364453315735,0.9844931364059448
angry_v8_1.png,angry,0.5144982933998108,0.18573439121246338,-1.40889310836792,0.9999963045120239,0.5332527160644531,0.16387039422988892,-1.3877097368240356,0.9999874830245972,0.5436754822731018,0.1624833047389984,-1.3876019716262817,0.9999877214431763,0.5523859262466431,0.16114425659179688,-1.387648344039917,0.999985933303833,0.4938702881336212,0.16700440645217896,-1.3880752325057983,0.9999858140945435,0.4792819023132324,0.16681113839149475,-1.388277292251587,0.9999858140945435,0.46652019023895264,0.16649317741394043,-1.3881466388702393,0.9999836683273315,0.5671955943107605,0.16074472665786743,-1.041770100593567,0.999977707862854,0.4530700743198395,0.16788017749786377,-1.0447622537612915,0.9999791383743286,0.5370568633079529,0.20199289917945862,-1.2613131999969482,0.9999922513961792,0.4909886121749878,0.20497198402881622,-1.2625527381896973,0.9999915361404419,0.6325156688690186,0.24636563658714294,-0.6336909532546997,0.9999938011169434,0.39680415391921997,0.2469257116317749,-0.6174256801605225,0.9999845027923584,0.6856729984283447,0.36539068818092346,-0.31281787157058716,0.9937792420387268,0.34495455026626587,0.3686094284057617,-0.24823665618896484,0.9902912974357605,0.7223063111305237,0.47804126143455505,-0.48600417375564575,0.9873787760734558,0.3124081790447235,0.4767422378063202,-0.2954828441143036,0.9790332913398743,0.7295264601707458,0.5107768774032593,-0.5380535125732422,0.9648727774620056,0.30226704478263855,0.5064487457275391,-0.32933497428894043,0.9506202936172485,0.716549277305603,0.5085507035255432,-0.655290424823761,0.9682241678237915,0.3132299482822418,0.5061119198799133,-0.4359286427497864,0.954469621181488,0.7087069749832153,0.5012748837471008,-0.5326633453369141,0.9611330628395081,0.3214796483516693,0.499348521232605,-0.3353525996208191,0.9473087191581726,0.5888966917991638,0.47936534881591797,0.002339713042601943,0.9997841715812683,0.442829430103302,0.4754717946052551,-0.0024827849119901657,0.999774158000946,0.6293327808380127,0.6776189208030701,-0.038349103182554245,0.9947265982627869,0.40221107006073,0.6787204146385193,-0.04688992351293564,0.9961852431297302,0.6661361455917358,0.8647823333740234,0.32068389654159546,0.995484471321106,0.36199721693992615,0.8616633415222168,0.3157643973827362,0.9952056407928467,0.6589364409446716,0.8888756632804871,0.3337894380092621,0.9265055656433105,0.3736092746257782,0.8851340413093567,0.3298705220222473,0.8972702026367188,0.6992610096931458,0.9301024079322815,-0.05889183655381203,0.9918810725212097,0.32470497488975525,0.9305726289749146,-0.059141259640455246,0.9910379648208618
angry_v8_2.png,angry,0.5164834856987,0.1947043538093567,-1.5016015768051147,0.9999935626983643,0.533981442451477,0.17179203033447266,-1.4849350452423096,0.9999802112579346,0.5446114540100098,0.16980600357055664,-1.4848041534423828,0.9999805688858032,0.5545799136161804,0.16771095991134644,-1.4848825931549072,0.9999783039093018,0.49297061562538147,0.17557191848754883,-1.4819647073745728,0.9999791383743286,0.4776853919029236,0.17582595348358154,-1.4821962118148804,0.9999793767929077,0.4643620550632477,0.17559915781021118,-1.4821068048477173,0.9999779462814331,0.5703273415565491,0.16425815224647522,-1.1479840278625488,0.9999690055847168,0.45027947425842285,0.17539873719215393,-1.1344391107559204,0.9999728202819824,0.5404438376426697,0.2109510749578476,-1.3552144765853882,0.9999880790710449,0.49393999576568604,0.2147020548582077,-1.3518645763397217,0.9999880790710449,0.6366594433784485,0.24749261140823364,-0.7398021817207336,0.9999887943267822,0.393655002117157,0.24802140891551971,-0.6817770600318909,0.9999797344207764,0.6940451264381409,0.3669772744178772,-0.45782366394996643,0.99010169506073,0.34134697914123535,0.3689844310283661,-0.3282138407230377,0.9885397553443909,0.7242584228515625,0.4850306510925293,-0.6421499848365784,0.9764960408210754,0.30823272466659546,0.48370516300201416,-0.40888339281082153,0.9770558476448059,0.7294409275054932,0.5168965458869934,-0.6997952461242676,0.9455827474594116,0.2991340160369873,0.5141370296478271,-0.4489816427230835,0.94898521900177,0.711417555809021,0.5149092674255371,-0.8121323585510254,0.950019896030426,0.3116178512573242,0.515024721622467,-0.5533472895622253,0.9532858729362488,0.7035169005393982,0.5073221325874329,-0.6868240237236023,0.9401087164878845,0.3205801844596863,0.5086612701416016,-0.44926556944847107,0.9458892941474915,0.5891090631484985,0.4741733968257904,-0.012377806939184666,0.9997661709785461,0.4415282905101776,0.4677146375179291,0.012145411223173141,0.9997517466545105,0.6276565194129944,0.676200807094574,-0.09023955464363098,0.9953368306159973,0.4006969630718231,0.6785193681716919,-0.037008341401815414,0.9959601759910583,0.669757604598999,0.8575479984283447,0.30164703726768494,0.9958592057228088,0.3571527302265167,0.866341233253479,0.3133029043674469,0.9953277111053467,0.663222074508667,0.8779261112213135,0.3181167244911194,0.9110011458396912,0.3675774335861206,0.8911006450653076,0.32680705189704895,0.898341715335846,0.689479649066925,0.9294007420539856,-0.07898407429456711,0.9919622540473938,0.3204928934574127,0.9355975985527039,-0.060282107442617416,0.9911981225013733
angry_v8_3.png,angry,0.5182301998138428,0.19319042563438416,-1.4966998100280762,0.9999938011169434,0.5358068346977234,0.170061856508255,-1.4790972471237183,0.9999798536300659,0.5463546514511108,0.16813644766807556,-1.4789525270462036,0.9999803304672241,0.55643630027771,0.16614368557929993,-1.4790107011795044,0.9999773502349854,0.49471157789230347,0.17391452193260193,-1.4771225452423096,0.9999791383743286,0.47935548424720764,0.17417553067207336,-1.477357029914856,0.9999798536300659,0.4657295346260071,0.1740162968635559,-1.477260947227478,0.999977707862854,0.5718185901641846,0.1633516550064087,-1.1389952898025513,0.9999678134918213,0.4508352279663086,0.17439866065979004,-1.130016803741455,0.9999723434448242,0.5410282611846924,0.20987293124198914,-1.349136471748352,0.9999877214431763,0.49471721053123474,0.21375735104084015,-1.347078800201416,0.9999876022338867,0.6368935108184814,0.2473328709602356,-0.7257600426673889,0.99998939037323,0.3945883512496948,0.247490793466568,-0.6770474314689636,0.9999803304672241,0.693039059638977,0.3658129572868347,-0.4211864769458771,0.9915218353271484,0.3411676287651062,0.36795687675476074,-0.3145223557949066,0.9898527264595032,0.7244052290916443,0.4801971912384033,-0.590825080871582,0.981208086013794,0.3099718689918518,0.481042742729187,-0.39062708616256714,0.9815446138381958,0.7319288849830627,0.5130095481872559,-0.6445763111114502,0.9546891450881958,0.2999419569969177,0.5115326046943665,-0.42845937609672546,0.957912027835846,0.7142865657806396,0.5110275745391846,-0.7570378184318542,0.9584660530090332,0.3123253881931305,0.512292742729187,-0.5350589752197266,0.9615085124969482,0.7057470679283142,0.5041508078575134,-0.6348698139190674,0.950053334236145,0.32134854793548584,0.5055634379386902,-0.43127137422561646,0.9549890756607056,0.5899735689163208,0.47556272149086,-0.011473146267235279,0.9997414946556091,0.44239145517349243,0.4687809944152832,0.011231685057282448,0.9997175335884094,0.6278970837593079,0.6758944988250732,-0.08694092929363251,0.9953051805496216,0.39948228001594543,0.677135705947876,-0.03919646516442299,0.9957000017166138,0.6702478528022766,0.8579176068305969,0.2939178943634033,0.9956526756286621,0.35900142788887024,0.8648601770401001,0.30662164092063904,0.9948327541351318,0.6647807955741882,0.8799027800559998,0.30912548303604126,0.9083753824234009,0.3687639832496643,0.8890217542648315,0.3197927474975586,0.8945500254631042,0.6898383498191833,0.9269496202468872,-0.0846908763051033,0.991584062576294,0.3238607347011566,0.9330295324325562,-0.06325045228004456,0.9905241131782532
angry_v8_4.png,angry,0.5177606344223022,0.20110225677490234,-1.4345550537109375,0.9999974966049194,0.5351452231407166,0.17813587188720703,-1.4169232845306396,0.9999920129776001,0.5452865958213806,0.17631158232688904,-1.4167580604553223,0.9999924898147583,0.5557045340538025,0.1745346486568451,-1.4168320894241333,0.9999910593032837,0.49368932843208313,0.18177396059036255,-1.4187699556350708,0.9999912977218628,0.4778464436531067,0.1815270185470581,-1.4189643859863281,0.9999915361404419,0.46436232328414917,0.18118003010749817,-1.4187709093093872,0.9999897480010986,0.571532666683197,0.1716846227645874,-1.0786834955215454,0.9999887943267822,0.4482894539833069,0.18075913190841675,-1.0874344110488892,0.9999895095825195,0.5401355624198914,0.21812766790390015,-1.2867258787155151,0.9999947547912598,0.493895024061203,0.2204066962003708,-1.2896838188171387,0.9999939203262329,0.639372706413269,0.2512853145599365,-0.6597319841384888,0.9999951124191284,0.3901510536670685,0.2533758282661438,-0.6178498268127441,0.9999827146530151,0.7104924321174622,0.3657039403915405,-0.31184878945350647,0.9960798621177673,0.3145788908004761,0.3660954236984253,-0.2064228057861328,0.9879406690597534,0.7336989045143127,0.48087596893310547,-0.44671422243118286,0.9902744293212891,0.2967042922973633,0.4801640510559082,-0.23026375472545624,0.9767449498176575,0.7409499883651733,0.5120210647583008,-0.4892754554748535,0.9732877016067505,0.29334843158721924,0.5097533464431763,-0.25213822722435,0.9473123550415039,0.7194167971611023,0.5104693174362183,-0.5999317169189453,0.9761232733726501,0.3124162256717682,0.5088616013526917,-0.3582136631011963,0.9514376521110535,0.7104883193969727,0.5018585324287415,-0.48814937472343445,0.9705251455307007,0.32028403878211975,0.5022373199462891,-0.26774609088897705,0.9444051384925842,0.5890560150146484,0.4781269133090973,-0.02001001127064228,0.9997898936271667,0.44112569093704224,0.4730159342288971,0.01981174200773239,0.9997454285621643,0.6262484788894653,0.6788724064826965,-0.10688531398773193,0.9941452741622925,0.39410921931266785,0.6785277724266052,-0.08474526554346085,0.9949725866317749,0.6688288450241089,0.863974928855896,0.1759193390607834,0.9958913326263428,0.3535428047180176,0.867011547088623,0.20598778128623962,0.9945558309555054,0.6576048135757446,0.8850207924842834,0.18010342121124268,0.9098197221755981,0.36758556962013245,0.8924469947814941,0.21285654604434967,0.9114266037940979,0.680057168006897,0.93183434009552,-0.21653984487056732,0.9916121959686279,0.31833431124687195,0.9325211644172668,-0.16383427381515503,0.9902355074882507
happy_v1_1.png,happy,0.5190046429634094,0.2570379674434662,-0.6679356694221497,0.999924898147583,0.5282862782478333,0.24360482394695282,-0.6193068027496338,0.9998641014099121,0.5348703861236572,0.24377718567848206,-0.6192761063575745,0.9998626708984375,0.5428295731544495,0.24402540922164917,-0.6193948984146118,0.999862551689148,0.5038555264472961,0.24344658851623535,-0.6184247732162476,0.9998069405555725,0.49444830417633057,0.24323296546936035,-0.6184563040733337,0.9997557997703552,0.48371362686157227,0.24336130917072296,-0.6183395385742188,0.9997283816337585,0.5534836649894714,0.25237762928009033,-0.36603090167045593,0.9997794032096863,0.46702146530151367,0.2520216405391693,-0.35708436369895935,0.9995161294937134,0.5323486328125,0.2743813097476959,-0.5745849013328552,0.999704897403717,0.5017338991165161,0.2747059166431427,-0.5718727111816406,0.99962317943573,0.6069973111152649,0.32080990076065063,-0.3030175566673279,0.9995517134666443,0.42456841468811035,0.3240612745285034,-0.27831998467445374,0.9973787069320679,0.6677572727203369,0.2335502952337265,-0.5153226852416992,0.9950956106185913,0.36224207282066345,0.23215219378471375,-0.4308745861053467,0.9944570064544678,0.7237406373023987,0.12886595726013184,-0.7939899563789368,0.9934346675872803,0.3056405782699585,0.1313321590423584,-0.6469402313232422,0.9894188046455383,0.744940459728241,0.10242841392755508,-0.8966347575187683,0.9781215190887451,0.28162920475006104,0.10762253403663635,-0.7379856109619141,0.9662834405899048,0.7403054237365723,0.09852731227874756,-0.9325656294822693,0.9780676960945129,0.28689515590667725,0.10224589705467224,-0.7628569006919861,0.966840386390686,0.7309011220932007,0.1071869432926178,-0.8291739821434021,0.9798577427864075,0.29735755920410156,0.10883554816246033,-0.6759704947471619,0.9697050452232361,0.566173791885376,0.5476170778274536,-0.006998044438660145,0.9995943903923035,0.4440183937549591,0.5483324527740479,0.0070300474762916565,0.9993857145309448,0.5900493264198303,0.7133761048316956,0.04343072324991226,0.9946099519729614,0.42772650718688965,0.716277539730072,0.058516427874565125,0.9942063093185425,0.617097795009613,0.8765780329704285,0.35361361503601074,0.9922692179679871,0.416034460067749,0.8812534809112549,0.3644319474697113,0.9900578856468201,0.5974128842353821,0.898639440536499,0.36551985144615173,0.9080337882041931,0.4267021715641022,0.9027563333511353,0.37390637397766113,0.8729257583618164,0.6225414276123047,0.9341105222702026,0.02003907971084118,0.9860696792602539,0.3933420181274414,0.9387935400009155,0.05605791136622429,0.9812812209129333
happy_v1_2.png,happy,0.516607940196991,0.25203514099121094,-0.6676931381225586,0.999927282333374,0.5270028710365295,0.23996107280254364,-0.6184816956520081,0.9998657703399658,0.5339251756668091,0.24076256155967712,-0.6184325814247131,0.9998757839202881,0.5410074591636658,0.24169860780239105,-0.6185379028320312,0.9998700618743896,0.502548336982727,0.23870854079723358,-0.617448091506958,0.9998065829277039,0.4932350218296051,0.2384524941444397,-0.6174831986427307,0.9997724890708923,0.48340490460395813,0.2384442389011383,-0.6173521876335144,0.9997350573539734,0.552128791809082,0.2511019706726074,-0.3692419230937958,0.9998007416725159,0.4682653248310089,0.24876517057418823,-0.35757115483283997,0.9995152950286865,0.5314436554908752,0.269504189491272,-0.5764710307121277,0.9997225403785706,0.5001980066299438,0.2683736979961395,-0.5730582475662231,0.9996399879455566,0.6078155040740967,0.32266414165496826,-0.3281221389770508,0.9995997548103333,0.421234667301178,0.3222339451313019,-0.2616501748561859,0.9972399473190308,0.6715166568756104,0.2355841100215912,-0.5700569152832031,0.9955044388771057,0.35773831605911255,0.23152296245098114,-0.3862130641937256,0.9944512248039246,0.7272748947143555,0.12794548273086548,-0.8798933029174805,0.9928991794586182,0.2952113449573517,0.12980473041534424,-0.5916408896446228,0.9899595975875854,0.750260591506958,0.10311621427536011,-0.9878821969032288,0.9770796895027161,0.2725234031677246,0.10621744394302368,-0.6783543825149536,0.9679279923439026,0.743516743183136,0.09873330593109131,-1.0225387811660767,0.9768421053886414,0.27940285205841064,0.10133054852485657,-0.708160936832428,0.9687960147857666,0.7329132556915283,0.10682424902915955,-0.9153606295585632,0.9790367484092712,0.2899561822414398,0.10763070732355118,-0.6225191950798035,0.9716118574142456,0.5676833987236023,0.5449236631393433,-0.025858422741293907,0.9996009469032288,0.4457080364227295,0.5463820099830627,0.025841834023594856,0.9993675351142883,0.5926074385643005,0.7115896940231323,0.0156609695404768,0.9963629841804504,0.42670178413391113,0.714766263961792,0.07779845595359802,0.9948595762252808,0.617405116558075,0.8729475140571594,0.3315178155899048,0.9940983057022095,0.41471561789512634,0.8783680200576782,0.38455745577812195,0.9908506274223328,0.6042124032974243,0.8953964710235596,0.34297865629196167,0.9026555418968201,0.42262089252471924,0.9008675217628479,0.39345434308052063,0.8820638656616211,0.6125914454460144,0.9339466094970703,-0.013897502794861794,0.9891200065612793,0.3909822702407837,0.9391446709632874,0.07668190449476242,0.9841952323913574
happy_v1_3.png,happy,0.5161527395248413,0.2650442123413086,-0.6432158946990967,0.9999493360519409,0.5281578302383423,0.25020721554756165,-0.5977486371994019,0.9999150037765503,0.5353673100471497,0.2502935528755188,-0.5977503061294556,0.9999133348464966,0.543632984161377,0.250285804271698,-0.5979041457176208,0.9999094009399414,0.5011446475982666,0.2504749298095703,-0.5913393497467041,0.9998782873153687,0.49095144867897034,0.25042641162872314,-0.5913862586021423,0.9998425245285034,0.47997039556503296,0.2507658004760742,-0.5912419557571411,0.9998179078102112,0.5551232695579529,0.2577916383743286,-0.35641738772392273,0.9998568296432495,0.4636320471763611,0.25775694847106934,-0.3204478919506073,0.9996500015258789,0.5315560102462769,0.2816864252090454,-0.5544068217277527,0.9997679591178894,0.49950429797172546,0.2817097306251526,-0.543958842754364,0.9997046589851379,0.6084998846054077,0.3243352174758911,-0.30525195598602295,0.9995762705802917,0.4198251962661743,0.3266269266605377,-0.21575132012367249,0.9981780052185059,0.6807433366775513,0.24317234754562378,-0.5607138276100159,0.9951536655426025,0.3429969549179077,0.23724080622196198,-0.32910802960395813,0.9946154952049255,0.746326208114624,0.1404327154159546,-0.9013968110084534,0.9916293025016785,0.2687680721282959,0.13936233520507812,-0.5423354506492615,0.9897390007972717,0.7720317840576172,0.11458971351385117,-1.0062787532806396,0.973284900188446,0.24706992506980896,0.11670532822608948,-0.6234241724014282,0.965343713760376,0.7674817442893982,0.1111808717250824,-1.0418901443481445,0.9735567569732666,0.252093106508255,0.11225834488868713,-0.650542676448822,0.9663718342781067,0.7575327157974243,0.11912563443183899,-0.9372991323471069,0.9760404825210571,0.26183468103408813,0.11917713284492493,-0.5719804763793945,0.9701972603797913,0.565051794052124,0.5525198578834534,-0.022577468305826187,0.9997135996818542,0.43938231468200684,0.5539933443069458,0.02265395037829876,0.9996281862258911,0.6334136724472046,0.7129205465316772,-0.05424537882208824,0.9937758445739746,0.3919377028942108,0.7195900678634644,0.017172031104564667,0.9950241446495056,0.6984535455703735,0.8749876618385315,0.20986899733543396,0.9912890195846558,0.3248574137687683,0.8774236440658569,0.26760411262512207,0.993085503578186,0.687192440032959,0.8964633345603943,0.2171303778886795,0.9096792340278625,0.33399128913879395,0.9020488262176514,0.2716403603553772,0.9130204319953918,0.7187994718551636,0.9281635284423828,-0.117238849401474,0.9816064238548279,0.2841278314590454,0.9347860813140869,-0.030793866142630577,0.9832801818847656
happy_v1_4.png,happy,0.5076560378074646,0.24415868520736694,-0.6552196145057678,0.9999568462371826,0.5212582349777222,0.2279990166425705,-0.6160390973091125,0.9999172687530518,0.5315377116203308,0.2270960509777069,-0.6160661578178406,0.999915599822998,0.5415294766426086,0.22650682926177979,-0.6162344217300415,0.9999139308929443,0.4913139045238495,0.23086214065551758,-0.6068580150604248,0.9998793601989746,0.48220330476760864,0.23127299547195435,-0.6069228649139404,0.9998378753662109,0.4720492660999298,0.23166118562221527,-0.6067745685577393,0.9998237490653992,0.5552813410758972,0.232366144657135,-0.3747093081474304,0.9998605251312256,0.46373140811920166,0.23595136404037476,-0.32694387435913086,0.9996997117996216,0.5289729237556458,0.2586727440357208,-0.5640485286712646,0.9998050332069397,0.49162960052490234,0.26025325059890747,-0.5499091148376465,0.9997491240501404,0.6200783848762512,0.2990926206111908,-0.28920724987983704,0.999698281288147,0.42762669920921326,0.30806827545166016,-0.1989511102437973,0.9987558126449585,0.6998387575149536,0.22812776267528534,-0.5486090183258057,0.993021547794342,0.350131094455719,0.23532956838607788,-0.2439124882221222,0.9947429895401001,0.7777749300003052,0.13144496083259583,-0.9568764567375183,0.9906641244888306,0.255105584859848,0.13398191332817078,-0.42913496494293213,0.989090621471405,0.8050945997238159,0.10695398598909378,-1.0663965940475464,0.9717943072319031,0.228108748793602,0.11103532463312149,-0.5040614008903503,0.9632106423377991,0.7999703884124756,0.10319370776414871,-1.1117795705795288,0.9728451371192932,0.23305347561836243,0.10641481727361679,-0.5395137071609497,0.9652479290962219,0.7899685502052307,0.11085861176252365,-0.9980815052986145,0.9753262996673584,0.24407854676246643,0.11360275745391846,-0.4608498811721802,0.9685686230659485,0.5721960067749023,0.5337519645690918,-0.014458856545388699,0.9996870756149292,0.44780561327934265,0.5335292220115662,0.014607870019972324,0.9995855689048767,0.6217859387397766,0.6987701058387756,-0.05078493058681488,0.9903880953788757,0.40885287523269653,0.7080040574073792,-0.003918930888175964,0.9943971633911133,0.6686733961105347,0.8750527501106262,0.19887684285640717,0.989039421081543,0.36471956968307495,0.8768813014030457,0.24174143373966217,0.9906417727470398,0.6553719639778137,0.8983631134033203,0.20549029111862183,0.9086858630180359,0.3766031265258789,0.900168240070343,0.24492865800857544,0.8823496699333191,0.6857823133468628,0.9301456212997437,-0.1384202539920807,0.981432318687439,0.32769888639450073,0.9363954663276672,-0.07327090948820114,0.980722963809967
happy_v2_1.png,happy,0.5138428211212158,0.14440461993217468,-0.5189583897590637,0.9999910593032837,0.5268867015838623,0.1280858814716339,-0.46649494767189026,0.999962568283081,0.5339152812957764,0.12791770696640015,-0.4665493071079254,0.9999682903289795,0.5404958724975586,0.12801188230514526,-0.46660906076431274,0.9999649524688721,0.49799954891204834,0.13015902042388916,-0.46695655584335327,0.9999420642852783,0.48635584115982056,0.13136020302772522,-0.46698468923568726,0.9999419450759888,0.4765746593475342,0.13299211859703064,-0.4668489694595337,0.9999301433563232,0.5531695485115051,0.1372051239013672,-0.20057284832000732,0.9999338388442993,0.46053531765937805,0.141666978597641,-0.20129293203353882,0.9998630285263062,0.5319569110870361,0.16289153695106506,-0.4244466722011566,0.9999769926071167,0.4952491819858551,0.16454771161079407,-0.42473676800727844,0.9999592304229736,0.6162053346633911,0.23114772140979767,-0.12537674605846405,0.9999752044677734,0.404164582490921,0.23080144822597504,-0.1005573719739914,0.999612033367157,0.7556044459342957,0.2124464511871338,-0.3431573212146759,0.9930480122566223,0.24608616530895233,0.21596015989780426,-0.24086782336235046,0.9956511855125427,0.8811686038970947,0.18485990166664124,-0.8255743980407715,0.9944685697555542,0.11928850412368774,0.18783977627754211,-0.6304209232330322,0.9908530116081238,0.9248548150062561,0.17436310648918152,-0.9283016920089722,0.986096203327179,0.07553127408027649,0.18000489473342896,-0.7240391969680786,0.9733306169509888,0.9205978512763977,0.17033442854881287,-0.9973215460777283,0.9882136583328247,0.07563555240631104,0.1743244230747223,-0.7832163572311401,0.9774855375289917,0.9051611423492432,0.17522960901260376,-0.8747087121009827,0.9890523552894592,0.09018257260322571,0.17902496457099915,-0.6753724217414856,0.9794747829437256,0.5702900886535645,0.4595188796520233,0.0006401166319847107,0.9999282360076904,0.43480727076530457,0.45777633786201477,-0.0010621149558573961,0.9998030066490173,0.5694724321365356,0.6319990754127502,-0.12486247718334198,0.9966694712638855,0.44762828946113586,0.6347292065620422,-0.18234814703464508,0.9966179728507996,0.6523627638816833,0.7407820820808411,0.5850754380226135,0.987750232219696,0.36917099356651306,0.7304936647415161,0.5913263559341431,0.9685909748077393,0.6609927415847778,0.7445061206817627,0.6451681852340698,0.7524315714836121,0.3628706634044647,0.7304717302322388,0.6622145175933838,0.6519602537155151,0.6494756937026978,0.830708384513855,0.3808714747428894,0.9807999134063721,0.3515704870223999,0.8161237835884094,0.45213061571121216,0.9620798230171204
happy_v2_2.png,happy,0.5244886875152588,0.1452934443950653,-0.555444598197937,0.9999876022338867,0.533603847026825,0.13095197081565857,-0.4973818361759186,0.9999629259109497,0.5400505065917969,0.13138610124588013,-0.4974864423274994,0.9999654293060303,0.5472485423088074,0.13200819492340088,-0.4977264702320099,0.9999620914459229,0.5062676072120667,0.13012579083442688,-0.5059484243392944,0.9999408721923828,0.49382925033569336,0.1307683289051056,-0.5059793591499329,0.9999380111694336,0.48281511664390564,0.13164013624191284,-0.5058402419090271,0.999923825263977,0.5550631284713745,0.14169034361839294,-0.20829908549785614,0.999941349029541,0.46348708868026733,0.14530181884765625,-0.24850036203861237,0.9998703002929688,0.538473904132843,0.16429907083511353,-0.4505186975002289,0.9999693632125854,0.5025904774665833,0.16611886024475098,-0.46211615204811096,0.9999418258666992,0.6106244921684265,0.22788076102733612,-0.10441717505455017,0.9999669790267944,0.40495410561561584,0.23180049657821655,-0.16135552525520325,0.9992347955703735,0.7569460868835449,0.18979224562644958,-0.20190559327602386,0.9916184544563293,0.26012301445007324,0.1933390200138092,-0.33463120460510254,0.9924710988998413,0.8756725192070007,0.1474284529685974,-0.538162887096405,0.9934276938438416,0.13062193989753723,0.1432277262210846,-0.739262580871582,0.9770603179931641,0.9182789921760559,0.13498008251190186,-0.620354950428009,0.9805777072906494,0.09123671054840088,0.13280510902404785,-0.8396342992782593,0.9389294385910034,0.9148640632629395,0.13024136424064636,-0.6858465671539307,0.9832363724708557,0.08983242511749268,0.1279945969581604,-0.8800290822982788,0.9459957480430603,0.9013986587524414,0.13398417830467224,-0.5840455889701843,0.9846155047416687,0.10345801711082458,0.13311287760734558,-0.7781802415847778,0.9492543339729309,0.5699669122695923,0.4548070430755615,0.022485725581645966,0.9999349117279053,0.44038814306259155,0.4527133107185364,-0.022695625200867653,0.9998297691345215,0.56450355052948,0.6151029467582703,-0.057363543659448624,0.9924744963645935,0.4619370400905609,0.6218289136886597,-0.08160673826932907,0.9927238821983337,0.6091484427452087,0.693952739238739,0.8498961329460144,0.9652368426322937,0.4096742570400238,0.6974399089813232,0.7494214773178101,0.9590252041816711,0.6085258722305298,0.6924520134925842,0.9354559183120728,0.7840381264686584,0.4053399860858917,0.69680255651474,0.8290382027626038,0.6919832229614258,0.6161982417106628,0.7702098488807678,0.7446711659431458,0.9578360915184021,0.3959621787071228,0.7743526697158813,0.6392475962638855,0.9474947452545166
happy_v2_3.png,happy,0.5224168300628662,0.16231957077980042,-0.6518808007240295,0.9999908208847046,0.5364013314247131,0.14525547623634338,-0.6067088842391968,0.9999637603759766,0.5434285402297974,0.14527180790901184,-0.6067238450050354,0.9999672174453735,0.550418496131897,0.14522552490234375,-0.6068406701087952,0.9999611377716064,0.5049173831939697,0.14598217606544495,-0.6115309000015259,0.9999405145645142,0.4925503730773926,0.14683187007904053,-0.6115667819976807,0.9999372959136963,0.48159000277519226,0.1479295790195465,-0.6113992929458618,0.9999277591705322,0.5622424483299255,0.15261414647102356,-0.32826095819473267,0.999940037727356,0.46589651703834534,0.15660133957862854,-0.3458447754383087,0.9998835325241089,0.5390080809593201,0.18003448843955994,-0.5449752807617188,0.9999750852584839,0.49909958243370056,0.1818731725215912,-0.5499383211135864,0.9999608993530273,0.6168626546859741,0.2278054803609848,-0.19466687738895416,0.9999860525131226,0.4089387059211731,0.22968028485774994,-0.19271321594715118,0.999783456325531,0.7623573541641235,0.19877222180366516,-0.31320077180862427,0.9924140572547913,0.26252445578575134,0.20468860864639282,-0.1906658411026001,0.9967113733291626,0.8870803117752075,0.15869802236557007,-0.7466138601303101,0.992281973361969,0.1352771520614624,0.1581203043460846,-0.4413301646709442,0.9900819659233093,0.9310942888259888,0.14926719665527344,-0.844375729560852,0.9780980348587036,0.09100157022476196,0.14728757739067078,-0.5173254609107971,0.967481791973114,0.928068995475769,0.14369019865989685,-0.917527973651886,0.9810036420822144,0.09053823351860046,0.14197403192520142,-0.5804285407066345,0.9724411368370056,0.9141572117805481,0.1467706263065338,-0.7996636033058167,0.9836952686309814,0.10559874773025513,0.1469120979309082,-0.4841153621673584,0.9744017124176025,0.5731011629104614,0.45464393496513367,0.0050093038007617,0.9999399185180664,0.4425320029258728,0.44786936044692993,-0.005355913657695055,0.9998598098754883,0.5741663575172424,0.6207225322723389,-0.1274876594543457,0.9949641227722168,0.4446583092212677,0.6187872886657715,-0.12147027254104614,0.9968275427818298,0.6737805604934692,0.6854861974716187,0.7524056434631348,0.9823654294013977,0.3503075838088989,0.6841850280761719,0.6696839332580566,0.9850329756736755,0.687278687953949,0.6822183132171631,0.8325397372245789,0.7991694211959839,0.3381316661834717,0.6809500455856323,0.7442154884338379,0.835584819316864,0.6715908050537109,0.7744807600975037,0.6072441935539246,0.9757256507873535,0.32994189858436584,0.7736752033233643,0.5366480350494385,0.9803882837295532
happy_v2_4.png,happy,0.5173303484916687,0.14772167801856995,-0.6182988286018372,0.9999691247940063,0.5300198197364807,0.13107886910438538,-0.5643399953842163,0.9998974800109863,0.5371558666229248,0.13121002912521362,-0.5644201040267944,0.9998972415924072,0.5447272062301636,0.131269633769989,-0.5645529627799988,0.9998834133148193,0.4981686472892761,0.1317671835422516,-0.5732458233833313,0.9998587369918823,0.48544958233833313,0.13260281085968018,-0.5732377171516418,0.9998569488525391,0.473533570766449,0.13365936279296875,-0.5730927586555481,0.999843955039978,0.5545738935470581,0.13819751143455505,-0.24735625088214874,0.9998205304145813,0.45612189173698425,0.1427597999572754,-0.28556036949157715,0.999794065952301,0.5342164635658264,0.16575783491134644,-0.4983576238155365,0.999894380569458,0.49382808804512024,0.16794857382774353,-0.5091232061386108,0.9998700618743896,0.6176817417144775,0.2184796929359436,-0.06080625206232071,0.9999386072158813,0.39910888671875,0.21950693428516388,-0.13217727839946747,0.9993495345115662,0.765632152557373,0.18370741605758667,-0.15376725792884827,0.990119218826294,0.2473798394203186,0.1860489845275879,-0.2650615870952606,0.9960380792617798,0.8959975242614746,0.14046233892440796,-0.6078398823738098,0.9918862581253052,0.1259663701057434,0.1364286243915558,-0.7296749353408813,0.9906398057937622,0.9388437271118164,0.13159719109535217,-0.7094547748565674,0.976932168006897,0.08378716558218002,0.12200665473937988,-0.8346360921859741,0.9709125757217407,0.9351749420166016,0.12547218799591064,-0.7876445055007935,0.9802283644676208,0.08645191788673401,0.11763045191764832,-0.9038259983062744,0.9745255708694458,0.9206956624984741,0.1289093792438507,-0.662816047668457,0.9811144471168518,0.10149645805358887,0.1238408163189888,-0.7787157297134399,0.974617600440979,0.574338436126709,0.4534122049808502,0.01357737835496664,0.9998157620429993,0.43856677412986755,0.44769471883773804,-0.013487937860190868,0.9994763731956482,0.5859969854354858,0.6373596787452698,-0.10101108253002167,0.995173990726471,0.4393223524093628,0.6288936138153076,-0.11982565373182297,0.994425892829895,0.600421667098999,0.8154796957969666,0.3528366982936859,0.9921272993087769,0.33560726046562195,0.7492243051528931,0.37583354115486145,0.982896625995636,0.5869912505149841,0.8246506452560425,0.3775765895843506,0.854309618473053,0.32153263688087463,0.7517238855361938,0.4090540111064911,0.8060912489891052,0.598845362663269,0.8941641449928284,0.01690472848713398,0.9862897992134094,0.3242703080177307,0.8407459259033203,0.10243318974971771,0.9777146577835083
happy_v3_1.png,happy,0.5094808340072632,0.1565125584602356,-0.25724878907203674,0.9998351335525513,0.5266339778900146,0.13319572806358337,-0.20130698382854462,0.9998292922973633,0.5358384251594543,0.13199186325073242,-0.20139193534851074,0.9997836947441101,0.5438479781150818,0.1310494840145111,-0.20142193138599396,0.999815046787262,0.4920109808444977,0.13700559735298157,-0.2212427705526352,0.9997747540473938,0.47880053520202637,0.1382359266281128,-0.22126325964927673,0.9997573494911194,0.46715909242630005,0.13946035504341125,-0.22130738198757172,0.9997978806495667,0.5566213130950928,0.13917872309684753,0.11965977400541306,0.9996856451034546,0.4520804286003113,0.1500818133354187,0.038946833461523056,0.999810516834259,0.5315965414047241,0.17388007044792175,-0.13349959254264832,0.9997701048851013,0.4893457591533661,0.17652854323387146,-0.1572849303483963,0.999700665473938,0.6285257935523987,0.23403030633926392,0.2916211485862732,0.9994706511497498,0.4209830164909363,0.2426099181175232,-0.0015066928463056684,0.9995130300521851,0.7274873852729797,0.32533612847328186,-0.1470033824443817,0.9283460378646851,0.5061559677124023,0.3320290446281433,-0.21301040053367615,0.9779714941978455,0.6497732400894165,0.25038260221481323,-0.7009220123291016,0.9032459855079651,0.6316555738449097,0.24367648363113403,-0.23851875960826874,0.9555753469467163,0.6491608619689941,0.22411483526229858,-0.8181071281433105,0.8104603290557861,0.6568666696548462,0.21875354647636414,-0.30753636360168457,0.8831665515899658,0.6349461674690247,0.21412190794944763,-0.7829221487045288,0.8034854531288147,0.6516687870025635,0.20704953372478485,-0.29462677240371704,0.8707123398780823,0.6312387585639954,0.22396980226039886,-0.70686274766922,0.7703887224197388,0.642150342464447,0.21580412983894348,-0.2330697923898697,0.823071300983429,0.6188594102859497,0.4776829183101654,0.043502841144800186,0.9996391534805298,0.4803130030632019,0.47876614332199097,-0.042853958904743195,0.9996265172958374,0.5979558825492859,0.6791951060295105,0.04579538106918335,0.9774569869041443,0.40866634249687195,0.6840299963951111,-0.11005780100822449,0.9903049468994141,0.5870761275291443,0.8682866096496582,0.3814341723918915,0.9804434180259705,0.32465964555740356,0.8671965599060059,0.1725463718175888,0.9882551431655884,0.5647510886192322,0.8953021764755249,0.39672234654426575,0.8584173321723938,0.33738023042678833,0.8938869833946228,0.17993125319480896,0.782793402671814,0.6174868941307068,0.9257641434669495,0.06447071582078934,0.9727306365966797,0.27865952253341675,0.9266408681869507,-0.18809527158737183,0.9783292412757874
happy_v3_2.png,happy,0.5050340294837952,0.15875554084777832,-0.29174041748046875,0.9998712539672852,0.52108234167099,0.13730305433273315,-0.23353059589862823,0.9997974038124084,0.5304701924324036,0.13637685775756836,-0.23355217278003693,0.9997039437294006,0.5403375029563904,0.13528847694396973,-0.23351694643497467,0.9997274279594421,0.4860370457172394,0.1412525177001953,-0.23494595289230347,0.9998393058776855,0.47365283966064453,0.14253735542297363,-0.234954833984375,0.999830961227417,0.46158990263938904,0.14367085695266724,-0.23495830595493317,0.9998786449432373,0.5589922070503235,0.1417602300643921,0.07280020415782928,0.9994319081306458,0.44976285099983215,0.15235647559165955,0.0648789256811142,0.99978107213974,0.5290549993515015,0.1752803921699524,-0.17851102352142334,0.999700665473938,0.48757052421569824,0.1772119104862213,-0.18090203404426575,0.9998008608818054,0.6367871761322021,0.246042862534523,0.17501038312911987,0.9992160797119141,0.41419148445129395,0.257229208946228,0.13202838599681854,0.9995933175086975,0.7511242628097534,0.31696632504463196,-0.21202076971530914,0.9635314345359802,0.3499355614185333,0.3444380462169647,-0.2475890815258026,0.9823034405708313,0.5607016682624817,0.29975637793540955,-0.6570502519607544,0.934836745262146,0.514187753200531,0.3046802878379822,-0.6350513696670532,0.9614752531051636,0.536710262298584,0.2712712585926056,-0.7620911598205566,0.832129716873169,0.5333378314971924,0.27141669392585754,-0.7344343066215515,0.883512556552887,0.532771110534668,0.2665505111217499,-0.7147120237350464,0.8180328607559204,0.5296652913093567,0.2679271101951599,-0.6893282532691956,0.8653013110160828,0.5388340353965759,0.2779696583747864,-0.6487756967544556,0.7600802779197693,0.526777446269989,0.27989888191223145,-0.6224828362464905,0.8129264116287231,0.6247736215591431,0.4792267382144928,0.007348756771534681,0.9996143579483032,0.4815324544906616,0.4809929430484772,-0.007217522244900465,0.9996590614318848,0.5983412861824036,0.6781667470932007,0.016109582036733627,0.9793790578842163,0.4106872081756592,0.6799220442771912,-0.07582604140043259,0.9891546368598938,0.5879709720611572,0.866378903388977,0.42267513275146484,0.9773738384246826,0.32860255241394043,0.8629975914955139,0.24405978620052338,0.9885580539703369,0.5628476738929749,0.8943900465965271,0.44493263959884644,0.8160396218299866,0.34060174226760864,0.8917114734649658,0.25639858841896057,0.7950102686882019,0.6188884377479553,0.9219931364059448,0.10741274058818817,0.9664091467857361,0.27986106276512146,0.9237003326416016,-0.10568907111883163,0.9762084484100342
happy_v3_3.png,happy,0.5042960047721863,0.15819081664085388,-0.31660547852516174,0.9998441934585571,0.5226024985313416,0.13618484139442444,-0.25848013162612915,0.9997555613517761,0.5321999192237854,0.13553830981254578,-0.258505642414093,0.9996390342712402,0.5420867800712585,0.13487878441810608,-0.25847023725509644,0.999669075012207,0.4860245883464813,0.1394706666469574,-0.2606543302536011,0.9998071789741516,0.47293245792388916,0.14047542214393616,-0.26066291332244873,0.9997945427894592,0.4606441855430603,0.1412729024887085,-0.2606671452522278,0.9998544454574585,0.5581859946250916,0.14246001839637756,0.05243105813860893,0.9992865920066833,0.44746220111846924,0.1496630609035492,0.040297653526067734,0.9997307658195496,0.5263997316360474,0.17539089918136597,-0.20143288373947144,0.9996579885482788,0.48336634039878845,0.17715638875961304,-0.20502154529094696,0.9997809529304504,0.6353518962860107,0.2452295571565628,0.16442522406578064,0.9992121458053589,0.41304001212120056,0.2567005455493927,0.11873259395360947,0.9995633959770203,0.7521564960479736,0.31643205881118774,-0.21706299483776093,0.9659256935119629,0.3475716710090637,0.3444017469882965,-0.2545205354690552,0.9809581637382507,0.5608090162277222,0.29984748363494873,-0.6676270365715027,0.9381381273269653,0.5127454400062561,0.30545157194137573,-0.6447811722755432,0.9585615396499634,0.5365478992462158,0.2721111476421356,-0.7728898525238037,0.8370726704597473,0.5328662395477295,0.27295589447021484,-0.7446421384811401,0.876082181930542,0.5322180390357971,0.26687079668045044,-0.7258721590042114,0.8229703903198242,0.5292418003082275,0.26919490098953247,-0.6996307373046875,0.856884241104126,0.5381552577018738,0.2784481644630432,-0.6593433618545532,0.7637413144111633,0.5258866548538208,0.28151649236679077,-0.6320836544036865,0.8014987707138062,0.6226673126220703,0.4787350296974182,0.00981183722615242,0.9995335340499878,0.48041728138923645,0.4802576005458832,-0.009663441218435764,0.9995798468589783,0.598447322845459,0.6788796186447144,0.014485685154795647,0.9759647250175476,0.4094080328941345,0.6800165176391602,-0.09700476378202438,0.9876217246055603,0.5870636701583862,0.8667078018188477,0.405489981174469,0.9743635058403015,0.32758480310440063,0.8651117086410522,0.21656286716461182,0.9878101348876953,0.5627427101135254,0.8962144255638123,0.42580586671829224,0.8038787245750427,0.33940088748931885,0.8927267789840698,0.22826190292835236,0.7934074997901917,0.6197479367256165,0.922286331653595,0.0858183428645134,0.9629155397415161,0.2771736979484558,0.9229569435119629,-0.13703900575637817,0.9754616022109985
happy_v3_4.png,happy,0.5038838386535645,0.158604234457016,-0.3028380274772644,0.9998041987419128,0.5212104916572571,0.13680189847946167,-0.2474471628665924,0.9996733665466309,0.5309322476387024,0.13582086563110352,-0.24746260046958923,0.9995256662368774,0.5409676432609558,0.13483914732933044,-0.24742326140403748,0.999553382396698,0.48572027683258057,0.14077052474021912,-0.24566175043582916,0.9997548460960388,0.4737078547477722,0.14198222756385803,-0.24568995833396912,0.9997504353523254,0.4619109630584717,0.14304161071777344,-0.24572205543518066,0.9998273849487305,0.5602949857711792,0.1418464183807373,0.051660146564245224,0.9991028308868408,0.4497051239013672,0.15114948153495789,0.05879579856991768,0.9996993541717529,0.5286696553230286,0.1755751073360443,-0.1917179971933365,0.9995457530021667,0.4855937361717224,0.17728891968727112,-0.1897619515657425,0.9997243285179138,0.6381206512451172,0.24357810616493225,0.15951292216777802,0.9988663196563721,0.41810864210128784,0.25523999333381653,0.12800182402133942,0.9996126294136047,0.7633440494537354,0.30714935064315796,-0.23043164610862732,0.9581339359283447,0.3506588935852051,0.3420795798301697,-0.2472708374261856,0.9849728345870972,0.569168746471405,0.3017854690551758,-0.6598551869392395,0.9017665982246399,0.5163037776947021,0.31200936436653137,-0.620875358581543,0.960204541683197,0.5443825125694275,0.2758287191390991,-0.7606260776519775,0.7601640820503235,0.5406268835067749,0.27700865268707275,-0.7171908020973206,0.8766272068023682,0.5410417318344116,0.27139952778816223,-0.7099220752716064,0.7402468919754028,0.537599503993988,0.2751719653606415,-0.6695366501808167,0.8574467301368713,0.5468385219573975,0.28133559226989746,-0.6498289704322815,0.6745399832725525,0.5335066914558411,0.28710538148880005,-0.6066150665283203,0.8039400577545166,0.6230160593986511,0.478156715631485,0.0008229825180023909,0.9994866847991943,0.4800180494785309,0.4792073965072632,-0.0006789524341002107,0.9995705485343933,0.5991220474243164,0.6773529648780823,-0.004439193289726973,0.9763289093971252,0.4081520438194275,0.6805392503738403,-0.08558198064565659,0.989486813545227,0.5877644419670105,0.8671054244041443,0.37604454159736633,0.9737253785133362,0.3268672227859497,0.86503005027771,0.2117225080728531,0.9881545305252075,0.5635709762573242,0.8946361541748047,0.395712673664093,0.7899556159973145,0.3385084569454193,0.8933200836181641,0.2221493273973465,0.7932043075561523,0.618930995464325,0.9244220852851868,0.056801531463861465,0.961274266242981,0.2773602604866028,0.9252765774726868,-0.14114660024642944,0.9748490452766418
happy_v4_1.png,happy,0.5277622938156128,0.15849953889846802,-0.6389666795730591,0.9999903440475464,0.5449069142341614,0.14016321301460266,-0.5817000865936279,0.9999878406524658,0.555608332157135,0.14015346765518188,-0.5816278457641602,0.9999796152114868,0.5654082298278809,0.14043352007865906,-0.5818277597427368,0.9999866485595703,0.5105316042900085,0.1408073902130127,-0.5875481963157654,0.9999806880950928,0.4964909851551056,0.1414003074169159,-0.5876961946487427,0.999972939491272,0.48342177271842957,0.14219248294830322,-0.5874279737472534,0.9999749660491943,0.5785578489303589,0.1492161750793457,-0.24086645245552063,0.9999788999557495,0.46519187092781067,0.15160173177719116,-0.27612626552581787,0.9999426603317261,0.5467116832733154,0.1809512972831726,-0.5131757855415344,0.9999793767929077,0.503537118434906,0.1798105239868164,-0.5236376523971558,0.999953031539917,0.6342574954032898,0.2520948648452759,0.011731651611626148,0.9998615980148315,0.4203030467033386,0.23765423893928528,-0.06688430905342102,0.9991865754127502,0.7435138821601868,0.32679614424705505,0.32378125190734863,0.9858567714691162,0.3139994740486145,0.18568798899650574,-0.24547626078128815,0.9892168045043945,0.6796648502349854,0.4020170569419861,0.46046939492225647,0.9794858694076538,0.23179906606674194,0.11896102875471115,-0.6368570923805237,0.9518600106239319,0.6575654745101929,0.4198458194732666,0.469127357006073,0.9371844530105591,0.20835909247398376,0.09945070743560791,-0.7320970296859741,0.8627610802650452,0.6433242559432983,0.4079572856426239,0.38813620805740356,0.9415354132652283,0.21568146347999573,0.09611988067626953,-0.7409636378288269,0.8601115942001343,0.6464663743972778,0.4020935297012329,0.4373492896556854,0.9197109341621399,0.22532585263252258,0.10381653904914856,-0.6626752018928528,0.8601149320602417,0.6214940547943115,0.4808345139026642,0.026737011969089508,0.9994848966598511,0.4850694537162781,0.4843919575214386,-0.02675742842257023,0.9995458722114563,0.5991546511650085,0.6764158606529236,0.004295114893466234,0.988362729549408,0.4042513966560364,0.6818858981132507,-0.14700762927532196,0.9878383874893188,0.584236741065979,0.8669083118438721,0.31268468499183655,0.9857417345046997,0.32814204692840576,0.8649794459342957,0.10648772865533829,0.9914156794548035,0.5674638152122498,0.8940539956092834,0.3241313099861145,0.8987980484962463,0.3420441746711731,0.8944334387779236,0.11065085232257843,0.8670939207077026,0.6211143136024475,0.9203817844390869,0.0023784060031175613,0.9767865538597107,0.27478447556495667,0.9297060370445251,-0.24879296123981476,0.9853259325027466
happy_v4_2.png,happy,0.5030614137649536,0.14112097024917603,-0.530881941318512,0.9999845027923584,0.5200409889221191,0.12180894613265991,-0.47039154171943665,0.9999752044677734,0.5282345414161682,0.12189662456512451,-0.4703843295574188,0.9999675750732422,0.536445677280426,0.12191388756036758,-0.4704384207725525,0.9999703168869019,0.48524072766304016,0.12209242582321167,-0.47935929894447327,0.9999654293060303,0.47179126739501953,0.12196768075227737,-0.4794811010360718,0.9999637603759766,0.4593525528907776,0.1219046413898468,-0.47940942645072937,0.9999586343765259,0.5489426851272583,0.1293429434299469,-0.11193873733282089,0.9999662637710571,0.4435509741306305,0.13015508651733398,-0.15373452007770538,0.999902606010437,0.5226544737815857,0.1594887375831604,-0.39638006687164307,0.9999818801879883,0.4772634506225586,0.15944209694862366,-0.4095063805580139,0.9999508857727051,0.6145718097686768,0.2371319681406021,0.1259060949087143,0.9999444484710693,0.39003610610961914,0.22188852727413177,-0.08973873406648636,0.9993664622306824,0.7351877689361572,0.33096057176589966,0.15554317831993103,0.9884740710258484,0.32063281536102295,0.21518665552139282,-0.641027569770813,0.9848373532295227,0.6431039571762085,0.4068983495235443,-0.043260861188173294,0.9911243319511414,0.2631702721118927,0.14963847398757935,-1.4614896774291992,0.9924894571304321,0.612034797668457,0.423481822013855,-0.08341037482023239,0.9719251394271851,0.23557588458061218,0.1247151792049408,-1.6292105913162231,0.9851411581039429,0.5972169637680054,0.41043275594711304,-0.1346239149570465,0.9730371832847595,0.24873130023479462,0.11471176147460938,-1.6264548301696777,0.985159695148468,0.602876603603363,0.40418899059295654,-0.06199271231889725,0.9597801566123962,0.2632998526096344,0.12666970491409302,-1.4845833778381348,0.9789811968803406,0.5701745748519897,0.4769786298274994,0.05991550534963608,0.9996588230133057,0.423990935087204,0.47724005579948425,-0.06029892712831497,0.9995825886726379,0.5872144103050232,0.6690217852592468,-0.01030668057501316,0.9923019409179688,0.40713584423065186,0.6748669147491455,-0.14340338110923767,0.9855330586433411,0.6015456318855286,0.8623253703117371,0.3614294230937958,0.988922119140625,0.39137810468673706,0.866062581539154,0.17384834587574005,0.9889969825744629,0.5850231051445007,0.884157121181488,0.37695419788360596,0.8420441746711731,0.40371984243392944,0.8882014751434326,0.18422047793865204,0.8065671324729919,0.6136139631271362,0.9326117038726807,0.0060137915425002575,0.980797290802002,0.3691267967224121,0.9315181970596313,-0.2021726369857788,0.9828087687492371
happy_v4_3.png,happy,0.5063114762306213,0.14193055033683777,-0.49761709570884705,0.9999814033508301,0.521869421005249,0.12274699658155441,-0.43702995777130127,0.9999700784683228,0.5304371118545532,0.12282821536064148,-0.4370335042476654,0.9999605417251587,0.5400881767272949,0.12291011214256287,-0.43707260489463806,0.999964714050293,0.4875815808773041,0.12308183312416077,-0.44697892665863037,0.9999587535858154,0.4748004674911499,0.12308859825134277,-0.44708186388015747,0.9999567270278931,0.46128857135772705,0.12339358776807785,-0.4470069706439972,0.9999524354934692,0.5523066520690918,0.13056758046150208,-0.08788788318634033,0.9999547004699707,0.44267329573631287,0.13173675537109375,-0.13415230810642242,0.999884843826294,0.5258678197860718,0.16131281852722168,-0.36725008487701416,0.9999737739562988,0.48101115226745605,0.16054734587669373,-0.3815069794654846,0.9999356269836426,0.6170492768287659,0.23765388131141663,0.13595609366893768,0.9999364614486694,0.38812142610549927,0.2235332876443863,-0.07931776344776154,0.999294638633728,0.7375096082687378,0.3308553099632263,0.17775896191596985,0.9884631037712097,0.31286484003067017,0.21330709755420685,-0.6031216382980347,0.990780770778656,0.6456665992736816,0.4057435691356659,-0.010370831936597824,0.991635799407959,0.25812825560569763,0.13474366068840027,-1.3610085248947144,0.9943441152572632,0.6143064498901367,0.4228285253047943,-0.04961815103888512,0.9730263352394104,0.23168349266052246,0.10596614331007004,-1.5209810733795166,0.9865976572036743,0.5987377762794495,0.4095197319984436,-0.10170865058898926,0.9744294881820679,0.24721220135688782,0.09492072463035583,-1.5175743103027344,0.9865279793739319,0.6039844751358032,0.403218150138855,-0.029694875702261925,0.9620039463043213,0.2621156573295593,0.10710722208023071,-1.3823511600494385,0.9810824394226074,0.5710406303405762,0.4760911762714386,0.058850206434726715,0.9996509552001953,0.4253244400024414,0.47679755091667175,-0.05922150984406471,0.9995692372322083,0.588534951210022,0.6688497066497803,-0.007520421873778105,0.990549623966217,0.40931063890457153,0.6716339588165283,-0.1433429718017578,0.9818665385246277,0.6035508513450623,0.8636217713356018,0.3052160143852234,0.9878904819488525,0.3878578543663025,0.8636816740036011,0.13478314876556396,0.9852420687675476,0.5871827006340027,0.8858158588409424,0.31493669748306274,0.8434335589408875,0.4006907641887665,0.8881174325942993,0.14150695502758026,0.7722275853157043,0.6142961382865906,0.9321852922439575,-0.05763761326670647,0.979241669178009,0.36743608117103577,0.9295565485954285,-0.24190084636211395,0.9781386256217957
happy_v4_4.png,happy,0.5086936950683594,0.1410161852836609,-0.5127026438713074,0.9999815225601196,0.5237450003623962,0.12224999070167542,-0.450400173664093,0.9999706745147705,0.5324653387069702,0.12238796800374985,-0.4504016637802124,0.9999604225158691,0.5421810746192932,0.1226620152592659,-0.4504665434360504,0.9999645948410034,0.4898308515548706,0.1222684383392334,-0.4612025022506714,0.9999592304229736,0.4771352708339691,0.12220433354377747,-0.46130111813545227,0.9999566078186035,0.463503360748291,0.12243352085351944,-0.46122482419013977,0.9999520778656006,0.5535013675689697,0.1304352879524231,-0.09542804956436157,0.9999583959579468,0.4437086582183838,0.13084381818771362,-0.144860178232193,0.9998917579650879,0.5273600816726685,0.16053590178489685,-0.3800279200077057,0.999976634979248,0.4824812710285187,0.15949520468711853,-0.39527642726898193,0.9999386072158813,0.6149727702140808,0.236894890666008,0.13102178275585175,0.9999415874481201,0.38799649477005005,0.22232484817504883,-0.09381288290023804,0.9993231296539307,0.7359051704406738,0.33045530319213867,0.17424586415290833,0.9870442748069763,0.31449753046035767,0.21127942204475403,-0.6328721046447754,0.9903810620307922,0.6424797177314758,0.4077951908111572,-0.008781647309660912,0.9912064671516418,0.25859877467155457,0.1317479908466339,-1.398290991783142,0.9943660497665405,0.6130452156066895,0.4237423539161682,-0.04638192057609558,0.9725881814956665,0.23166871070861816,0.10379458218812943,-1.5620805025100708,0.9869230389595032,0.5974756479263306,0.41122403740882874,-0.0993439331650734,0.9738752841949463,0.24726785719394684,0.09188497066497803,-1.5569456815719604,0.9868250489234924,0.6026906371116638,0.4052582383155823,-0.028421973809599876,0.9611889123916626,0.2625187635421753,0.10385314375162125,-1.4196856021881104,0.9814567565917969,0.5715359449386597,0.47475466132164,0.05972348898649216,0.9996941089630127,0.4256751537322998,0.4756246507167816,-0.06011312082409859,0.9996222257614136,0.5870201587677002,0.670842707157135,-0.0036247647367417812,0.9916952252388,0.40717244148254395,0.6750999689102173,-0.13925223052501678,0.9825721979141235,0.6021913290023804,0.8630244731903076,0.3522394895553589,0.9881671071052551,0.390470951795578,0.8641246557235718,0.1682131141424179,0.9858652353286743,0.5870260000228882,0.8849514126777649,0.36674994230270386,0.8348521590232849,0.4050660729408264,0.8875855207443237,0.17834043502807617,0.7739254832267761,0.6170148253440857,0.9314682483673096,-0.0025825826451182365,0.979188859462738,0.3670371174812317,0.9313607811927795,-0.20444023609161377,0.97882080078125
happy_v5_1.png,happy,0.5143129229545593,0.19812047481536865,-0.8054602742195129,0.9999979734420776,0.5285345315933228,0.18225106596946716,-0.760787844657898,0.9999947547912598,0.53624427318573,0.18233957886695862,-0.7607548832893372,0.9999936819076538,0.5444944500923157,0.18261361122131348,-0.7607740163803101,0.9999936819076538,0.49605247378349304,0.18344667553901672,-0.7665004730224609,0.9999955892562866,0.4841064214706421,0.18430405855178833,-0.7665414214134216,0.9999954700469971,0.47265446186065674,0.18524059653282166,-0.76642245054245,0.9999961853027344,0.5537108182907104,0.1901746392250061,-0.45410388708114624,0.9999901056289673,0.45708465576171875,0.19340664148330688,-0.4822070598602295,0.9999940395355225,0.5309045910835266,0.21706175804138184,-0.6862134337425232,0.9999977350234985,0.48879703879356384,0.21724705398082733,-0.6947669982910156,0.9999983310699463,0.6115656495094299,0.29060032963752747,-0.20805896818637848,0.999984622001648,0.3946264088153839,0.28773239254951477,-0.20035484433174133,0.9999357461929321,0.7312387228012085,0.3769298195838928,-0.04693221673369408,0.9970149993896484,0.2741967439651489,0.37810570001602173,-0.06526502221822739,0.9895769357681274,0.6403887271881104,0.4448629319667816,-0.25431206822395325,0.9811577200889587,0.36244913935661316,0.4428550601005554,-0.28375136852264404,0.9629961848258972,0.6130828857421875,0.45926395058631897,-0.3244507312774658,0.9374367594718933,0.38770368695259094,0.4589095711708069,-0.3531462252140045,0.9076429009437561,0.5981094837188721,0.4476267695426941,-0.36408674716949463,0.9367914795875549,0.40371838212013245,0.445965975522995,-0.3914394974708557,0.9070695042610168,0.6034257411956787,0.44208329916000366,-0.2687058448791504,0.9125657081604004,0.39976251125335693,0.4395895004272461,-0.29724952578544617,0.8756099939346313,0.5691454410552979,0.5144671201705933,-0.018458561971783638,0.9993605017662048,0.4363943934440613,0.5095019340515137,0.018211467191576958,0.999159574508667,0.5827457904815674,0.6930965185165405,-0.04788006469607353,0.9945217370986938,0.42436647415161133,0.6944318413734436,-0.03714147210121155,0.992243230342865,0.6032400727272034,0.8682937622070312,0.2762235105037689,0.9955443739891052,0.404979407787323,0.8716769814491272,0.2706237733364105,0.9942572116851807,0.5926470756530762,0.8893817663192749,0.28807327151298523,0.885453462600708,0.4184676706790924,0.8936971426010132,0.2834448516368866,0.9002342820167542,0.6106823682785034,0.93038010597229,-0.05533887818455696,0.9909718036651611,0.377613365650177,0.9297723174095154,-0.045797865837812424,0.9893441200256348
happy_v5_2.png,happy,0.49823155999183655,0.19485896825790405,-0.802945077419281,0.9999934434890747,0.518869161605835,0.17744314670562744,-0.7592113614082336,0.9999822378158569,0.5285455584526062,0.17768871784210205,-0.7591098546981812,0.9999788999557495,0.536708652973175,0.1778937578201294,-0.7591034770011902,0.9999799728393555,0.4860186278820038,0.1783144772052765,-0.7647602558135986,0.9999864101409912,0.47364944219589233,0.17864826321601868,-0.7648272514343262,0.9999860525131226,0.46312835812568665,0.17935115098953247,-0.7646987438201904,0.9999880790710449,0.5528717041015625,0.18793177604675293,-0.47097131609916687,0.9999608993530273,0.45268043875694275,0.18867316842079163,-0.4994286000728607,0.9999780654907227,0.5206140279769897,0.21298688650131226,-0.6925153136253357,0.9999887943267822,0.4760816693305969,0.2130458652973175,-0.7010406255722046,0.9999912977218628,0.6136288046836853,0.29555603861808777,-0.24914957582950592,0.9999431371688843,0.3940248191356659,0.294950932264328,-0.2525443732738495,0.9998051524162292,0.7461579442024231,0.37359726428985596,-0.12672552466392517,0.9933638572692871,0.26448220014572144,0.3769165873527527,-0.12383482605218887,0.9744700789451599,0.6304481029510498,0.44649332761764526,-0.27054908871650696,0.9417741894721985,0.3744906187057495,0.44777026772499084,-0.22864368557929993,0.8406112194061279,0.6004894971847534,0.460349977016449,-0.32548460364341736,0.8214426040649414,0.39946919679641724,0.46096187829971313,-0.2790786623954773,0.6840535998344421,0.5910107493400574,0.45233720541000366,-0.34300994873046875,0.8164307475090027,0.4123622179031372,0.45228835940361023,-0.29682546854019165,0.6757578253746033,0.5978946685791016,0.44776657223701477,-0.27477142214775085,0.7689459919929504,0.40677356719970703,0.44711196422576904,-0.23208221793174744,0.6264340877532959,0.5729672908782959,0.5162141919136047,-0.00994104240089655,0.9991815686225891,0.4379960298538208,0.5141220092773438,0.009541884064674377,0.9991138577461243,0.6078199148178101,0.6951532363891602,0.00731535442173481,0.9924889802932739,0.41111230850219727,0.6989886164665222,-0.02465745061635971,0.9933382272720337,0.6558350920677185,0.8700105547904968,0.26800087094306946,0.9957477450370789,0.37698060274124146,0.8753294944763184,0.25415128469467163,0.9955138564109802,0.6459035873413086,0.8906686305999756,0.27504026889801025,0.8871751427650452,0.38769298791885376,0.8962640166282654,0.2651447355747223,0.8899200558662415,0.6772327423095703,0.9312995076179504,-0.05757218226790428,0.9911086559295654,0.3478144109249115,0.9313485622406006,-0.04886942729353905,0.9900568127632141
happy_v5_3.png,happy,0.5009286999702454,0.19168534874916077,-0.8560014367103577,0.9999978542327881,0.5212099552154541,0.17510715126991272,-0.8083572387695312,0.9999939203262329,0.5303868055343628,0.17551487684249878,-0.8082457184791565,0.9999926090240479,0.5389713644981384,0.1760680079460144,-0.808210015296936,0.9999927282333374,0.4876733720302582,0.17569127678871155,-0.8141540288925171,0.9999955892562866,0.4756576120853424,0.17606332898139954,-0.81422358751297,0.9999955892562866,0.4646851420402527,0.17703819274902344,-0.8140485882759094,0.9999961853027344,0.5542758703231812,0.18752405047416687,-0.5050256848335266,0.999985933303833,0.4534372389316559,0.1872178316116333,-0.5360974669456482,0.9999933242797852,0.5222433805465698,0.21079492568969727,-0.7411524653434753,0.9999969005584717,0.4779515862464905,0.21011649072170258,-0.7504066228866577,0.9999978542327881,0.61619633436203,0.29247450828552246,-0.27256256341934204,0.999976634979248,0.38785308599472046,0.2916392385959625,-0.2631370723247528,0.9999276399612427,0.7517184615135193,0.371435284614563,-0.14490906894207,0.9978381991386414,0.2576582133769989,0.3760417699813843,-0.11713986098766327,0.9894800186157227,0.6387630105018616,0.43974998593330383,-0.33583444356918335,0.978574275970459,0.3680378794670105,0.4431552588939667,-0.26200664043426514,0.9471377730369568,0.6103246212005615,0.4535292685031891,-0.4048493504524231,0.9129685759544373,0.3941054940223694,0.4571326971054077,-0.32122179865837097,0.8635708689689636,0.5943141579627991,0.44100672006607056,-0.42069900035858154,0.910045862197876,0.41230541467666626,0.4441135823726654,-0.3439795970916748,0.8590118288993835,0.5999264121055603,0.435603529214859,-0.34000837802886963,0.8781765103340149,0.4082429111003876,0.43794623017311096,-0.2672169506549835,0.8206363320350647,0.5708409547805786,0.5156012773513794,-0.01490754820406437,0.9992765784263611,0.4369353950023651,0.5107007622718811,0.014458923600614071,0.9991300702095032,0.6058202981948853,0.6935614347457886,0.02423449419438839,0.9943994879722595,0.40935999155044556,0.6984530091285706,0.017397578805685043,0.9931500554084778,0.6559049487113953,0.8703556060791016,0.31203189492225647,0.9962906837463379,0.3765926957130432,0.8741263747215271,0.31947052478790283,0.9950587749481201,0.6460708379745483,0.8885647058486938,0.32071298360824585,0.9044428467750549,0.3869639039039612,0.8946214318275452,0.33157798647880554,0.893856942653656,0.6742379665374756,0.932622492313385,-0.022531405091285706,0.9921033978462219,0.350427508354187,0.9316478967666626,0.0026700692251324654,0.9899208545684814
happy_v5_4.png,happy,0.49972254037857056,0.13689225912094116,-0.8747893571853638,0.9999979734420776,0.5204951763153076,0.11940381675958633,-0.8243425488471985,0.9999946355819702,0.5307916402816772,0.11929625272750854,-0.8242815732955933,0.9999936819076538,0.5379836559295654,0.11945659667253494,-0.8242857456207275,0.9999938011169434,0.48468196392059326,0.12074065208435059,-0.8290795087814331,0.9999959468841553,0.47177577018737793,0.12164616584777832,-0.8291406035423279,0.9999957084655762,0.46080541610717773,0.12249019742012024,-0.8289865851402283,0.9999963045120239,0.5533359050750732,0.12930524349212646,-0.49973952770233154,0.9999895095825195,0.44841405749320984,0.13219574093818665,-0.5235677361488342,0.9999936819076538,0.5220853090286255,0.15675142407417297,-0.7507198452949524,0.9999972581863403,0.47457829117774963,0.15746816992759705,-0.7579905390739441,0.9999978542327881,0.6192968487739563,0.24263931810855865,-0.25128331780433655,0.9999780654907227,0.3774542212486267,0.24215756356716156,-0.234531432390213,0.9999260902404785,0.7518157958984375,0.331185519695282,-0.10305418819189072,0.9974296689033508,0.242380753159523,0.33241069316864014,-0.09740571677684784,0.9886547327041626,0.65102618932724,0.4078340232372284,-0.3089214563369751,0.9760128855705261,0.34448033571243286,0.40749311447143555,-0.30375656485557556,0.9542524218559265,0.6149031519889832,0.4219999313354492,-0.38011395931243896,0.9139252305030823,0.37312257289886475,0.4199584424495697,-0.3704148828983307,0.8865635991096497,0.6029391288757324,0.4088882803916931,-0.4088243246078491,0.9129414558410645,0.38903626799583435,0.4071316719055176,-0.40249839425086975,0.8845534920692444,0.6096546649932861,0.4018484354019165,-0.3178810775279999,0.882523775100708,0.383192241191864,0.40116700530052185,-0.31360381841659546,0.8444738388061523,0.5690039396286011,0.48004329204559326,-0.023136157542467117,0.9992166757583618,0.4231651723384857,0.47464504837989807,0.0227678120136261,0.9990278482437134,0.5858134031295776,0.6685407161712646,-0.09290209412574768,0.9914267063140869,0.4092525839805603,0.6692244410514832,-0.05372590944170952,0.9886725544929504,0.6023921370506287,0.8619970083236694,0.17168523371219635,0.9950690269470215,0.3881707191467285,0.8661787509918213,0.22725996375083923,0.9920737743377686,0.5846041440963745,0.886978030204773,0.17668408155441284,0.9008675813674927,0.4019063711166382,0.8914442658424377,0.23556208610534668,0.8823031187057495,0.6133560538291931,0.9277297258377075,-0.19273531436920166,0.9907196760177612,0.36276599764823914,0.9267425537109375,-0.1102059856057167,0.9851995706558228
happy_v6_1.png,happy,0.5076534748077393,0.15213456749916077,-0.5883830785751343,0.9999467134475708,0.5278422832489014,0.1331981122493744,-0.5459562540054321,0.9999071359634399,0.538182258605957,0.1324785351753235,-0.5460598468780518,0.9999027252197266,0.5458834171295166,0.1319480538368225,-0.5461242198944092,0.9998819828033447,0.4924618899822235,0.13492155075073242,-0.5365411043167114,0.9999164342880249,0.48014724254608154,0.13518193364143372,-0.5364652872085571,0.9999121427536011,0.4693695604801178,0.1355951726436615,-0.5364323258399963,0.9999173879623413,0.5627817511558533,0.13825958967208862,-0.2512943148612976,0.999866247177124,0.4579494893550873,0.14204928278923035,-0.2057630717754364,0.9998425245285034,0.5286111831665039,0.1697206199169159,-0.4732808768749237,0.9998893737792969,0.48446527123451233,0.16973653435707092,-0.4614059031009674,0.9999076128005981,0.626086950302124,0.23697565495967865,-0.11277206987142563,0.9996243715286255,0.40503761172294617,0.24315550923347473,0.01960839331150055,0.9994117021560669,0.7004493474960327,0.36022692918777466,-0.3995579481124878,0.9785900712013245,0.32422393560409546,0.35954800248146057,-0.2542524039745331,0.9514184594154358,0.5340019464492798,0.3024359345436096,-0.8158891797065735,0.9181759357452393,0.48139384388923645,0.304227739572525,-0.7481350898742676,0.9334262013435364,0.5113518238067627,0.27039635181427,-0.9165756106376648,0.8132492303848267,0.5042432546615601,0.2717081308364868,-0.8531670570373535,0.8382560610771179,0.5103338360786438,0.2616293430328369,-0.8820754885673523,0.793701708316803,0.5029515027999878,0.2658460736274719,-0.8251850605010986,0.8145560026168823,0.5160024166107178,0.2713816165924072,-0.8094227313995361,0.7208950519561768,0.49981632828712463,0.27675169706344604,-0.7460891008377075,0.757056713104248,0.5796310305595398,0.4804956316947937,-0.08545640110969543,0.9987602233886719,0.43948060274124146,0.47963565587997437,0.08563551306724548,0.99796462059021,0.5933532118797302,0.6757960915565491,-0.10090122371912003,0.9924138188362122,0.4367852210998535,0.6762470006942749,0.10936794430017471,0.9795762300491333,0.6157879829406738,0.8702962398529053,0.16497261822223663,0.990921676158905,0.42551618814468384,0.8580073118209839,0.38311436772346497,0.9826443791389465,0.6221597194671631,0.9008919596672058,0.1684739887714386,0.831547737121582,0.4409056007862091,0.8862534761428833,0.39114177227020264,0.876969575881958,0.558806836605072,0.9297507405281067,-0.21657325327396393,0.9824652671813965,0.3446054458618164,0.9125871062278748,0.05176026374101639,0.9715613126754761
happy_v6_2.png,happy,0.5084413290023804,0.15718674659729004,-0.6318447589874268,0.9999651908874512,0.5270744562149048,0.13672330975532532,-0.5926535725593567,0.9999361038208008,0.5380619168281555,0.1351390779018402,-0.5928127765655518,0.9999392032623291,0.5460978746414185,0.13391903042793274,-0.5928855538368225,0.9999229907989502,0.491558313369751,0.14029499888420105,-0.5831053853034973,0.9999278783798218,0.4793758988380432,0.14098012447357178,-0.5830411911010742,0.9999203681945801,0.46991896629333496,0.14187556505203247,-0.5830313563346863,0.9999152421951294,0.563530683517456,0.140250563621521,-0.2993146479129791,0.9999206066131592,0.4592828154563904,0.1483910083770752,-0.25372666120529175,0.9998341798782349,0.529166579246521,0.17450103163719177,-0.5160249471664429,0.9999251365661621,0.48715904355049133,0.17553800344467163,-0.5040960311889648,0.9999228715896606,0.6253520250320435,0.24475540220737457,-0.156578928232193,0.9998227953910828,0.40604883432388306,0.24629339575767517,0.007238794583827257,0.9993677735328674,0.6527027487754822,0.380084365606308,-0.39326760172843933,0.9758450388908386,0.3444959223270416,0.3689175844192505,-0.23300234973430634,0.8963841795921326,0.5166323781013489,0.316222608089447,-0.8214904069900513,0.9577848315238953,0.45596396923065186,0.3175782561302185,-0.7914050221443176,0.9069806933403015,0.49893656373023987,0.28320497274398804,-0.9256985187530518,0.9093653559684753,0.4776619076728821,0.2833077311515808,-0.9043564796447754,0.8196083903312683,0.5027748346328735,0.27281954884529114,-0.9142702221870422,0.9030334949493408,0.47777852416038513,0.273762583732605,-0.8936518430709839,0.7994911670684814,0.5072674751281738,0.2808772325515747,-0.8238551616668701,0.8515655398368835,0.4743043780326843,0.2829292416572571,-0.7991675734519958,0.7415916323661804,0.5724809169769287,0.48120972514152527,-0.08469931036233902,0.998666524887085,0.43815264105796814,0.4810502827167511,0.08490269631147385,0.9980987906455994,0.5930234789848328,0.6725195646286011,-0.09664114564657211,0.9924762845039368,0.4358893632888794,0.6729318499565125,0.0615222230553627,0.982606828212738,0.6102370023727417,0.8677781224250793,0.177940234541893,0.991491973400116,0.42724084854125977,0.8576664924621582,0.36581090092658997,0.9855905771255493,0.6191065311431885,0.8958489894866943,0.18133015930652618,0.8081740140914917,0.440538614988327,0.8864966034889221,0.37652379274368286,0.896324634552002,0.5572568774223328,0.9326084852218628,-0.21181493997573853,0.9845610857009888,0.3443049192428589,0.9119950532913208,0.03575224056839943,0.9772473573684692
happy_v6_3.png,happy,0.4905751347541809,0.15130272507667542,-0.6001867651939392,0.9999667406082153,0.5111657381057739,0.13123303651809692,-0.5648518800735474,0.9999371767044067,0.5245405435562134,0.12950459122657776,-0.5650477409362793,0.9999405145645142,0.5345492362976074,0.12830567359924316,-0.5651211142539978,0.9999192953109741,0.47464483976364136,0.13518327474594116,-0.5506903529167175,0.9999356269836426,0.464563250541687,0.13635995984077454,-0.5506771206855774,0.9999287128448486,0.4566996395587921,0.137195885181427,-0.5506636500358582,0.9999197721481323,0.5554946660995483,0.13675963878631592,-0.284792423248291,0.9999345541000366,0.4500284194946289,0.14576604962348938,-0.21820849180221558,0.9998568296432495,0.5154304504394531,0.16852796077728271,-0.4888879358768463,0.9999426603317261,0.4709438383579254,0.1709183156490326,-0.47086578607559204,0.9999351501464844,0.6143909096717834,0.24106240272521973,-0.17415235936641693,0.99982750415802,0.40849125385284424,0.24662524461746216,0.06940940022468567,0.999624490737915,0.6107128262519836,0.38214412331581116,-0.3807678818702698,0.9668144583702087,0.3554305136203766,0.38068926334381104,-0.12136384099721909,0.8222924470901489,0.47089922428131104,0.3197327256202698,-0.7922809720039368,0.926568865776062,0.4009071886539459,0.33263006806373596,-0.714695394039154,0.8611568212509155,0.44338083267211914,0.2929116487503052,-0.900966227054596,0.8821783065795898,0.40918266773223877,0.31071579456329346,-0.8339065313339233,0.791714608669281,0.4496786594390869,0.2802407145500183,-0.90543532371521,0.8780670166015625,0.4092485308647156,0.2982492446899414,-0.8460202217102051,0.7791824340820312,0.4565274119377136,0.28624558448791504,-0.8005925416946411,0.8231555819511414,0.41089504957199097,0.3026769161224365,-0.7348268032073975,0.7299116849899292,0.5706261992454529,0.484376460313797,-0.10362976789474487,0.9991676807403564,0.4369153082370758,0.4841850996017456,0.10382400453090668,0.9987766146659851,0.5943179130554199,0.6762581467628479,-0.1189989447593689,0.9942370653152466,0.4361027181148529,0.6759457588195801,0.15670564770698547,0.9804725050926208,0.6077926754951477,0.8682643175125122,0.15016315877437592,0.992992639541626,0.43099692463874817,0.8592957854270935,0.4769666790962219,0.9853841662406921,0.6215455532073975,0.8963087797164917,0.1531720757484436,0.8385244607925415,0.4436069428920746,0.8891948461532593,0.4881684482097626,0.905076265335083,0.5523601770401001,0.9344682097434998,-0.23665645718574524,0.9878684282302856,0.3426172435283661,0.9143474102020264,0.16001909971237183,0.9783868789672852
happy_v6_4.png,happy,0.5094725489616394,0.14855718612670898,-0.670576274394989,0.9999499320983887,0.5264595746994019,0.12823128700256348,-0.6249138116836548,0.999920129776001,0.5343962907791138,0.1282300055027008,-0.6250702142715454,0.9999123811721802,0.5439174175262451,0.12821102142333984,-0.6251389384269714,0.9999021291732788,0.4929506182670593,0.12995949387550354,-0.6265351176261902,0.9998927116394043,0.4807579219341278,0.13048407435417175,-0.6265109181404114,0.9998785257339478,0.46778976917266846,0.13128662109375,-0.6264889240264893,0.9998829364776611,0.5591420531272888,0.13779911398887634,-0.2943170368671417,0.9998743534088135,0.45044612884521484,0.13967791199684143,-0.29955458641052246,0.9997885823249817,0.5267248153686523,0.16879281401634216,-0.5410354137420654,0.9999340772628784,0.48608189821243286,0.1689465045928955,-0.5433528423309326,0.9999302625656128,0.6166213154792786,0.2441004514694214,-0.08366864919662476,0.9998074173927307,0.39296966791152954,0.24576802551746368,-0.07491521537303925,0.9994188547134399,0.6461585760116577,0.3823607563972473,-0.30671340227127075,0.9611218571662903,0.35685062408447266,0.3788488805294037,-0.3117694556713104,0.9229739308357239,0.5173065662384033,0.31833261251449585,-0.8224645256996155,0.9374037981033325,0.48438557982444763,0.3172518312931061,-0.8588554263114929,0.9042676687240601,0.5025015473365784,0.2860161066055298,-0.9354063272476196,0.8604674935340881,0.5039743781089783,0.2866007387638092,-0.9764944314956665,0.8174722790718079,0.5047063231468201,0.27810728549957275,-0.921278178691864,0.8535297513008118,0.49871593713760376,0.27995607256889343,-0.9675955176353455,0.7991670370101929,0.5080495476722717,0.2856330871582031,-0.8264073133468628,0.79167640209198,0.492937833070755,0.28779035806655884,-0.8651706576347351,0.7267921566963196,0.5667377710342407,0.47958022356033325,0.0011112738866358995,0.9992362260818481,0.4201367199420929,0.4766720235347748,-0.0011321600759401917,0.9985886216163635,0.5883656740188599,0.6767818927764893,-0.0496533177793026,0.9924110174179077,0.41236039996147156,0.6766879558563232,-0.011033370159566402,0.9905633926391602,0.5996187925338745,0.8623145222663879,0.4068623185157776,0.9927195310592651,0.38777443766593933,0.8634179830551147,0.4220849573612213,0.9904525279998779,0.5878630876541138,0.8895455598831177,0.43027785420417786,0.8795042634010315,0.39748454093933105,0.8875724673271179,0.4448389410972595,0.8482984304428101,0.6190226078033447,0.9305770397186279,0.022068776190280914,0.9879618287086487,0.36666202545166016,0.92652428150177,0.05083930492401123,0.9841008186340332
happy_v7_1.png,happy,0.5082935690879822,0.14835304021835327,-0.6224009990692139,0.9999997615814209,0.5315635800361633,0.1310417652130127,-0.5909062027931213,0.9999995231628418,0.541364312171936,0.13146117329597473,-0.5907877087593079,0.9999995231628418,0.5507319569587708,0.13187724351882935,-0.5908157825469971,0.9999992847442627,0.49930620193481445,0.129795640707016,-0.5668693780899048,0.9999994039535522,0.48837903141975403,0.12924954295158386,-0.5668871998786926,0.9999994039535522,0.4784664511680603,0.1288624107837677,-0.5666749477386475,0.9999992847442627,0.5666183233261108,0.1396160125732422,-0.3383502960205078,0.9999996423721313,0.4713192582130432,0.13563582301139832,-0.23452605307102203,0.9999984502792358,0.5285228490829468,0.16569465398788452,-0.5223931670188904,0.9999991655349731,0.48579949140548706,0.16349658370018005,-0.49366459250450134,0.9999986886978149,0.6123005151748657,0.23669520020484924,-0.27465641498565674,0.9999967813491821,0.4290849566459656,0.23861640691757202,0.13890203833580017,0.9999899864196777,0.6979429721832275,0.3371228575706482,-0.18967702984809875,0.999594509601593,0.32754039764404297,0.3297345042228699,-0.07699670642614365,0.9885332584381104,0.7823580503463745,0.43620535731315613,-0.2572788894176483,0.9984002709388733,0.27449876070022583,0.24521030485630035,-0.7409310936927795,0.9974918365478516,0.812648594379425,0.4658546447753906,-0.28134268522262573,0.994484007358551,0.26211991906166077,0.22223839163780212,-0.8234983682632446,0.9931877851486206,0.8008038401603699,0.4697009325027466,-0.3369544744491577,0.9952398538589478,0.27265241742134094,0.2145303338766098,-0.8429216742515564,0.9932852983474731,0.7879544496536255,0.4619230329990387,-0.2738111615180969,0.9939374923706055,0.2804686725139618,0.221903458237648,-0.7644689679145813,0.9905035495758057,0.5831249952316284,0.45336616039276123,-0.21597114205360413,0.9999741315841675,0.49835216999053955,0.45973899960517883,0.21548867225646973,0.9999840259552002,0.3364892899990082,0.49081388115882874,-0.5172551274299622,0.9988014698028564,0.52999347448349,0.6486628651618958,0.11463924497365952,0.9652984738349915,0.5193225145339966,0.6407558917999268,-0.033698029816150665,0.9970819354057312,0.5818333029747009,0.8359192609786987,0.3538784384727478,0.9953017234802246,0.5549840331077576,0.6511841416358948,0.012671140022575855,0.9848104119300842,0.6209461688995361,0.846565842628479,0.3641439378261566,0.9893402457237244,0.4912056028842926,0.7235803604125977,-0.03930250555276871,0.9974187612533569,0.5307359099388123,0.9095404744148254,0.1695912629365921,0.9942840933799744
happy_v7_2.png,happy,0.5106344223022461,0.14981192350387573,-0.6397903561592102,0.9999998807907104,0.5336108803749084,0.13215944170951843,-0.6047875881195068,0.9999997615814209,0.543383777141571,0.13246822357177734,-0.6047469973564148,0.9999997615814209,0.5521795153617859,0.13276389241218567,-0.6048468351364136,0.9999996423721313,0.49957701563835144,0.13061672449111938,-0.5808367729187012,0.9999996423721313,0.48807504773139954,0.13019734621047974,-0.5808059573173523,0.9999996423721313,0.4776943027973175,0.129847913980484,-0.580512523651123,0.9999995231628418,0.5665883421897888,0.13996461033821106,-0.34192490577697754,0.9999997615814209,0.47019892930984497,0.13741666078567505,-0.23772023618221283,0.9999991655349731,0.5303061008453369,0.16646993160247803,-0.5366991758346558,0.9999995231628418,0.4862309396266937,0.16521614789962769,-0.5074376463890076,0.9999992847442627,0.6125513911247253,0.23347705602645874,-0.27515435218811035,0.9999988079071045,0.42391782999038696,0.2373700886964798,0.1606713980436325,0.9999923706054688,0.7253836393356323,0.3219398856163025,-0.197475865483284,0.9997909665107727,0.32327601313591003,0.33017799258232117,-0.03280876576900482,0.9910780787467957,0.8397485613822937,0.4004213511943817,-0.3267839550971985,0.9995002746582031,0.2739790976047516,0.24403035640716553,-0.6992314457893372,0.9986282587051392,0.8748985528945923,0.42478716373443604,-0.36184075474739075,0.9981069564819336,0.2608635127544403,0.22128812968730927,-0.7807928323745728,0.9957605004310608,0.8681020736694336,0.4266967177391052,-0.4270879328250885,0.9984533786773682,0.2717057168483734,0.2122710794210434,-0.8000263571739197,0.9958751797676086,0.8551695942878723,0.42052069306373596,-0.34986111521720886,0.997968852519989,0.27872347831726074,0.21888278424739838,-0.7229243516921997,0.9940352439880371,0.5836196541786194,0.4534147381782532,-0.21845412254333496,0.9999761581420898,0.5042224526405334,0.46057987213134766,0.21818509697914124,0.9999847412109375,0.34161365032196045,0.4911242723464966,-0.5514678359031677,0.9989200830459595,0.5290113091468811,0.6455134153366089,0.11976882070302963,0.9720956683158875,0.5182073712348938,0.6394176483154297,-0.03142882511019707,0.9966322779655457,0.5826830267906189,0.834109365940094,0.35527607798576355,0.9955536723136902,0.5554247498512268,0.6494616270065308,0.01941603235900402,0.982975423336029,0.62137770652771,0.8467842936515808,0.3652063310146332,0.9897393584251404,0.4878426492214203,0.7251591682434082,-0.020347924903035164,0.9970822930335999,0.5336897373199463,0.9074357151985168,0.180444598197937,0.9949778914451599
happy_v7_3.png,happy,0.5108689069747925,0.14948517084121704,-0.6556901335716248,1.0,0.5330827236175537,0.13196879625320435,-0.619766354560852,0.9999998807907104,0.5428255200386047,0.13225358724594116,-0.6197383999824524,0.9999998807907104,0.551301121711731,0.13255354762077332,-0.6198514103889465,0.9999997615814209,0.4992978274822235,0.13082492351531982,-0.5948676466941833,0.9999998807907104,0.4877757728099823,0.13066977262496948,-0.5948361158370972,0.9999998807907104,0.47742632031440735,0.13052168488502502,-0.5945326089859009,0.9999997615814209,0.566199541091919,0.13976505398750305,-0.34640640020370483,0.9999998807907104,0.4694858491420746,0.13843226432800293,-0.2400064319372177,0.9999996423721313,0.5308971405029297,0.1661882996559143,-0.5489750504493713,0.9999997615814209,0.48681512475013733,0.165319561958313,-0.5189288258552551,0.9999995231628418,0.6109557151794434,0.2330055683851242,-0.2726132273674011,0.9999985694885254,0.42612940073013306,0.23826174437999725,0.1584233194589615,0.9999942779541016,0.7189557552337646,0.32112520933151245,-0.2065342515707016,0.9998276233673096,0.32419317960739136,0.33085042238235474,-0.07299046218395233,0.9925824403762817,0.8360956907272339,0.39680802822113037,-0.3449748158454895,0.9996222257614136,0.273463636636734,0.24446217715740204,-0.8024086356163025,0.9989996552467346,0.8733346462249756,0.422963410615921,-0.38460177183151245,0.9984613656997681,0.25897708535194397,0.2219819724559784,-0.8933141231536865,0.9969995021820068,0.865188717842102,0.4255601465702057,-0.45201125741004944,0.9987512826919556,0.27030256390571594,0.2132686972618103,-0.9170669913291931,0.9970574378967285,0.8518413305282593,0.4191270172595978,-0.3693300783634186,0.9983623623847961,0.2777590751647949,0.2203676998615265,-0.8287543058395386,0.9957310557365417,0.5791612267494202,0.4518659710884094,-0.21840357780456543,0.999969482421875,0.5075854659080505,0.46061035990715027,0.2182454764842987,0.9999855756759644,0.33776193857192993,0.49018409848213196,-0.4751119613647461,0.9984466433525085,0.531520426273346,0.6469703316688538,0.11406809836626053,0.9680590033531189,0.5180591940879822,0.6419817805290222,-0.05764707922935486,0.996002733707428,0.5791630148887634,0.8480610847473145,0.31119656562805176,0.9945437908172607,0.5590536594390869,0.6542907953262329,-0.01750248298048973,0.9887606501579285,0.6172952055931091,0.8654807209968567,0.31599152088165283,0.989879846572876,0.4881365895271301,0.7285075187683105,-0.049502912908792496,0.9969568252563477,0.5393613576889038,0.9056267142295837,0.1264714151620865,0.993333637714386
happy_v7_4.png,happy,0.5101426839828491,0.15116044878959656,-0.6081171631813049,0.9999998807907104,0.5327478647232056,0.13291263580322266,-0.5716868042945862,0.9999998807907104,0.5425525307655334,0.1331542730331421,-0.5716561079025269,0.9999998807907104,0.5507913827896118,0.13347330689430237,-0.5718158483505249,0.9999997615814209,0.49969685077667236,0.13262471556663513,-0.5499124526977539,0.9999998807907104,0.4884141683578491,0.13210764527320862,-0.5498325228691101,0.9999997615814209,0.4781833589076996,0.13164299726486206,-0.54948890209198,0.9999997615814209,0.566857099533081,0.14092719554901123,-0.29613059759140015,0.9999998807907104,0.4719644784927368,0.13755393028259277,-0.20430584251880646,0.9999996423721313,0.5310054421424866,0.16741696000099182,-0.4999160170555115,0.9999997615814209,0.48741668462753296,0.16635224223136902,-0.4741527736186981,0.9999995231628418,0.611769437789917,0.23158222436904907,-0.21014449000358582,0.9999990463256836,0.4309779405593872,0.2371474951505661,0.1797662228345871,0.9999943971633911,0.7160859107971191,0.3165469467639923,-0.0874130055308342,0.9998806715011597,0.32961681485176086,0.3279260993003845,-0.039601944386959076,0.9913000464439392,0.8348375558853149,0.39569950103759766,-0.15819181501865387,0.9997468590736389,0.2760717272758484,0.24495330452919006,-0.7483024597167969,0.9987820982933044,0.8722335696220398,0.4208802878856659,-0.18038251996040344,0.998889148235321,0.26309385895729065,0.22239883244037628,-0.8351553082466125,0.9963243007659912,0.8656539916992188,0.42289358377456665,-0.2518584132194519,0.9991058707237244,0.2723018527030945,0.2140502631664276,-0.8600205183029175,0.9964509010314941,0.852583110332489,0.4172840416431427,-0.1815253496170044,0.9988056421279907,0.2798166275024414,0.22114256024360657,-0.7753239870071411,0.9950026869773865,0.580395519733429,0.4440612196922302,-0.19900569319725037,0.9999825954437256,0.505669355392456,0.4518758952617645,0.19886498153209686,0.999990701675415,0.3194516599178314,0.4455946385860443,-0.46416762471199036,0.9989041090011597,0.5265211462974548,0.6364531517028809,0.08133150637149811,0.9856593608856201,0.4865309000015259,0.5982856750488281,0.0014528611209243536,0.9946812987327576,0.5801620483398438,0.8378892540931702,0.2330935001373291,0.9964285492897034,0.5292572379112244,0.613200843334198,0.04671645537018776,0.9809156060218811,0.6172103881835938,0.8704620599746704,0.23576942086219788,0.9905834197998047,0.46167293190956116,0.6867299675941467,0.022887837141752243,0.9958608746528625,0.5324252247810364,0.9019339680671692,0.04601093754172325,0.9953787326812744
happy_v8_1.png,happy,0.5205748677253723,0.15231063961982727,-0.6162736415863037,0.9999903440475464,0.5411661267280579,0.1348450779914856,-0.574209988117218,0.9999668598175049,0.5503845810890198,0.13486036658287048,-0.574388325214386,0.9999706745147705,0.5588639974594116,0.1352362334728241,-0.5744670629501343,0.9999709129333496,0.5051203966140747,0.1353040635585785,-0.5761001110076904,0.9999481439590454,0.4927016794681549,0.13596972823143005,-0.5760493874549866,0.9999439716339111,0.4807600677013397,0.13668066263198853,-0.5760186314582825,0.9999369382858276,0.5697823762893677,0.14284607768058777,-0.2870407700538635,0.9999449253082275,0.4668198227882385,0.14479994773864746,-0.29896190762519836,0.999864935874939,0.5406603217124939,0.1706705093383789,-0.5046438574790955,0.9999812841415405,0.49423348903656006,0.17027145624160767,-0.5082294940948486,0.999970555305481,0.6259140968322754,0.250141978263855,-0.10431217402219772,0.9999872446060181,0.408072829246521,0.24871951341629028,-0.07230084389448166,0.9998788833618164,0.6548019051551819,0.37022972106933594,-0.011280972510576248,0.9807470440864563,0.3740297853946686,0.3722893297672272,0.05392726510763168,0.943229079246521,0.7287559509277344,0.4711650311946869,-0.3139701783657074,0.9850271940231323,0.3065316677093506,0.4704945385456085,-0.1909097582101822,0.9401233792304993,0.7606254816055298,0.5003358125686646,-0.39575159549713135,0.9708779454231262,0.27285057306289673,0.5035168528556824,-0.26386892795562744,0.9050909876823425,0.7569448351860046,0.5013760924339294,-0.49306488037109375,0.9739760160446167,0.2754839360713959,0.5028731226921082,-0.3651942312717438,0.9140999913215637,0.7466935515403748,0.49274832010269165,-0.3611210584640503,0.9680511951446533,0.28964418172836304,0.49337100982666016,-0.23961199820041656,0.9082356691360474,0.5814602971076965,0.4902607500553131,-0.013501785695552826,0.9997003078460693,0.4431605339050293,0.4860503375530243,0.013554629869759083,0.9994946718215942,0.5601174831390381,0.6910090446472168,-0.03746629133820534,0.9889699220657349,0.46921706199645996,0.6884799599647522,-0.02503049559891224,0.9836336970329285,0.5610377788543701,0.8716303110122681,0.3041378855705261,0.9883588552474976,0.47748419642448425,0.8682229518890381,0.32381293177604675,0.9795544147491455,0.5494585633277893,0.8911712169647217,0.3166898190975189,0.8218174576759338,0.48490026593208313,0.8895204067230225,0.33799833059310913,0.7502667307853699,0.5670647621154785,0.9331742525100708,-0.037209462374448776,0.9814268946647644,0.45634379982948303,0.9289849400520325,-0.005365663208067417,0.9726952910423279
happy_v8_2.png,happy,0.518337607383728,0.15607473254203796,-0.7924720048904419,0.9999978542327881,0.53787761926651,0.1369774341583252,-0.755882203578949,0.9999929666519165,0.5464617013931274,0.136929452419281,-0.7560926079750061,0.9999933242797852,0.5558377504348755,0.13696250319480896,-0.7562474012374878,0.9999933242797852,0.50049889087677,0.13612839579582214,-0.7567830681800842,0.9999884366989136,0.487411767244339,0.1360262930393219,-0.7568054795265198,0.9999866485595703,0.47566917538642883,0.1361994743347168,-0.7567468881607056,0.9999845027923584,0.5684747695922852,0.14429613947868347,-0.46197083592414856,0.9999897480010986,0.4645627439022064,0.1455654501914978,-0.4704324007034302,0.9999707937240601,0.536375880241394,0.17551276087760925,-0.6756155490875244,0.9999951124191284,0.49323228001594543,0.17573514580726624,-0.6780306696891785,0.9999920129776001,0.62428879737854,0.25069987773895264,-0.2348925918340683,0.9999943971633911,0.40823689103126526,0.2493596374988556,-0.19971869885921478,0.9999309778213501,0.7043811082839966,0.3638076186180115,-0.10854648798704147,0.9926254153251648,0.3214028775691986,0.3666386604309082,-0.06050221994519234,0.9611148834228516,0.8279547095298767,0.44593197107315063,-0.39179956912994385,0.994026780128479,0.2060507833957672,0.44369474053382874,-0.3306642174720764,0.9705495238304138,0.8704954385757446,0.4702276289463043,-0.45802608132362366,0.9858385920524597,0.1620335876941681,0.4693814516067505,-0.3971995413303375,0.9486258029937744,0.8723815679550171,0.4683232009410858,-0.5761873722076416,0.9880394339561462,0.16028191149234772,0.4667089581489563,-0.5156296491622925,0.9564851522445679,0.8572951555252075,0.46051985025405884,-0.44673922657966614,0.9862844944000244,0.17543837428092957,0.45998015999794006,-0.3875739574432373,0.9542802572250366,0.580920934677124,0.4897558391094208,-0.011821024119853973,0.9996439218521118,0.44784101843833923,0.48748353123664856,0.011828463524580002,0.9993674159049988,0.5628452897071838,0.6903751492500305,-0.013979535549879074,0.9872400164604187,0.4713188409805298,0.6899412870407104,-0.013543104752898216,0.9841168522834778,0.5598872900009155,0.8677606582641602,0.2960350811481476,0.9887304902076721,0.4779292047023773,0.8688312768936157,0.30240482091903687,0.984584391117096,0.5477902293205261,0.8882161378860474,0.3042028248310089,0.8466887474060059,0.4887217879295349,0.8884364366531372,0.31286272406578064,0.8081594705581665,0.5698446035385132,0.9344796538352966,-0.045378584414720535,0.9822306036949158,0.4589468836784363,0.9295607805252075,-0.027864573523402214,0.9791760444641113
happy_v8_3.png,happy,0.5156862735748291,0.1494807004928589,-0.4065856635570526,0.9999996423721313,0.5360554456710815,0.13180270791053772,-0.3601556718349457,0.9999990463256836,0.5455398559570312,0.13219550251960754,-0.36035916209220886,0.9999990463256836,0.553775429725647,0.13280245661735535,-0.36049628257751465,0.999998927116394,0.49959224462509155,0.1304815709590912,-0.3559509813785553,0.9999983310699463,0.48706406354904175,0.1301666498184204,-0.3559252917766571,0.9999978542327881,0.4767942726612091,0.13025134801864624,-0.35571277141571045,0.999997615814209,0.5684576630592346,0.14117112755775452,-0.0754685178399086,0.9999992847442627,0.4670729339122772,0.13994038105010986,-0.06117823347449303,0.9999970197677612,0.533099889755249,0.16949093341827393,-0.2994062900543213,0.9999995231628418,0.49020490050315857,0.17055532336235046,-0.2953874468803406,0.9999990463256836,0.6250619888305664,0.2503647804260254,0.07082736492156982,0.9999972581863403,0.40446358919143677,0.24658869206905365,0.1768743395805359,0.99996018409729,0.7026501893997192,0.3619263768196106,-0.08477174490690231,0.996539831161499,0.3239961266517639,0.3620022237300873,0.01922701857984066,0.9794898629188538,0.820229172706604,0.2861798405647278,-0.5421443581581116,0.9988646507263184,0.21570265293121338,0.2831578254699707,-0.594319760799408,0.9974090456962585,0.8625189065933228,0.2715289890766144,-0.6312894225120544,0.9966513514518738,0.17313116788864136,0.26705244183540344,-0.6944969892501831,0.9943994879722595,0.8599136471748352,0.261077344417572,-0.6715914011001587,0.9967591166496277,0.17442774772644043,0.2574520409107208,-0.7343553304672241,0.9947156310081482,0.8438315391540527,0.2642609477043152,-0.5704188942909241,0.9957222938537598,0.19219571352005005,0.2605908215045929,-0.6295482516288757,0.993357241153717,0.5818641781806946,0.4891277253627777,-0.0354008786380291,0.9998481273651123,0.4496803283691406,0.4885849356651306,0.03560713306069374,0.9997320771217346,0.5627087354660034,0.6866583228111267,-0.07693144679069519,0.9957834482192993,0.46220502257347107,0.6881469488143921,-0.02274336852133274,0.9933348894119263,0.5578834414482117,0.8708754181861877,0.3665158450603485,0.9920313358306885,0.4778841733932495,0.8683577179908752,0.3631478548049927,0.9912117123603821,0.5445165038108826,0.8903293609619141,0.3912397027015686,0.8673092126846313,0.4900548756122589,0.8893487453460693,0.38369491696357727,0.8905349969863892,0.5629673600196838,0.9307459592819214,0.0688432976603508,0.9874215126037598,0.4562232494354248,0.9292909502983093,0.0656406581401825,0.9877417087554932
happy_v8_4.png,happy,0.5200100541114807,0.1496192216873169,-0.7969199419021606,0.9999905824661255,0.5393303036689758,0.13189569115638733,-0.7577388882637024,0.9999703168869019,0.5484706163406372,0.13238409161567688,-0.7579329013824463,0.9999717473983765,0.5564002394676208,0.1330140233039856,-0.758027970790863,0.9999725818634033,0.5022944211959839,0.13067898154258728,-0.757916271686554,0.9999549388885498,0.4894925355911255,0.13054290413856506,-0.757938027381897,0.999945878982544,0.47840386629104614,0.1308659315109253,-0.7580491304397583,0.9999392032623291,0.5693593621253967,0.14179357886314392,-0.46555718779563904,0.9999569654464722,0.4668630361557007,0.14077389240264893,-0.4698737859725952,0.9998629093170166,0.5378377437591553,0.17131298780441284,-0.6823028326034546,0.9999862909317017,0.49363964796066284,0.17181050777435303,-0.683775782585144,0.9999769926071167,0.6216069459915161,0.2538784146308899,-0.2526286244392395,0.9999701976776123,0.4093826413154602,0.25406599044799805,-0.2146955132484436,0.9998233914375305,0.6562094688415527,0.37585121393203735,-0.12991870939731598,0.9836259484291077,0.37297549843788147,0.37663137912750244,-0.06567372381687164,0.9248602986335754,0.7388467192649841,0.47327736020088196,-0.43169286847114563,0.9867774844169617,0.29544973373413086,0.47394171357154846,-0.3233283758163452,0.9285973906517029,0.7728250026702881,0.5010591745376587,-0.5064854621887207,0.9735367894172668,0.2592412233352661,0.5068536996841431,-0.3927561938762665,0.890396237373352,0.7709941864013672,0.5024691820144653,-0.6161279678344727,0.9765352606773376,0.2605561316013336,0.507880449295044,-0.5010036826133728,0.9026544690132141,0.7577376365661621,0.4941558241844177,-0.48159244656562805,0.9713430404663086,0.27327030897140503,0.4990062415599823,-0.37416353821754456,0.8992449045181274,0.5792813897132874,0.48923957347869873,-0.008909827098250389,0.9990026354789734,0.4433402121067047,0.4855812191963196,0.008848186582326889,0.9989199638366699,0.5605987906455994,0.6840795278549194,-0.0276641808450222,0.9848388433456421,0.466802716255188,0.6893916130065918,-0.02016887255012989,0.9794119000434875,0.5493116974830627,0.8362987637519836,0.46313410997390747,0.9764385223388672,0.4744529128074646,0.8656068444252014,0.37648463249206543,0.9784452319145203,0.5385587811470032,0.8513604402542114,0.49112293124198914,0.7797856330871582,0.480476975440979,0.884636402130127,0.3948896825313568,0.7700316309928894,0.5721591711044312,0.9013929963111877,0.15753710269927979,0.9675365686416626,0.4551818370819092,0.9303990602493286,0.03083997219800949,0.9686421751976013
sad_v1_1.png,sad,0.5189120173454285,0.3093644380569458,-0.977222204208374,0.9999665021896362,0.5288246273994446,0.29565852880477905,-1.0040217638015747,0.9998515844345093,0.5367440581321716,0.29358118772506714,-1.0038492679595947,0.9998824596405029,0.5445122122764587,0.2911093831062317,-1.0039063692092896,0.9998921155929565,0.5034745335578918,0.2963537871837616,-1.0008286237716675,0.9997952580451965,0.494371622800827,0.2949833273887634,-1.0010123252868652,0.9997928738594055,0.4855501651763916,0.2934185862541199,-1.0011637210845947,0.9997462630271912,0.5494313836097717,0.2732701301574707,-0.8762423992156982,0.9998235106468201,0.46726536750793457,0.2805321216583252,-0.8629443645477295,0.9995647072792053,0.5331434011459351,0.3117256462574005,-0.900374174118042,0.9999531507492065,0.500554621219635,0.31249111890792847,-0.8976667523384094,0.9998984336853027,0.6218727827072144,0.2907942831516266,-0.6472213864326477,0.999994158744812,0.40898025035858154,0.29906752705574036,-0.5621577501296997,0.9999558925628662,0.6397987008094788,0.4257608652114868,-0.4931967854499817,0.9945387244224548,0.39800402522087097,0.43437761068344116,-0.3554331362247467,0.9739839434623718,0.6417819857597351,0.5585131049156189,-0.5736547708511353,0.9961187839508057,0.3918190002441406,0.5592016577720642,-0.38277527689933777,0.9761825203895569,0.6491059064865112,0.5971176624298096,-0.6040735840797424,0.9897167086601257,0.3865717947483063,0.5991958975791931,-0.4013030529022217,0.9538624882698059,0.6269223690032959,0.5945054888725281,-0.674426794052124,0.9910426139831543,0.4064541757106781,0.5993764400482178,-0.4661334753036499,0.9590533971786499,0.616263747215271,0.5828011631965637,-0.5945307612419128,0.9883837103843689,0.41614213585853577,0.5874797701835632,-0.4042932689189911,0.9517735838890076,0.5784839987754822,0.4867281913757324,-0.023508790880441666,0.9998569488525391,0.4661825895309448,0.49030452966690063,0.0230089221149683,0.9998190999031067,0.5558856725692749,0.6783825755119324,-0.1069406047463417,0.9502184987068176,0.4858303964138031,0.6776975393295288,-0.06197141483426094,0.9350178241729736,0.5605722069740295,0.8698230385780334,0.018040819093585014,0.9704440832138062,0.4748116433620453,0.8701730370521545,0.07468605786561966,0.9503700137138367,0.5510636568069458,0.889148473739624,0.015561521984636784,0.7661450505256653,0.4829525351524353,0.8919429779052734,0.07431194186210632,0.6393313407897949,0.5654499530792236,0.9355596899986267,-0.24515877664089203,0.9685379862785339,0.463844358921051,0.9326602816581726,-0.17778603732585907,0.957493782043457
sad_v1_2.png,sad,0.4691499173641205,0.3053385019302368,-0.8979554176330566,0.9999819993972778,0.47304415702819824,0.2852223217487335,-0.922133207321167,0.9998503923416138,0.4822787046432495,0.27969956398010254,-0.9220126867294312,0.9998867511749268,0.49001315236091614,0.2741376459598541,-0.9220365285873413,0.9998717308044434,0.4445701539516449,0.29583391547203064,-0.9063786864280701,0.9998469352722168,0.4352198839187622,0.2974163889884949,-0.9066590070724487,0.9998763799667358,0.42610180377960205,0.2987416386604309,-0.9069711565971375,0.9998431205749512,0.5012036561965942,0.2558615803718567,-0.8290068507194519,0.9997329115867615,0.41496741771698,0.2904313802719116,-0.7582830190658569,0.9998170733451843,0.4982186555862427,0.3086850047111511,-0.8442541360855103,0.9999722242355347,0.46455317735671997,0.3203354477882385,-0.8242829442024231,0.9999673366546631,0.6053690314292908,0.29616594314575195,-0.6383922696113586,0.9999897480010986,0.40210583806037903,0.3314594626426697,-0.5518656373023987,0.9999858140945435,0.6236004829406738,0.4449259042739868,-0.5626893639564514,0.9943612813949585,0.3934156894683838,0.4637733995914459,-0.4122787117958069,0.9959160685539246,0.613811731338501,0.5710857510566711,-0.5939570069313049,0.9949620962142944,0.3858729600906372,0.5853821039199829,-0.44554051756858826,0.9935991764068604,0.6187534332275391,0.6069236993789673,-0.6195522546768188,0.9896816611289978,0.3832828998565674,0.6250556111335754,-0.4578615725040436,0.9864423274993896,0.5917144417762756,0.6039142608642578,-0.6615505218505859,0.9896458983421326,0.40317222476005554,0.622865617275238,-0.507683277130127,0.9861685633659363,0.582820475101471,0.593458354473114,-0.6037947535514832,0.9860418438911438,0.41088637709617615,0.6108484864234924,-0.4610395133495331,0.9838385581970215,0.5845587849617004,0.4837806224822998,0.006903538480401039,0.9999454021453857,0.4738273620605469,0.4912879467010498,-0.007889335043728352,0.9999536275863647,0.5615601539611816,0.6843236684799194,0.014216011390089989,0.932946503162384,0.4870455861091614,0.6869773268699646,-0.08742021769285202,0.9723419547080994,0.5681160688400269,0.8686632513999939,0.11005019396543503,0.9739620089530945,0.40280234813690186,0.8626459836959839,-0.0245159100741148,0.9755692481994629,0.5513765215873718,0.8910796046257019,0.10696116089820862,0.7798746228218079,0.3834587037563324,0.8868274688720703,-0.030195113271474838,0.7121258974075317,0.5602647662162781,0.9308894872665405,-0.08835909515619278,0.9713655710220337,0.4354557693004608,0.9258452653884888,-0.24037021398544312,0.9756273627281189
sad_v1_3.png,sad,0.5149715542793274,0.3226509988307953,-1.1201808452606201,0.9999843835830688,0.526086688041687,0.30437928438186646,-1.1432504653930664,0.9998818635940552,0.5341175198554993,0.30212926864624023,-1.14306640625,0.9999092817306519,0.5422266125679016,0.2997346520423889,-1.1431050300598145,0.9998973608016968,0.49772530794143677,0.3074083924293518,-1.1381251811981201,0.9998766183853149,0.48634690046310425,0.3071563243865967,-1.1384694576263428,0.9998990297317505,0.47596198320388794,0.3066502809524536,-1.138740062713623,0.9998663663864136,0.5504027605056763,0.28382983803749084,-1.00754976272583,0.9998219609260559,0.4510769844055176,0.2949911952018738,-0.9886178970336914,0.9998680353164673,0.5283041000366211,0.33111026883125305,-1.045408010482788,0.9999755620956421,0.4980020821094513,0.3348765969276428,-1.0407408475875854,0.9999731779098511,0.6118553876876831,0.3185504972934723,-0.7434642910957336,0.9999922513961792,0.4076319932937622,0.3286324143409729,-0.7068750262260437,0.9999860525131226,0.6268707513809204,0.4587213397026062,-0.6111790537834167,0.9954007267951965,0.4035893678665161,0.4633505046367645,-0.5367423892021179,0.9965205192565918,0.6185238361358643,0.5847206115722656,-0.6698150634765625,0.9968066215515137,0.39922675490379333,0.5888664126396179,-0.5944662690162659,0.9939897060394287,0.6238463521003723,0.6211704015731812,-0.7009074687957764,0.9928069114685059,0.3974308669567108,0.6283124685287476,-0.6201921105384827,0.987136960029602,0.60059654712677,0.6195638179779053,-0.7596161961555481,0.9930437803268433,0.42227309942245483,0.6270164251327515,-0.6776069402694702,0.9876092672348022,0.5912607908248901,0.6097087264060974,-0.6862401366233826,0.9904449582099915,0.42992082238197327,0.6158966422080994,-0.6128632426261902,0.9853370785713196,0.5752415657043457,0.480692982673645,0.022263161838054657,0.9999610185623169,0.4730370044708252,0.48192667961120605,-0.023075120523571968,0.9999707937240601,0.5531728863716125,0.6808018088340759,0.020708134397864342,0.923714280128479,0.4859253466129303,0.6851808428764343,-0.15192098915576935,0.9705760478973389,0.564188539981842,0.8652739524841309,0.1666790097951889,0.9647031426429749,0.40201839804649353,0.8629397749900818,-0.07442228496074677,0.9742494225502014,0.5529019236564636,0.8883011937141418,0.16631834208965302,0.7359921336174011,0.3822503089904785,0.886788010597229,-0.08115629851818085,0.7211953997612,0.5621663331985474,0.9290597438812256,-0.06280339509248734,0.9637718796730042,0.4391021132469177,0.9263280630111694,-0.3347601890563965,0.975305438041687
sad_v1_4.png,sad,0.5231427550315857,0.3355206251144409,-0.7797405123710632,0.999996542930603,0.5312033295631409,0.3187742233276367,-0.8166462182998657,0.9999642372131348,0.5386052131652832,0.3160412907600403,-0.8165080547332764,0.9999756813049316,0.5459693074226379,0.31315839290618896,-0.8165833353996277,0.999968409538269,0.5059850811958313,0.32252395153045654,-0.814041256904602,0.9999555349349976,0.4960820972919464,0.32216066122055054,-0.814295768737793,0.999966025352478,0.48627230525016785,0.3214106559753418,-0.8145074248313904,0.9999454021453857,0.5509241819381714,0.2971723675727844,-0.7647272348403931,0.9999498128890991,0.46377691626548767,0.30977532267570496,-0.7554219961166382,0.9999620914459229,0.536657452583313,0.3396391272544861,-0.7364366054534912,0.9999945163726807,0.5063348412513733,0.34333348274230957,-0.7348736524581909,0.9999929666519165,0.6202352046966553,0.3226460814476013,-0.5927369594573975,0.9999964237213135,0.40438348054885864,0.33531323075294495,-0.5695664882659912,0.9999878406524658,0.6313326954841614,0.4527117609977722,-0.4954952597618103,0.9973987340927124,0.4000086784362793,0.46728265285491943,-0.45921462774276733,0.9979682564735413,0.6246625781059265,0.5833618640899658,-0.5041260123252869,0.9977239966392517,0.3962871730327606,0.5935114622116089,-0.4617246687412262,0.9960611462593079,0.6300042867660522,0.6186038851737976,-0.517156183719635,0.9952098727226257,0.39411306381225586,0.6273581981658936,-0.47088053822517395,0.9918678402900696,0.6073328256607056,0.6159480214118958,-0.564472496509552,0.9954074025154114,0.4153822362422943,0.6261424422264099,-0.5083269476890564,0.9920984506607056,0.5974443554878235,0.6079793572425842,-0.5168737173080444,0.9940306544303894,0.4235977530479431,0.617251455783844,-0.47171950340270996,0.9905582666397095,0.5761827826499939,0.48440518975257874,0.006346093490719795,0.9999880790710449,0.4681706130504608,0.4873712360858917,-0.007421883754432201,0.9999837875366211,0.5605596303939819,0.6775457859039307,0.014333703555166721,0.974479615688324,0.47799351811408997,0.6850293874740601,0.0016185984713956714,0.978919267654419,0.5671089887619019,0.8717564344406128,0.06767036020755768,0.9883435964584351,0.400776743888855,0.8590409755706787,0.04817376658320427,0.9854015111923218,0.5590263605117798,0.8917991518974304,0.06017409637570381,0.8656760454177856,0.38793298602104187,0.8828049898147583,0.03835964947938919,0.7768858075141907,0.5657586455345154,0.934660017490387,-0.10977033525705338,0.9884392619132996,0.4315122067928314,0.9240555763244629,-0.14188306033611298,0.9866273999214172
sad_v2_1.png,sad,0.5442953109741211,0.2888434827327728,-0.6771507859230042,0.9978485107421875,0.5550539493560791,0.27194270491600037,-0.6761687994003296,0.9959973096847534,0.5631107091903687,0.2703956961631775,-0.6761878132820129,0.9964935183525085,0.5712754726409912,0.26849859952926636,-0.6762433648109436,0.9960792660713196,0.5282483696937561,0.2716805338859558,-0.6834336519241333,0.9949877262115479,0.5162331461906433,0.27044594287872314,-0.6836227178573608,0.9951460957527161,0.5040500164031982,0.2690330743789673,-0.6838082671165466,0.9952645301818848,0.5727226138114929,0.25680357217788696,-0.43782708048820496,0.9982093572616577,0.47103676199913025,0.26097968220710754,-0.46354594826698303,0.9970698356628418,0.5529860258102417,0.29811301827430725,-0.5612006187438965,0.9987247586250305,0.5233350992202759,0.29824942350387573,-0.5705907344818115,0.998297393321991,0.616300642490387,0.289052814245224,-0.23761868476867676,0.9999693632125854,0.4000774025917053,0.30200573801994324,-0.2203529179096222,0.9998471736907959,0.5879994630813599,0.3814504146575928,-0.39525169134140015,0.949030876159668,0.44738250970840454,0.40110886096954346,-0.43584010004997253,0.9531408548355103,0.4531421661376953,0.35503387451171875,-0.6875812411308289,0.9094720482826233,0.5765778422355652,0.3609023988246918,-0.7965014576911926,0.9135276079177856,0.4091704189777374,0.34912556409835815,-0.762516975402832,0.8338167071342468,0.6118108034133911,0.3519996404647827,-0.8806199431419373,0.826143205165863,0.4091466963291168,0.3370344936847687,-0.7407001852989197,0.8240578174591064,0.6121926307678223,0.3409656286239624,-0.8681376576423645,0.8183371424674988,0.4256212115287781,0.3392849564552307,-0.6793392896652222,0.7688377499580383,0.6022475957870483,0.34412217140197754,-0.7962098121643066,0.7517575025558472,0.5716004967689514,0.5022815465927124,-0.024541590362787247,0.9995075464248657,0.43864959478378296,0.5051023960113525,0.02489013411104679,0.9990236759185791,0.5477701425552368,0.696586012840271,-0.14470361173152924,0.9899952411651611,0.4748283326625824,0.6941888332366943,-0.06508218497037888,0.9760718941688538,0.5568827986717224,0.8736903667449951,0.10536514967679977,0.9854041934013367,0.4575757086277008,0.8728501796722412,0.15980257093906403,0.9652202725410461,0.5477505922317505,0.892528772354126,0.11184637248516083,0.7046958804130554,0.4582630395889282,0.8898232579231262,0.16727404296398163,0.6968449354171753,0.5372140407562256,0.9345343112945557,-0.2408292144536972,0.9790578484535217,0.46987050771713257,0.9301385283470154,-0.14541655778884888,0.9657125473022461
sad_v2_2.png,sad,0.5377826690673828,0.2878434956073761,-0.37413129210472107,0.9966121315956116,0.5514273643493652,0.2713053822517395,-0.3666350841522217,0.9943476319313049,0.56020587682724,0.26974526047706604,-0.3666767477989197,0.9947340488433838,0.5691698789596558,0.2678694725036621,-0.36675065755844116,0.994392991065979,0.5220485329627991,0.27163609862327576,-0.3730594515800476,0.9929392337799072,0.5088383555412292,0.27062124013900757,-0.37321558594703674,0.993050217628479,0.4958752393722534,0.2692940831184387,-0.37339282035827637,0.9942339062690735,0.574077844619751,0.2575991153717041,-0.13885408639907837,0.9970682263374329,0.4649718403816223,0.262362003326416,-0.15861666202545166,0.9958174824714661,0.5492399334907532,0.3001483976840973,-0.265987753868103,0.9975767731666565,0.5131121277809143,0.29885420203208923,-0.273330956697464,0.9970128536224365,0.607300877571106,0.29891276359558105,0.0200042724609375,0.9999121427536011,0.40876519680023193,0.30553507804870605,0.030617447569966316,0.9998038411140442,0.5737186074256897,0.38329726457595825,-0.14102520048618317,0.7871562838554382,0.45425546169281006,0.39616698026657104,-0.15944121778011322,0.9316637516021729,0.4540722370147705,0.3517364263534546,-0.4143333435058594,0.6902629733085632,0.5780535936355591,0.3489904999732971,-0.46546196937561035,0.89314204454422,0.4220571219921112,0.3443804383277893,-0.486510694026947,0.6019328236579895,0.6133587956428528,0.3385718762874603,-0.5406575202941895,0.8015141487121582,0.4228372275829315,0.33824455738067627,-0.4702974557876587,0.5881977677345276,0.613275408744812,0.32837098836898804,-0.5314329862594604,0.790296733379364,0.4348124861717224,0.3417240083217621,-0.4112449288368225,0.5253146886825562,0.6035465002059937,0.3320927321910858,-0.46634331345558167,0.7262921333312988,0.5718103647232056,0.5038421750068665,-0.0217867661267519,0.9993915557861328,0.4385871887207031,0.5070842504501343,0.022225677967071533,0.9989551305770874,0.5431542992591858,0.6982306838035583,-0.1585417091846466,0.9910991787910461,0.46808305382728577,0.6956479549407959,-0.07773149013519287,0.9811214208602905,0.5550207495689392,0.8752405643463135,0.12352212518453598,0.9869530200958252,0.45115530490875244,0.8750354647636414,0.17244461178779602,0.9702428579330444,0.546135663986206,0.8918473720550537,0.13387103378772736,0.6765690445899963,0.45206350088119507,0.8904878497123718,0.1825740933418274,0.7064840793609619,0.5263151526451111,0.9372913241386414,-0.2201990783214569,0.9790650606155396,0.4635375440120697,0.9353170990943909,-0.13080668449401855,0.9668353796005249
sad_v2_3.png,sad,0.5366137027740479,0.2993316650390625,-0.5824042558670044,0.9993022680282593,0.5490131974220276,0.2819893956184387,-0.5908061861991882,0.998757004737854,0.5572271347045898,0.28052419424057007,-0.5907444357872009,0.9988738894462585,0.56644606590271,0.27851438522338867,-0.5907643437385559,0.9986704587936401,0.5190694332122803,0.2822227478027344,-0.5883805155754089,0.9984039664268494,0.5058861374855042,0.2809966206550598,-0.5885727405548096,0.9983654618263245,0.4928714632987976,0.279421329498291,-0.5886642336845398,0.9983772039413452,0.5751432180404663,0.2653244733810425,-0.39220765233039856,0.999529242515564,0.46769821643829346,0.2698118984699249,-0.37556061148643494,0.998870313167572,0.550540030002594,0.30848973989486694,-0.48130160570144653,0.9995319843292236,0.515923023223877,0.3094519078731537,-0.4783742129802704,0.999313235282898,0.620562732219696,0.2996262311935425,-0.1960919052362442,0.9999734163284302,0.40609440207481384,0.300026535987854,-0.1408739686012268,0.9999247789382935,0.5886317491531372,0.3998468518257141,-0.2645537257194519,0.94953852891922,0.4475628137588501,0.40299496054649353,-0.3701128363609314,0.9418083429336548,0.45551612973213196,0.353465735912323,-0.38000360131263733,0.8903090953826904,0.5754886269569397,0.35074383020401,-0.7338359355926514,0.887657642364502,0.41303378343582153,0.3466576337814331,-0.420918732881546,0.776201069355011,0.6113682389259338,0.34109848737716675,-0.8065171837806702,0.7689715027809143,0.41353607177734375,0.33594146370887756,-0.39900606870651245,0.7620652914047241,0.6111188530921936,0.32927125692367554,-0.780761182308197,0.7472589612007141,0.4291044771671295,0.3377220034599304,-0.3659537136554718,0.6989956498146057,0.60081946849823,0.3319520354270935,-0.7293217778205872,0.6735622882843018,0.5725456476211548,0.5010266304016113,-0.016024811193346977,0.9997678399085999,0.44031214714050293,0.5019908547401428,0.016462327912449837,0.9996746778488159,0.5522521138191223,0.6965134143829346,-0.12939408421516418,0.9924101829528809,0.47007375955581665,0.6931412220001221,-0.06184280291199684,0.9878252148628235,0.5595160722732544,0.8734696507453918,0.14505122601985931,0.9876206517219543,0.4444192945957184,0.8730843663215637,0.17828787863254547,0.9816473126411438,0.5438187122344971,0.8919082880020142,0.15561087429523468,0.7853361964225769,0.44919368624687195,0.8925943374633789,0.1860063374042511,0.7838365435600281,0.5543380975723267,0.9365184307098389,-0.17820869386196136,0.983984649181366,0.4459603428840637,0.9350915551185608,-0.12158956378698349,0.9790124893188477
sad_v2_4.png,sad,0.531384289264679,0.3014202117919922,-0.8253767490386963,0.9993934631347656,0.5443084239959717,0.28401076793670654,-0.8427359461784363,0.9989032745361328,0.553544282913208,0.28154075145721436,-0.8427074551582336,0.9989621639251709,0.5624410510063171,0.27862024307250977,-0.84274822473526,0.9987629652023315,0.5114061832427979,0.2855614125728607,-0.8395662307739258,0.9986446499824524,0.49894753098487854,0.2843291163444519,-0.8398131132125854,0.9986566305160522,0.48638084530830383,0.2827325761318207,-0.8399840593338013,0.9986936450004578,0.5721752047538757,0.2626802623271942,-0.6435526013374329,0.999556839466095,0.465951532125473,0.27141574025154114,-0.6224372982978821,0.9993259906768799,0.5478227734565735,0.30503344535827637,-0.7195537090301514,0.9996978044509888,0.5127747654914856,0.30749648809432983,-0.7155038714408875,0.9995749592781067,0.6231188178062439,0.27837181091308594,-0.403483122587204,0.999985933303833,0.40140193700790405,0.29455244541168213,-0.34791672229766846,0.999953031539917,0.6060271859169006,0.38737642765045166,-0.4749583303928375,0.9565141201019287,0.42820441722869873,0.4005780816078186,-0.5282893180847168,0.9641847610473633,0.45445653796195984,0.3694695830345154,-0.6836380362510681,0.9111051559448242,0.5734424591064453,0.36387062072753906,-0.8664162755012512,0.9365299344062805,0.4114131033420563,0.3657025098800659,-0.7411561012268066,0.8273026347160339,0.6102331280708313,0.3591505289077759,-0.9402489066123962,0.8661854863166809,0.41090482473373413,0.35402461886405945,-0.7301841378211975,0.8179410696029663,0.6120616793632507,0.35026898980140686,-0.9223058223724365,0.8577451705932617,0.42556723952293396,0.35521888732910156,-0.6746513843536377,0.7577029466629028,0.6018686890602112,0.35123205184936523,-0.8617291450500488,0.7981934547424316,0.5745329260826111,0.4914190471172333,-0.02682401053607464,0.9998008608818054,0.43916356563568115,0.4920642077922821,0.02719936892390251,0.9996854066848755,0.5553500056266785,0.6961913108825684,-0.14273765683174133,0.9922409057617188,0.4533393085002899,0.6954464316368103,-0.020682865753769875,0.9864349365234375,0.5624973773956299,0.8699781894683838,0.14748452603816986,0.9866653680801392,0.4428974986076355,0.8731896877288818,0.21297554671764374,0.9785163402557373,0.5456794500350952,0.8910508155822754,0.1592646837234497,0.7726096510887146,0.4511134922504425,0.8906835913658142,0.22159406542778015,0.7647057771682739,0.5546622276306152,0.9365594387054443,-0.17461438477039337,0.9824792146682739,0.43917322158813477,0.9337254762649536,-0.07889548689126968,0.9762449264526367
sad_v3_1.png,sad,0.53944993019104,0.24455848336219788,-0.5838146805763245,0.9999417066574097,0.5565223097801208,0.22488437592983246,-0.5688359141349792,0.9998061060905457,0.5654094815254211,0.22438956797122955,-0.5689231753349304,0.9998345375061035,0.5748685598373413,0.22375375032424927,-0.5689875483512878,0.9998056292533875,0.5238605737686157,0.22469817101955414,-0.5620288848876953,0.9997090697288513,0.5102062225341797,0.2241804599761963,-0.5619202852249146,0.9996594190597534,0.4987542927265167,0.22353461384773254,-0.5619687438011169,0.9996079802513123,0.5860207676887512,0.2216539978981018,-0.3068390190601349,0.9996892213821411,0.4797546863555908,0.22051963210105896,-0.27852311730384827,0.9997155070304871,0.554533064365387,0.2581994831562042,-0.4678823947906494,0.9999198913574219,0.5166356563568115,0.25990456342697144,-0.4607599675655365,0.9999409914016724,0.6320961713790894,0.2847668528556824,-0.11660926789045334,0.9999890327453613,0.4143020212650299,0.2828717529773712,0.02402956411242485,0.9999818801879883,0.5838843584060669,0.4119518995285034,-0.35047248005867004,0.9799392223358154,0.39699286222457886,0.4140234887599945,0.1977040320634842,0.9359979033470154,0.5527368783950806,0.30100876092910767,-0.855189323425293,0.9925013780593872,0.39729100465774536,0.531828761100769,0.05618621036410332,0.9059953093528748,0.5492604970932007,0.27221977710723877,-0.9629037976264954,0.9853825569152832,0.3907051980495453,0.5715823769569397,0.027953043580055237,0.8458231687545776,0.561321496963501,0.2615397274494171,-0.9582575559616089,0.9851519465446472,0.4142344892024994,0.5719302296638489,-0.04153549298644066,0.8487797975540161,0.5603431463241577,0.27165302634239197,-0.8642629981040955,0.9750828146934509,0.42265406250953674,0.5602707862854004,0.02977793477475643,0.8208428621292114,0.5759302973747253,0.5102541446685791,-0.01869586482644081,0.9995262622833252,0.4533165991306305,0.5092775225639343,0.018784264102578163,0.9991951584815979,0.5587232708930969,0.695030152797699,-0.0860503688454628,0.9819722771644592,0.4629201591014862,0.6944297552108765,-0.0594673715531826,0.9848086833953857,0.5568399429321289,0.8713909387588501,0.22083331644535065,0.9776695370674133,0.4537069797515869,0.8741148710250854,0.24692261219024658,0.9663073420524597,0.5513778328895569,0.8890611529350281,0.23700043559074402,0.7771774530410767,0.45548373460769653,0.8938722014427185,0.26128605008125305,0.7195284962654114,0.5456563830375671,0.9334138035774231,-0.09293200075626373,0.9700474739074707,0.476949006319046,0.9318416118621826,-0.064732626080513,0.9554534554481506
sad_v3_2.png,sad,0.54323410987854,0.25022003054618835,-0.6109228134155273,0.9998798370361328,0.556815505027771,0.23393164575099945,-0.5957494378089905,0.9996063113212585,0.5655367374420166,0.2327207773923874,-0.5958131551742554,0.9996353387832642,0.573981523513794,0.23147964477539062,-0.5958912372589111,0.9995586276054382,0.5251309871673584,0.2355223298072815,-0.5897437930107117,0.9994856119155884,0.512040376663208,0.23550520837306976,-0.589665412902832,0.9994087219238281,0.499227911233902,0.2353484183549881,-0.5897204875946045,0.9993928670883179,0.5828372836112976,0.22821730375289917,-0.3303954601287842,0.9992358684539795,0.4750162661075592,0.23131035268306732,-0.3043617606163025,0.9995490908622742,0.5581152439117432,0.26155930757522583,-0.49337121844291687,0.9997839331626892,0.5187673568725586,0.2650993764400482,-0.48667556047439575,0.9998660087585449,0.6297380924224854,0.2817450761795044,-0.12278179824352264,0.9999626874923706,0.4129665493965149,0.2921467423439026,-0.0050776307471096516,0.9999760389328003,0.5723193883895874,0.41017335653305054,-0.33000531792640686,0.9268356561660767,0.39901992678642273,0.4214636981487274,0.17004840075969696,0.9397226572036743,0.5583608150482178,0.31222981214523315,-0.8136916160583496,0.9652709364891052,0.3953620195388794,0.5410205721855164,0.048413876444101334,0.8945189118385315,0.5546848177909851,0.2886669635772705,-0.9131752252578735,0.9457461833953857,0.38798201084136963,0.5810949802398682,0.022875303402543068,0.82745361328125,0.5678634643554688,0.2785572409629822,-0.9102963209152222,0.9451773762702942,0.40905559062957764,0.5817691087722778,-0.042707409709692,0.8319725394248962,0.5660995244979858,0.28544819355010986,-0.824234664440155,0.9194062948226929,0.41765478253364563,0.5686375498771667,0.023522378876805305,0.8078279495239258,0.5754921436309814,0.5060304403305054,-0.012354854494333267,0.9992824196815491,0.45584723353385925,0.5093579292297363,0.012390796095132828,0.9990911483764648,0.5571566224098206,0.6968979835510254,-0.08058634400367737,0.9789133667945862,0.46584486961364746,0.6973953247070312,-0.07861500233411789,0.9842182397842407,0.5562393069267273,0.8690006136894226,0.2504393756389618,0.9761264324188232,0.4538770020008087,0.8698556423187256,0.24924466013908386,0.965812087059021,0.548294723033905,0.8840681910514832,0.2697815001010895,0.7553391456604004,0.4542996883392334,0.8882413506507874,0.2669995427131653,0.6908186674118042,0.5476191639900208,0.9363714456558228,-0.0508931465446949,0.9656657576560974,0.47782161831855774,0.934672474861145,-0.05509446561336517,0.9521426558494568
sad_v3_3.png,sad,0.5381616353988647,0.2454109638929367,-0.4859583079814911,0.9997380375862122,0.5533551573753357,0.22741061449050903,-0.47064608335494995,0.9990569949150085,0.5618860721588135,0.22640396654605865,-0.4707169532775879,0.9992300271987915,0.5699752569198608,0.22543463110923767,-0.470774382352829,0.9990921020507812,0.5239380598068237,0.2286868691444397,-0.46416938304901123,0.9987245202064514,0.5127498507499695,0.22848673164844513,-0.46410974860191345,0.9986134767532349,0.5022947192192078,0.2280111014842987,-0.4642722010612488,0.9985206723213196,0.5779528617858887,0.22239798307418823,-0.22113588452339172,0.9982808828353882,0.48402413725852966,0.2235264778137207,-0.19425202906131744,0.9988172054290771,0.557682454586029,0.25490301847457886,-0.37610238790512085,0.9995230436325073,0.5224767327308655,0.2566794455051422,-0.3695511221885681,0.9996728897094727,0.6327325701713562,0.2871030271053314,-0.06043607369065285,0.999948263168335,0.41629472374916077,0.2848670482635498,0.0731542631983757,0.9999608993530273,0.5799906253814697,0.4056391716003418,-0.3000068962574005,0.9542637467384338,0.3996419608592987,0.41295498609542847,0.21531599760055542,0.9271895289421082,0.5757456421852112,0.286513090133667,-0.7754678726196289,0.9814475774765015,0.3990062475204468,0.5306078791618347,0.07556796818971634,0.8888049721717834,0.5682525038719177,0.2559830844402313,-0.8793132901191711,0.9674246907234192,0.39186030626296997,0.5718531608581543,0.04650535434484482,0.8253877758979797,0.5761617422103882,0.24772095680236816,-0.8798576593399048,0.9670038819313049,0.4137135148048401,0.5721456408500671,-0.020290739834308624,0.8289839625358582,0.5784713625907898,0.25842708349227905,-0.7877243161201477,0.9494444727897644,0.4227757453918457,0.5603473782539368,0.04941578581929207,0.8000594973564148,0.5754780173301697,0.5097874402999878,-0.028870651498436928,0.9992566704750061,0.4512001574039459,0.5087522268295288,0.028958123177289963,0.9991361498832703,0.5589622259140015,0.6959089636802673,-0.10933749377727509,0.9821611642837524,0.4628603756427765,0.6954164505004883,-0.06336536258459091,0.9835141897201538,0.5569894313812256,0.874061107635498,0.14575406908988953,0.9783781170845032,0.4539652168750763,0.8731880784034729,0.20875638723373413,0.962219774723053,0.5504906177520752,0.8938978314399719,0.1569639891386032,0.7706223726272583,0.4563860595226288,0.8953332901000977,0.21978436410427094,0.6687873601913452,0.5438226461410522,0.9358311891555786,-0.17914408445358276,0.9710280299186707,0.4744628369808197,0.9327787756919861,-0.10425078123807907,0.9489719271659851
sad_v3_4.png,sad,0.5435564517974854,0.2562934160232544,-0.5673210024833679,0.999413251876831,0.5561898350715637,0.24058662354946136,-0.5564262866973877,0.997802197933197,0.5638982653617859,0.23915088176727295,-0.5564591288566589,0.9981826543807983,0.5710496306419373,0.2375999391078949,-0.5564976334571838,0.9978353381156921,0.5294867157936096,0.24183200299739838,-0.5508501529693604,0.9971895813941956,0.5189703702926636,0.24126531183719635,-0.5508384108543396,0.9970605969429016,0.5087426900863647,0.24019116163253784,-0.5511206388473511,0.9969850182533264,0.5745512247085571,0.2316269874572754,-0.3209828734397888,0.9954665899276733,0.49045151472091675,0.23245516419410706,-0.2978186309337616,0.9973692893981934,0.5593554377555847,0.2635945975780487,-0.46151190996170044,0.9988856911659241,0.5284467935562134,0.26368629932403564,-0.45619338750839233,0.9992445707321167,0.6364262700080872,0.2941751480102539,-0.1503954827785492,0.9998849630355835,0.41608142852783203,0.29063647985458374,-0.030971819534897804,0.999951958656311,0.578214168548584,0.42068326473236084,-0.3945351541042328,0.9247809052467346,0.3973100185394287,0.42232006788253784,0.10516057908535004,0.9304213523864746,0.5753688216209412,0.30758363008499146,-0.9086169004440308,0.9701197743415833,0.3976227343082428,0.5422767996788025,-0.02432888187468052,0.9000747203826904,0.5714437961578369,0.27413320541381836,-1.0082308053970337,0.9517948627471924,0.39056795835494995,0.5810005068778992,-0.046721383929252625,0.8391448259353638,0.5787733197212219,0.26369571685791016,-1.0088216066360474,0.9516234397888184,0.4118667244911194,0.5821225047111511,-0.10728807002305984,0.8436464071273804,0.5800063610076904,0.2744027376174927,-0.9208545088768005,0.926777184009552,0.42116689682006836,0.569690465927124,-0.046835947781801224,0.8137882947921753,0.5807125568389893,0.509178638458252,-0.02966027334332466,0.998584508895874,0.4579114317893982,0.5105841755867004,0.029532846063375473,0.9988484382629395,0.5555145144462585,0.6963976621627808,-0.12396349757909775,0.9817826151847839,0.46648699045181274,0.6979176998138428,-0.0666341781616211,0.9809641242027283,0.5556741952896118,0.8729847073554993,0.13457082211971283,0.9769550561904907,0.45322227478027344,0.8719525933265686,0.2057046890258789,0.9612954258918762,0.5488263964653015,0.8913936614990234,0.14637552201747894,0.7460320591926575,0.45588967204093933,0.8928728699684143,0.21715614199638367,0.6551768183708191,0.5419197678565979,0.9363577365875244,-0.1813783496618271,0.9677122831344604,0.46945124864578247,0.9332963228225708,-0.10135801881551743,0.9472122192382812
sad_v4_1.png,sad,0.5189614295959473,0.3489163815975189,-0.6558375358581543,0.9999995231628418,0.5340815782546997,0.33403992652893066,-0.6884031295776367,0.9999938011169434,0.5436978936195374,0.33209478855133057,-0.6883761882781982,0.9999955892562866,0.5526580214500427,0.32972365617752075,-0.6886118650436401,0.9999946355819702,0.5039839744567871,0.334463894367218,-0.6848142147064209,0.9999918937683105,0.49261558055877686,0.3328920602798462,-0.6850617527961731,0.9999932050704956,0.48170924186706543,0.330763041973114,-0.6852797269821167,0.9999898672103882,0.5675718188285828,0.3129574656486511,-0.6428171396255493,0.9999923706054688,0.4618292450904846,0.3159419894218445,-0.6288374662399292,0.9999935626983643,0.5346723198890686,0.35696619749069214,-0.6180626749992371,0.9999994039535522,0.49865564703941345,0.3561323285102844,-0.6151507496833801,0.9999991655349731,0.6293111443519592,0.3532685935497284,-0.5146949887275696,0.9999980926513672,0.3925696313381195,0.3577091693878174,-0.48620903491973877,0.9999935626983643,0.6423645615577698,0.48353812098503113,-0.4565308690071106,0.9978637099266052,0.38937535881996155,0.48439836502075195,-0.4106801450252533,0.9984411597251892,0.6279803514480591,0.6140021085739136,-0.47606927156448364,0.9945424795150757,0.4043275713920593,0.6075634956359863,-0.42651647329330444,0.9953372478485107,0.6321432590484619,0.6551453471183777,-0.49169063568115234,0.9896867871284485,0.39718469977378845,0.6511816382408142,-0.440360963344574,0.9905343055725098,0.6121010184288025,0.651746928691864,-0.5333146452903748,0.9899069666862488,0.422817200422287,0.6470739841461182,-0.47185105085372925,0.9905855059623718,0.6036725044250488,0.6415889263153076,-0.48903656005859375,0.9874275922775269,0.43408018350601196,0.6350294947624207,-0.4356539249420166,0.9892115592956543,0.5709333419799805,0.49717605113983154,-0.024239975959062576,0.9999895095825195,0.46235644817352295,0.49694597721099854,0.023161783814430237,0.9999825954437256,0.5501022338867188,0.6866508722305298,-0.013711513951420784,0.9638078808784485,0.4754406213760376,0.6836486458778381,0.05578041821718216,0.9449370503425598,0.556113064289093,0.8733221292495728,0.014451989904046059,0.9805830121040344,0.45503658056259155,0.8690822124481201,0.07548467069864273,0.9681098461151123,0.5430285930633545,0.8925938606262207,0.004222434479743242,0.7789352536201477,0.4573611617088318,0.8892691135406494,0.06415469944477081,0.685766875743866,0.5384163856506348,0.9400132298469543,-0.1525575965642929,0.9803210496902466,0.4726918935775757,0.9356988668441772,-0.08956839144229889,0.9771075248718262
sad_v4_2.png,sad,0.5217339396476746,0.5085135698318481,-0.7339782118797302,0.9886326193809509,0.5331864953041077,0.5054892301559448,-0.7585351467132568,0.9951267242431641,0.5393080711364746,0.504986047744751,-0.7585464715957642,0.9954214692115784,0.5454007387161255,0.5044193863868713,-0.7588245868682861,0.9932376146316528,0.511620044708252,0.5057488679885864,-0.7531728148460388,0.99458909034729,0.5046200156211853,0.5052733421325684,-0.753406286239624,0.9955657124519348,0.4975576102733612,0.5048298239707947,-0.7535516023635864,0.9943080544471741,0.5580118894577026,0.4974265396595001,-0.7335466742515564,0.9916535019874573,0.4800179600715637,0.49288830161094666,-0.7128448486328125,0.9961122870445251,0.5300255417823792,0.5014224052429199,-0.7098718285560608,0.9918845891952515,0.507483720779419,0.5012879967689514,-0.7041826248168945,0.9931790828704834,0.5954682230949402,0.4651484489440918,-0.5042652487754822,0.9975167512893677,0.41185396909713745,0.4718873202800751,-0.5105733275413513,0.9965348243713379,0.5787280797958374,0.4138168692588806,-0.3003996014595032,0.06987271457910538,0.40512505173683167,0.4370143711566925,-0.2749866843223572,0.17934060096740723,0.5319180488586426,0.3807181417942047,-0.15561576187610626,0.3773612380027771,0.4245186150074005,0.44978201389312744,-0.08042749017477036,0.32904428243637085,0.5237781405448914,0.37551096081733704,-0.15856540203094482,0.45607879757881165,0.42093580961227417,0.45430469512939453,-0.07945713400840759,0.4195893704891205,0.5139867067337036,0.3756476640701294,-0.19078899919986725,0.44978898763656616,0.43801379203796387,0.4600293040275574,-0.10438423603773117,0.41717225313186646,0.5140706300735474,0.37803202867507935,-0.16414248943328857,0.4172389507293701,0.4432429075241089,0.4580984115600586,-0.08603481203317642,0.4276493191719055,0.5392058491706848,0.42350342869758606,0.012312734499573708,0.9994012117385864,0.44925209879875183,0.4275861382484436,-0.01190188154578209,0.9996980428695679,0.5540227293968201,0.5216825008392334,0.20100146532058716,0.6496907472610474,0.4375445544719696,0.5346305966377258,0.04053311049938202,0.7351176142692566,0.5152087211608887,0.6042028665542603,0.5433639287948608,0.7833046913146973,0.43602490425109863,0.6062740683555603,0.3075491786003113,0.707470715045929,0.4980737864971161,0.6115471720695496,0.5771424174308777,0.7312518358230591,0.43572118878364563,0.6129289865493774,0.33448901772499084,0.5865065455436707,0.5309109687805176,0.6447871923446655,0.48995059728622437,0.7013666033744812,0.44869866967201233,0.64263916015625,0.2258889526128769,0.7375915050506592
sad_v4_3.png,sad,0.520653486251831,0.5060330629348755,-0.5749729871749878,0.9873665571212769,0.5304005146026611,0.5007927417755127,-0.5984349250793457,0.9949518442153931,0.5368056893348694,0.5001494288444519,-0.5984005928039551,0.9938854575157166,0.5431814789772034,0.49944812059402466,-0.5986149311065674,0.9926018118858337,0.508325457572937,0.5011598467826843,-0.594734787940979,0.9946815371513367,0.5013698935508728,0.5006423592567444,-0.5949007868766785,0.9943535327911377,0.49443861842155457,0.5001541972160339,-0.5949674844741821,0.9947578310966492,0.554667055606842,0.4866458475589752,-0.5669338703155518,0.9934841990470886,0.477847158908844,0.4882829487323761,-0.5484423041343689,0.9968834519386292,0.531582772731781,0.5003415942192078,-0.5480222702026367,0.9927899241447449,0.5096226334571838,0.5003741979598999,-0.5426012277603149,0.9953017234802246,0.5989030599594116,0.4603371024131775,-0.369483083486557,0.997340738773346,0.41939133405685425,0.4621202349662781,-0.3846457302570343,0.9966970682144165,0.5801419615745544,0.42250895500183105,-0.15042386949062347,0.12429589778184891,0.423501193523407,0.43071475625038147,-0.13983577489852905,0.12748561799526215,0.5284079313278198,0.40389397740364075,0.024945493787527084,0.1453918069601059,0.45484408736228943,0.4457032382488251,0.08584228903055191,0.13398492336273193,0.5244051218032837,0.40022012591362,0.03527411073446274,0.2209313064813614,0.44655999541282654,0.4493808448314667,0.10492106527090073,0.22094541788101196,0.5096359252929688,0.3997190296649933,0.015399817377328873,0.2136169970035553,0.4682838022708893,0.45142364501953125,0.0893200933933258,0.2164539247751236,0.5063101649284363,0.4011096954345703,0.021877534687519073,0.17128440737724304,0.47691482305526733,0.4498174786567688,0.08723057806491852,0.19832386076450348,0.55448979139328,0.38952019810676575,0.006395867560058832,0.9977049231529236,0.44803720712661743,0.3966059982776642,-0.006344939116388559,0.9978760480880737,0.5561413168907166,0.4578995406627655,0.25328701734542847,0.17873790860176086,0.44075167179107666,0.48155269026756287,0.22158460319042206,0.12321785092353821,0.5357000231742859,0.47621825337409973,0.6559686660766602,0.18079328536987305,0.4565823972225189,0.4902339279651642,0.6260430812835693,0.11077258735895157,0.527798056602478,0.47405460476875305,0.6983581185340881,0.1723506599664688,0.45739641785621643,0.4868941605091095,0.6712982654571533,0.09726524353027344,0.5348067879676819,0.5065094828605652,0.690544068813324,0.08315223455429077,0.4696943759918213,0.5151973366737366,0.6798281073570251,0.03970589116215706
sad_v4_4.png,sad,0.5217339396476746,0.5085135698318481,-0.7339782118797302,0.9886326193809509,0.5331864953041077,0.5054892301559448,-0.7585351467132568,0.9951267242431641,0.5393080711364746,0.504986047744751,-0.7585464715957642,0.9954214692115784,0.5454007387161255,0.5044193863868713,-0.7588245868682861,0.9932376146316528,0.511620044708252,0.5057488679885864,-0.7531728148460388,0.99458909034729,0.5046200156211853,0.5052733421325684,-0.753406286239624,0.9955657124519348,0.4975576102733612,0.5048298239707947,-0.7535516023635864,0.9943080544471741,0.5580118894577026,0.4974265396595001,-0.7335466742515564,0.9916535019874573,0.4800179600715637,0.49288830161094666,-0.7128448486328125,0.9961122870445251,0.5300255417823792,0.5014224052429199,-0.7098718285560608,0.9918845891952515,0.507483720779419,0.5012879967689514,-0.7041826248168945,0.9931790828704834,0.5954682230949402,0.4651484489440918,-0.5042652487754822,0.9975167512893677,0.41185396909713745,0.4718873202800751,-0.5105733275413513,0.9965348243713379,0.5787280797958374,0.4138168692588806,-0.3003996014595032,0.06987271457910538,0.40512505173683167,0.4370143711566925,-0.2749866843223572,0.17934060096740723,0.5319180488586426,0.3807181417942047,-0.15561576187610626,0.3773612380027771,0.4245186150074005,0.44978201389312744,-0.08042749017477036,0.32904428243637085,0.5237781405448914,0.37551096081733704,-0.15856540203094482,0.45607879757881165,0.42093580961227417,0.45430469512939453,-0.07945713400840759,0.4195893704891205,0.5139867067337036,0.3756476640701294,-0.19078899919986725,0.44978898763656616,0.43801379203796387,0.4600293040275574,-0.10438423603773117,0.41717225313186646,0.5140706300735474,0.37803202867507935,-0.16414248943328857,0.4172389507293701,0.4432429075241089,0.4580984115600586,-0.08603481203317642,0.4276493191719055,0.5392058491706848,0.42350342869758606,0.012312734499573708,0.9994012117385864,0.44925209879875183,0.4275861382484436,-0.01190188154578209,0.9996980428695679,0.5540227293968201,0.5216825008392334,0.20100146532058716,0.6496907472610474,0.4375445544719696,0.5346305966377258,0.04053311049938202,0.7351176142692566,0.5152087211608887,0.6042028665542603,0.5433639287948608,0.7833046913146973,0.43602490425109863,0.6062740683555603,0.3075491786003113,0.707470715045929,0.4980737864971161,0.6115471720695496,0.5771424174308777,0.7312518358230591,0.43572118878364563,0.6129289865493774,0.33448901772499084,0.5865065455436707,0.5309109687805176,0.6447871923446655,0.48995059728622437,0.7013666033744812,0.44869866967201233,0.64263916015625,0.2258889526128769,0.7375915050506592
sad_v5_1.png,sad,0.5166035890579224,0.3146541118621826,-1.1682897806167603,0.9999170303344727,0.5324847102165222,0.29677528142929077,-1.1597226858139038,0.9998812675476074,0.5412293672561646,0.29573583602905273,-1.15976881980896,0.9998804330825806,0.550984263420105,0.29420891404151917,-1.159996747970581,0.9998651742935181,0.49879053235054016,0.2967853546142578,-1.1555607318878174,0.9998396635055542,0.48618435859680176,0.295558363199234,-1.1557879447937012,0.9998239874839783,0.4746708869934082,0.29377275705337524,-1.1558855772018433,0.9998300075531006,0.5694524645805359,0.2834768295288086,-0.8532404899597168,0.9999028444290161,0.4580077528953552,0.2853795886039734,-0.8316229581832886,0.9998573064804077,0.5323411226272583,0.3262004256248474,-1.0299314260482788,0.9999569654464722,0.4979005455970764,0.3262917995452881,-1.025039792060852,0.9999505281448364,0.6235499978065491,0.3365192115306854,-0.5127782225608826,0.999984622001648,0.4007624387741089,0.334678053855896,-0.46322935819625854,0.9999375343322754,0.6641174554824829,0.46098169684410095,-0.6618138551712036,0.9820563197135925,0.36944347620010376,0.4608117938041687,-0.5965851545333862,0.9642966985702515,0.5698453783988953,0.44787248969078064,-1.187847375869751,0.9428023099899292,0.43665075302124023,0.4469204246997833,-1.1525657176971436,0.9311321973800659,0.5476502776145935,0.4428781569004059,-1.30181086063385,0.8775487542152405,0.46451401710510254,0.4415538012981415,-1.2632964849472046,0.8730713129043579,0.5456503033638,0.4247077405452728,-1.314072847366333,0.8749361634254456,0.4673941433429718,0.4236914813518524,-1.282702922821045,0.867348849773407,0.550088107585907,0.4243762195110321,-1.1988657712936401,0.8161207437515259,0.4627695381641388,0.42329514026641846,-1.168036699295044,0.8069561719894409,0.5700209736824036,0.531244158744812,-0.0229655671864748,0.9985336065292358,0.445353239774704,0.5303725600242615,0.023148123174905777,0.997450053691864,0.549124002456665,0.7065368294715881,-0.06271085888147354,0.979453980922699,0.46610739827156067,0.7041009664535522,0.019053887575864792,0.9722397327423096,0.5563670992851257,0.8747372031211853,0.2927091419696808,0.9731448888778687,0.45199909806251526,0.8714100122451782,0.3547166585922241,0.9530035853385925,0.5462192296981812,0.892103374004364,0.30962809920310974,0.7122079133987427,0.4543132781982422,0.8863571882247925,0.37224605679512024,0.6823500394821167,0.5335180163383484,0.9361516237258911,-0.056224990636110306,0.9598454833030701,0.4701768457889557,0.9328703284263611,0.03068682551383972,0.9392821788787842
sad_v5_2.png,sad,0.513583242893219,0.30237704515457153,-1.1511906385421753,0.9998964071273804,0.5321549773216248,0.28090426325798035,-1.1427377462387085,0.9998495578765869,0.5422782301902771,0.2799244225025177,-1.142793893814087,0.9998663663864136,0.553240180015564,0.2788239121437073,-1.1429541110992432,0.9998329877853394,0.49561306834220886,0.2807774543762207,-1.1357632875442505,0.9997673630714417,0.4823399484157562,0.28036826848983765,-1.1359795331954956,0.9997637867927551,0.47108036279678345,0.2800629138946533,-1.1361613273620605,0.9997370839118958,0.5740253329277039,0.27372506260871887,-0.8510417938232422,0.9998762607574463,0.45514538884162903,0.27784615755081177,-0.8148115277290344,0.9997395873069763,0.5326806306838989,0.3185214400291443,-1.0195568799972534,0.9999481439590454,0.494535893201828,0.3178607225418091,-1.0107238292694092,0.9999282360076904,0.6261152625083923,0.3321667015552521,-0.5309640169143677,0.9999686479568481,0.39648357033729553,0.3356837034225464,-0.46074578166007996,0.9998711347579956,0.6606320142745972,0.46486896276474,-0.7406097054481506,0.9766398668289185,0.3740946054458618,0.46517789363861084,-0.6399622559547424,0.9705427885055542,0.5699092149734497,0.4021649956703186,-1.2873003482818604,0.956596851348877,0.4510572552680969,0.40051695704460144,-1.1921360492706299,0.9607704877853394,0.5516863465309143,0.37690430879592896,-1.386931300163269,0.9034156203269958,0.4746626615524292,0.37461844086647034,-1.2924778461456299,0.9143131971359253,0.5524150133132935,0.3639073967933655,-1.3852617740631104,0.8970303535461426,0.474705308675766,0.361313134431839,-1.2881778478622437,0.9050556421279907,0.5540086627006531,0.36926165223121643,-1.2922207117080688,0.84320068359375,0.4732743203639984,0.3657706379890442,-1.1984844207763672,0.8501688241958618,0.5694372057914734,0.5299881100654602,-0.020987018942832947,0.998611569404602,0.44435837864875793,0.530029833316803,0.020971762016415596,0.9974024891853333,0.5504083037376404,0.7048723697662354,-0.12800149619579315,0.9814762473106384,0.46418315172195435,0.7070404291152954,-0.03193143010139465,0.9802840352058411,0.5603485107421875,0.8745768070220947,0.29785966873168945,0.9764384627342224,0.4495542645454407,0.869411826133728,0.3390371799468994,0.967631995677948,0.5529101490974426,0.8899453282356262,0.32211071252822876,0.7309871315956116,0.45139193534851074,0.8863310217857361,0.36075034737586975,0.7276667952537537,0.5418990850448608,0.933375895023346,-0.03667313605546951,0.9657281041145325,0.47138598561286926,0.930690348148346,0.014916492626070976,0.9589967131614685
sad_v5_3.png,sad,0.5363735556602478,0.33031415939331055,-1.1418005228042603,0.9996373653411865,0.5436493158340454,0.31684184074401855,-1.1561881303787231,0.999019980430603,0.5501818060874939,0.3144073188304901,-1.1561682224273682,0.9990538954734802,0.5567219257354736,0.31159505248069763,-1.1564197540283203,0.9991509914398193,0.5207126140594482,0.31782418489456177,-1.1620867252349854,0.9989577531814575,0.5104091763496399,0.3161885142326355,-1.1624196767807007,0.998948872089386,0.5002642869949341,0.3138822317123413,-1.162699818611145,0.9991449117660522,0.5618381500244141,0.2920985817909241,-0.9399811625480652,0.9990487694740295,0.47146645188331604,0.2967846691608429,-0.9629620313644409,0.9993896484375,0.5447481870651245,0.3318910598754883,-1.0296826362609863,0.9996830224990845,0.5171893239021301,0.33332327008247375,-1.0374395847320557,0.9997181296348572,0.6297891736030579,0.31672999262809753,-0.5920625925064087,0.9999781847000122,0.39510175585746765,0.3278646767139435,-0.613973081111908,0.9999566078186035,0.6420142650604248,0.43718406558036804,-0.45632389187812805,0.9677150845527649,0.3723825216293335,0.44502148032188416,-0.47383612394332886,0.9853968024253845,0.575722873210907,0.5025853514671326,-0.7362146973609924,0.9320653676986694,0.451185405254364,0.5020057559013367,-0.6825604438781738,0.9693659543991089,0.5559923648834229,0.5243226289749146,-0.8217492699623108,0.8769843578338623,0.48120954632759094,0.5250034928321838,-0.7524132132530212,0.9375368356704712,0.5438165664672852,0.505795955657959,-0.8804401755332947,0.8858022093772888,0.490151971578598,0.5056930184364319,-0.813795804977417,0.9437191486358643,0.5451253056526184,0.49615657329559326,-0.7605962157249451,0.8472039103507996,0.48424670100212097,0.4952445328235626,-0.7036635279655457,0.9212146401405334,0.5690915584564209,0.5196922421455383,-0.010671782307326794,0.9991011619567871,0.45036420226097107,0.517094612121582,0.01110072247684002,0.9990211725234985,0.5464310646057129,0.7058267593383789,-0.0798407644033432,0.9745283126831055,0.4649336338043213,0.7034363746643066,-0.01837717927992344,0.9514577388763428,0.5539875030517578,0.877429723739624,0.13660956919193268,0.972915768623352,0.45572593808174133,0.8713616728782654,0.1824697107076645,0.924740731716156,0.5431405901908875,0.8974989652633667,0.13903693854808807,0.6646265387535095,0.45778438448905945,0.8931273221969604,0.1867387294769287,0.5555391907691956,0.5337628126144409,0.9341012239456177,-0.18011772632598877,0.9553126692771912,0.46726593375205994,0.9299556016921997,-0.10493610054254532,0.9134308099746704
sad_v5_4.png,sad,0.5244637727737427,0.3280738592147827,-1.0910152196884155,0.9998927116394043,0.5382549166679382,0.30980584025382996,-1.0909487009048462,0.9998457431793213,0.5473517179489136,0.3081357479095459,-1.0910063982009888,0.9998464584350586,0.556170642375946,0.30618923902511597,-1.0912768840789795,0.9998440742492676,0.5042406916618347,0.3107045888900757,-1.0924336910247803,0.9997829794883728,0.4910040497779846,0.3098077178001404,-1.0927577018737793,0.9997718930244446,0.4782809913158417,0.30873215198516846,-1.0928926467895508,0.9997974038124084,0.5669733285903931,0.291900634765625,-0.8028169274330139,0.999907374382019,0.457116961479187,0.2998008131980896,-0.8043884634971619,0.999876856803894,0.537176787853241,0.33989375829696655,-0.9553185701370239,0.999955415725708,0.5037912726402283,0.342374324798584,-0.957128643989563,0.9999464750289917,0.6226193308830261,0.32685184478759766,-0.478492796421051,0.9999912977218628,0.39878401160240173,0.3334956765174866,-0.47761622071266174,0.9999561309814453,0.6287199854850769,0.44046348333358765,-0.6425248980522156,0.9657991528511047,0.39113277196884155,0.44599711894989014,-0.6223772764205933,0.9616199731826782,0.5707497596740723,0.46738871932029724,-1.177966833114624,0.9166608452796936,0.46234455704689026,0.46239224076271057,-1.1484671831130981,0.9419316649436951,0.5505160689353943,0.4799913465976715,-1.3098958730697632,0.8702697157859802,0.48532363772392273,0.4741334617137909,-1.2678868770599365,0.9140437245368958,0.5401800274848938,0.45771554112434387,-1.3433641195297241,0.8742566704750061,0.490200936794281,0.4541373550891876,-1.3068511486053467,0.9176667332649231,0.5429134964942932,0.45157772302627563,-1.2005239725112915,0.8224846124649048,0.4878509044647217,0.4488602578639984,-1.1716187000274658,0.8811133503913879,0.5715905427932739,0.527970016002655,-0.023520128801465034,0.9994206428527832,0.45229658484458923,0.5245056748390198,0.023941153660416603,0.9990523457527161,0.543661892414093,0.7061178684234619,-0.09762262552976608,0.9881014823913574,0.4719540774822235,0.7039203643798828,-0.028006359934806824,0.9724120497703552,0.5556520223617554,0.8729671239852905,0.22762198746204376,0.9779447913169861,0.4553341269493103,0.8698283433914185,0.2831280827522278,0.937218427658081,0.5465546250343323,0.8914933800697327,0.24211646616458893,0.6715875267982483,0.45799538493156433,0.8857616186141968,0.2996644377708435,0.5851839780807495,0.5287410616874695,0.9370450377464294,-0.10710565745830536,0.9627482891082764,0.46429765224456787,0.9337252974510193,-0.01987036131322384,0.9200400710105896
sad_v6_1.png,sad,0.5172440409660339,0.28566375374794006,-1.2310870885849,0.9999686479568481,0.5338346362113953,0.2675209045410156,-1.230254888534546,0.999875545501709,0.5438095927238464,0.266594260931015,-1.2301294803619385,0.9998841285705566,0.5539592504501343,0.265317440032959,-1.230148434638977,0.9998733997344971,0.4977477192878723,0.2677777409553528,-1.2248497009277344,0.9998528957366943,0.484272301197052,0.26734840869903564,-1.2250498533248901,0.999864935874939,0.4715387523174286,0.26629313826560974,-1.2251598834991455,0.9998530149459839,0.5716008543968201,0.2569413185119629,-0.9814620614051819,0.9997870326042175,0.4544205069541931,0.2580111622810364,-0.9613722562789917,0.9997915625572205,0.5344387292861938,0.3011225163936615,-1.115552544593811,0.9999630451202393,0.4952591061592102,0.302063912153244,-1.1101375818252563,0.9999619722366333,0.6248355507850647,0.3161793351173401,-0.662539541721344,0.9999860525131226,0.3981202244758606,0.3158833980560303,-0.6005170941352844,0.9999679327011108,0.645603358745575,0.4433627426624298,-0.45525380969047546,0.9912018775939941,0.3850952088832855,0.45004644989967346,-0.3811769187450409,0.9838036894798279,0.6415901184082031,0.5684334635734558,-0.611137330532074,0.9861820936203003,0.3775109052658081,0.5679287314414978,-0.5475441217422485,0.974224865436554,0.6464179754257202,0.6042734384536743,-0.6664535403251648,0.9679564833641052,0.3746166229248047,0.6074538826942444,-0.5969696044921875,0.9500215649604797,0.6256635785102844,0.6014469861984253,-0.7485424876213074,0.970772922039032,0.3922538757324219,0.6061347723007202,-0.6833738684654236,0.9546769857406616,0.6168977618217468,0.5901476144790649,-0.6409558057785034,0.9634055495262146,0.39971986413002014,0.5924850106239319,-0.5807830095291138,0.9480076432228088,0.5740880370140076,0.5263231992721558,-0.015074810944497585,0.9993736147880554,0.45899274945259094,0.5279710292816162,0.014705541543662548,0.9991359114646912,0.5536178946495056,0.7087507247924805,-0.051413729786872864,0.9733856320381165,0.46963030099868774,0.7055846452713013,-0.04476932808756828,0.9635447263717651,0.5619152784347534,0.8776445984840393,0.2340984046459198,0.9826169610023499,0.450070858001709,0.8734680414199829,0.24223321676254272,0.9636543393135071,0.5557761788368225,0.894241213798523,0.2433597594499588,0.8124131560325623,0.4530506432056427,0.8932855129241943,0.25444507598876953,0.7205542922019958,0.5449724197387695,0.9349278211593628,-0.06993991881608963,0.9706432819366455,0.47345903515815735,0.9320896863937378,-0.05722390115261078,0.9553470015525818
sad_v6_2.png,sad,0.5165693759918213,0.29645952582359314,-1.079667568206787,0.9999933242797852,0.5325943827629089,0.2782760262489319,-1.087270736694336,0.9999632835388184,0.5424381494522095,0.27745211124420166,-1.0870846509933472,0.9999675750732422,0.5519200563430786,0.2763632535934448,-1.0870455503463745,0.9999610185623169,0.49871647357940674,0.2777973711490631,-1.0845035314559937,0.9999610185623169,0.4865341782569885,0.2767646014690399,-1.0847657918930054,0.999967098236084,0.4742010235786438,0.27550074458122253,-1.0848791599273682,0.9999622106552124,0.5666153430938721,0.26775598526000977,-0.9024856090545654,0.9999220371246338,0.45642614364624023,0.2673717141151428,-0.8926247358322144,0.9999513626098633,0.5312049388885498,0.31032925844192505,-0.9891783595085144,0.9999895095825195,0.4949302077293396,0.31012123823165894,-0.9870370030403137,0.9999897480010986,0.6239428520202637,0.3257269859313965,-0.6515617966651917,0.999993085861206,0.39701834321022034,0.32601702213287354,-0.6072616577148438,0.9999892711639404,0.6439388990402222,0.4569225609302521,-0.5207985043525696,0.9951802492141724,0.39117497205734253,0.4590924382209778,-0.4623356759548187,0.9937746524810791,0.635917067527771,0.5788093209266663,-0.6420771479606628,0.9905111193656921,0.3845182955265045,0.5803635120391846,-0.5735724568367004,0.9868446588516235,0.6401457786560059,0.6187787055969238,-0.6911718845367432,0.9770441651344299,0.3812428116798401,0.6202270984649658,-0.6129874587059021,0.9725271463394165,0.6169906854629517,0.615920901298523,-0.7486402988433838,0.978333055973053,0.4034889340400696,0.6197531819343567,-0.6791914701461792,0.9744871854782104,0.6070365905761719,0.6037960052490234,-0.6622440218925476,0.9748823046684265,0.4113938808441162,0.6069913506507874,-0.5968533158302307,0.9727363586425781,0.5752604007720947,0.5178319215774536,-0.036582328379154205,0.9998781681060791,0.4641275703907013,0.5173908472061157,0.03597848862409592,0.999920129776001,0.5484030842781067,0.7078809142112732,-0.05448010191321373,0.9827940464019775,0.46969273686408997,0.7063854932785034,-0.05016445741057396,0.9682698845863342,0.6624840497970581,0.8686346411705017,0.15351255238056183,0.9904178977012634,0.3743385672569275,0.863955557346344,0.11365139484405518,0.9799659848213196,0.6873383522033691,0.8908979892730713,0.15954554080963135,0.8267221450805664,0.34858667850494385,0.888195276260376,0.11589834094047546,0.7700846791267395,0.6016913652420044,0.93099045753479,-0.07574969530105591,0.9799454212188721,0.41249823570251465,0.9280462265014648,-0.14076010882854462,0.9674848914146423
sad_v6_3.png,sad,0.5107601881027222,0.33432072401046753,-0.7803246378898621,0.9999964237213135,0.5263066291809082,0.31660759449005127,-0.8163433074951172,0.9999676942825317,0.536655604839325,0.31480535864830017,-0.8161976337432861,0.999976396560669,0.546177864074707,0.31277018785476685,-0.8161888122558594,0.9999699592590332,0.4937063157558441,0.3171030879020691,-0.8050099015235901,0.99996018409729,0.48254483938217163,0.31549271941185,-0.8052338361740112,0.9999662637710571,0.4719701409339905,0.31337857246398926,-0.8053987622261047,0.9999542236328125,0.5628018975257874,0.29776787757873535,-0.7541133761405945,0.9999538660049438,0.4580956995487213,0.2994349002838135,-0.7054806351661682,0.9999598264694214,0.5295334458351135,0.3414212465286255,-0.7326118350028992,0.9999949932098389,0.4920092225074768,0.3418450951576233,-0.7197951078414917,0.9999942779541016,0.6304463148117065,0.3327525854110718,-0.5942561030387878,0.9999970197677612,0.39936375617980957,0.3326842784881592,-0.46778857707977295,0.999992847442627,0.6525684595108032,0.46040016412734985,-0.49019959568977356,0.9980689883232117,0.38610103726387024,0.4634334146976471,-0.30593976378440857,0.996353030204773,0.6437820792198181,0.5842834711074829,-0.5239282846450806,0.9966434240341187,0.381384015083313,0.5850348472595215,-0.33073675632476807,0.9946736693382263,0.6494629979133606,0.6213041543960571,-0.5426768660545349,0.9930069446563721,0.3767719268798828,0.6241371035575867,-0.334798127412796,0.9895360469818115,0.6270151138305664,0.6175513863563538,-0.5915631651878357,0.9932041168212891,0.3960152566432953,0.6228479146957397,-0.3818536698818207,0.9899575114250183,0.6162354946136475,0.6083559393882751,-0.5372996926307678,0.9914864301681519,0.40511226654052734,0.6129848957061768,-0.34447088837623596,0.9885056018829346,0.5688462257385254,0.5094848871231079,-0.04229722172021866,0.9999771118164062,0.45976635813713074,0.5067012310028076,0.041356537491083145,0.9999755620956421,0.552061915397644,0.7062075734138489,-0.03276733309030533,0.9857332706451416,0.469333678483963,0.7048503160476685,0.01048619020730257,0.9788469672203064,0.660835862159729,0.8682401776313782,0.0597601979970932,0.9916913509368896,0.3780458867549896,0.863936722278595,0.08358831703662872,0.9812233448028564,0.6848465800285339,0.8876199722290039,0.05583660304546356,0.8316444754600525,0.3530336916446686,0.8888617157936096,0.0773928165435791,0.7662437558174133,0.6038918495178223,0.9290103316307068,-0.1335771083831787,0.9859898090362549,0.4142625331878662,0.9251551628112793,-0.1188100278377533,0.9766735434532166
sad_v6_4.png,sad,0.5052992701530457,0.3336285352706909,-1.0148870944976807,0.9999955892562866,0.5218312740325928,0.315875381231308,-1.0446033477783203,0.9999687671661377,0.5326682925224304,0.31381458044052124,-1.0444200038909912,0.9999754428863525,0.5426555871963501,0.3113904595375061,-1.0444200038909912,0.999969482421875,0.4886597692966461,0.31555503606796265,-1.0367637872695923,0.9999610185623169,0.47765621542930603,0.3134848475456238,-1.0370440483093262,0.9999654293060303,0.4679050147533417,0.3110741972923279,-1.0372073650360107,0.9999555349349976,0.5587612986564636,0.2958102822303772,-0.9249447584152222,0.999950647354126,0.45764288306236267,0.29656168818473816,-0.8918927907943726,0.9999560117721558,0.5258106589317322,0.3404279053211212,-0.9431024193763733,0.9999935626983643,0.4875195026397705,0.3397541046142578,-0.9348357915878296,0.9999924898147583,0.6297658085823059,0.3296574354171753,-0.6906470656394958,0.9999963045120239,0.39551907777786255,0.3282685875892639,-0.5923934578895569,0.9999932050704956,0.6520276665687561,0.45778700709342957,-0.552895188331604,0.9977706670761108,0.38306140899658203,0.46247971057891846,-0.4101521372795105,0.9958552718162537,0.6429859399795532,0.5841565132141113,-0.6491531729698181,0.9950727820396423,0.38221198320388794,0.5840327739715576,-0.49557557702064514,0.9936443567276001,0.6479558348655701,0.62218177318573,-0.6863044500350952,0.9882417321205139,0.3763810694217682,0.622105062007904,-0.5192049741744995,0.9866405129432678,0.6246628165245056,0.6185818910598755,-0.7487072348594666,0.989107608795166,0.39662453532218933,0.6212635040283203,-0.5828306078910828,0.987606942653656,0.6140312552452087,0.6092706918716431,-0.6696859002113342,0.9865497946739197,0.4069749712944031,0.611140787601471,-0.5162959098815918,0.9856180548667908,0.569741427898407,0.5101923942565918,-0.042049478739500046,0.9999589920043945,0.4608147442340851,0.5090229511260986,0.04129626601934433,0.9999606609344482,0.5522284507751465,0.7082726359367371,-0.05933796614408493,0.9787038564682007,0.473009318113327,0.7063088417053223,0.009027805179357529,0.9652949571609497,0.6632742285728455,0.8675050139427185,0.10098514705896378,0.9874168634414673,0.37712234258651733,0.8658763766288757,0.17058631777763367,0.9724565744400024,0.6857371926307678,0.8887587785720825,0.1026197150349617,0.8143420219421387,0.3551539480686188,0.8892099857330322,0.1714966744184494,0.7319573760032654,0.5972741842269897,0.9298273324966431,-0.11997272074222565,0.9798567891120911,0.42291417717933655,0.9286081790924072,-0.06424599140882492,0.9644172191619873
sad_v7_1.png,sad,0.5053757429122925,0.31471195816993713,-0.674740731716156,0.999854564666748,0.521458625793457,0.2983776926994324,-0.6866582632064819,0.9992907047271729,0.531163215637207,0.2967053949832916,-0.6865383982658386,0.9993662238121033,0.5399138331413269,0.2943797707557678,-0.6865143775939941,0.9993139505386353,0.4897603690624237,0.29733437299728394,-0.6781697273254395,0.9990413784980774,0.4783363938331604,0.295154869556427,-0.6783707737922668,0.999121367931366,0.4678453207015991,0.2925844192504883,-0.6785072088241577,0.9991686344146729,0.5543064475059509,0.27967503666877747,-0.5258999466896057,0.9992813467979431,0.4572417736053467,0.27962779998779297,-0.4856225550174713,0.9979537725448608,0.5228816270828247,0.3256245255470276,-0.5918270945549011,0.9997344613075256,0.48844680190086365,0.3238740563392639,-0.5816689133644104,0.9996436834335327,0.619188129901886,0.3283337354660034,-0.30841654539108276,0.9999731779098511,0.4090677499771118,0.32415828108787537,-0.22502122819423676,0.9998785257339478,0.6376168727874756,0.45100027322769165,-0.17599725723266602,0.9712003469467163,0.36279648542404175,0.45453813672065735,-0.39614418148994446,0.9554908871650696,0.6366498470306396,0.578600287437439,-0.26564639806747437,0.9458104968070984,0.4117431342601776,0.3564016819000244,-0.8473149538040161,0.9808909893035889,0.6437411308288574,0.6156136393547058,-0.2818738520145416,0.8941264152526855,0.4353978931903839,0.3335064649581909,-0.9221451282501221,0.9638033509254456,0.6258312463760376,0.6115843057632446,-0.34262508153915405,0.8953650593757629,0.4389028549194336,0.324031800031662,-0.9150664210319519,0.9619513154029846,0.6175455451011658,0.5996366739273071,-0.28226417303085327,0.8794873952865601,0.4337594211101532,0.3306705355644226,-0.8499781489372253,0.9418625235557556,0.5646470189094543,0.5248209834098816,-0.01918179541826248,0.9996680021286011,0.44723382592201233,0.5239773988723755,0.018665017560124397,0.9996525049209595,0.555742621421814,0.708067774772644,-0.06507734209299088,0.9918771982192993,0.4573284387588501,0.704166054725647,-0.14561432600021362,0.9900598526000977,0.6629194617271423,0.8696652054786682,0.23090527951717377,0.9924543499946594,0.37788867950439453,0.8693292140960693,0.040358055382966995,0.9879119992256165,0.6837339401245117,0.892299234867096,0.24243700504302979,0.7018163204193115,0.35605576634407043,0.8900204300880432,0.04590889811515808,0.787491500377655,0.5999938249588013,0.9309391975402832,-0.06449836492538452,0.9821842908859253,0.42093998193740845,0.9297911524772644,-0.2540157437324524,0.9807841777801514
sad_v7_2.png,sad,0.5156665444374084,0.3155760169029236,-0.751815676689148,0.9998531341552734,0.5307450294494629,0.29768505692481995,-0.7616773843765259,0.9993506073951721,0.5405530333518982,0.29568275809288025,-0.7615725994110107,0.9994226694107056,0.5490760803222656,0.2932341396808624,-0.7615634202957153,0.9993707537651062,0.498405396938324,0.29826807975769043,-0.7554529309272766,0.9991208910942078,0.4869185984134674,0.29688742756843567,-0.7556673884391785,0.9992071986198425,0.47584253549575806,0.2950930595397949,-0.7558200359344482,0.9992384910583496,0.5626229047775269,0.2787748873233795,-0.5889952182769775,0.9993259906768799,0.4609670639038086,0.28285908699035645,-0.5587131381034851,0.9981049299240112,0.5318664908409119,0.3261980414390564,-0.6642587184906006,0.9997443556785583,0.4975132942199707,0.3261079788208008,-0.6570267081260681,0.9996415376663208,0.6215748190879822,0.3284609317779541,-0.3559320271015167,0.9999682903289795,0.41176897287368774,0.326188862323761,-0.2902809679508209,0.9998492002487183,0.637840211391449,0.4504917562007904,-0.2147340178489685,0.9639225006103516,0.3711604177951813,0.45629650354385376,-0.46075302362442017,0.9461761116981506,0.6320458054542542,0.5777469277381897,-0.3016279339790344,0.9318356513977051,0.4102940559387207,0.3613624572753906,-0.9193753004074097,0.9768325090408325,0.6378961801528931,0.6155179738998413,-0.3158824145793915,0.87201327085495,0.4306910037994385,0.3376832604408264,-0.9942010641098022,0.9590713977813721,0.6197214126586914,0.6118495464324951,-0.3776118755340576,0.8735557198524475,0.4346502423286438,0.3293614983558655,-0.9922032356262207,0.9573382139205933,0.6112127304077148,0.599355936050415,-0.3183130621910095,0.8583768606185913,0.43098750710487366,0.33556437492370605,-0.9239059090614319,0.9360202550888062,0.5650181174278259,0.5239392518997192,-0.015786046162247658,0.9996225833892822,0.447546124458313,0.5231263041496277,0.015293410047888756,0.9996134638786316,0.5567785501480103,0.7080355882644653,-0.058744750916957855,0.9919745326042175,0.45560672879219055,0.7051341533660889,-0.15785998106002808,0.9898550510406494,0.6608840823173523,0.8703586459159851,0.2526577115058899,0.9922728538513184,0.37796953320503235,0.8690327405929565,0.023064063861966133,0.9875396490097046,0.6831873655319214,0.8922572135925293,0.26554161310195923,0.6963251233100891,0.35694992542266846,0.8905884027481079,0.028002267703413963,0.7817662358283997,0.5985875129699707,0.931332528591156,-0.042187824845314026,0.9813778400421143,0.42024269700050354,0.9295312166213989,-0.2777917683124542,0.9800863265991211
sad_v7_3.png,sad,0.5291809439659119,0.333798348903656,-0.5996190309524536,0.9998863935470581,0.5425007343292236,0.3188154697418213,-0.6213012337684631,0.9994242191314697,0.5508677363395691,0.3167963922023773,-0.6212066411972046,0.9995180368423462,0.5591792464256287,0.3142715096473694,-0.6212060451507568,0.9995288848876953,0.5137730836868286,0.31887286901474,-0.6171239018440247,0.9991509914398193,0.5026798248291016,0.31705713272094727,-0.617376446723938,0.9992014765739441,0.49193915724754333,0.3149404525756836,-0.6175434589385986,0.9992722868919373,0.568011462688446,0.2965357303619385,-0.5079230070114136,0.999543309211731,0.4727737605571747,0.29951727390289307,-0.48569753766059875,0.9984669089317322,0.5424185991287231,0.3419841527938843,-0.5329300165176392,0.9998061060905457,0.5106773376464844,0.3417273163795471,-0.5283165574073792,0.9997215867042542,0.6252477169036865,0.3346177041530609,-0.3349801003932953,0.9999877214431763,0.41143813729286194,0.32631829380989075,-0.24417436122894287,0.9999198913574219,0.6424310207366943,0.45559749007225037,-0.22648003697395325,0.9840991497039795,0.36372631788253784,0.4569898247718811,-0.3808564841747284,0.9770918488502502,0.6371489763259888,0.580249547958374,-0.3108031749725342,0.969569206237793,0.42348721623420715,0.3591501712799072,-0.7405823469161987,0.9863846898078918,0.644685685634613,0.6200972199440002,-0.3272557258605957,0.9337330460548401,0.45709964632987976,0.34174197912216187,-0.8015554547309875,0.9694180488586426,0.6294308304786682,0.6167173981666565,-0.3844298720359802,0.9339465498924255,0.4625682234764099,0.3328050673007965,-0.7885935306549072,0.9679043292999268,0.6211748123168945,0.6027436852455139,-0.32618576288223267,0.9189392924308777,0.4559100866317749,0.3369578719139099,-0.7386577129364014,0.9493515491485596,0.5680323839187622,0.5210998058319092,-0.021353133022785187,0.999744713306427,0.44945743680000305,0.5223826169967651,0.020801931619644165,0.9997383952140808,0.5603178143501282,0.7082172632217407,-0.03633323684334755,0.9911571741104126,0.45430535078048706,0.7054045796394348,-0.11006954312324524,0.9887176752090454,0.6612539887428284,0.8713410496711731,0.18497388064861298,0.9906980395317078,0.37650734186172485,0.8703182339668274,0.028527118265628815,0.9845970273017883,0.6804922223091125,0.8928943276405334,0.18984751403331757,0.5901668667793274,0.3558915853500366,0.890067458152771,0.030119851231575012,0.7229216694831848,0.5958454012870789,0.9305912256240845,-0.09496107697486877,0.9818982481956482,0.4167656898498535,0.9286558628082275,-0.2404322624206543,0.9808382391929626
sad_v7_4.png,sad,0.5207884311676025,0.3249545693397522,-0.6163941621780396,0.9998711347579956,0.5396841764450073,0.3093140125274658,-0.6412917375564575,0.9993233680725098,0.548751711845398,0.3075178265571594,-0.6411586999893188,0.9994288086891174,0.55726158618927,0.30550307035446167,-0.6411319375038147,0.9994427561759949,0.5071331262588501,0.30800455808639526,-0.6345333456993103,0.9990102052688599,0.4947022795677185,0.30517005920410156,-0.6347740888595581,0.9990611672401428,0.4835544228553772,0.3020029067993164,-0.634940505027771,0.999174177646637,0.5681939721107483,0.2927881181240082,-0.5431610941886902,0.9993853569030762,0.4698524475097656,0.28593865036964417,-0.5102896094322205,0.9980113506317139,0.5381194949150085,0.3342815041542053,-0.5557278394699097,0.9997777342796326,0.5034573078155518,0.33282220363616943,-0.5479829907417297,0.9997029900550842,0.623745322227478,0.3337094187736511,-0.3850541114807129,0.9999793767929077,0.4053989052772522,0.3162541091442108,-0.2677958905696869,0.9999148845672607,0.6423776149749756,0.46374747157096863,-0.28876182436943054,0.9830744862556458,0.3569863438606262,0.4536571204662323,-0.392118901014328,0.975776731967926,0.6358892917633057,0.5837439894676208,-0.36748868227005005,0.961999773979187,0.4257256090641022,0.3706267476081848,-0.7350673675537109,0.986179769039154,0.6433604955673218,0.6224311590194702,-0.3846966028213501,0.9216510653495789,0.4574156105518341,0.35138094425201416,-0.7919491529464722,0.9694361090660095,0.6246522068977356,0.6193835139274597,-0.43864908814430237,0.9213663935661316,0.45688340067863464,0.33791297674179077,-0.7740873694419861,0.9678927063941956,0.616409420967102,0.6079963445663452,-0.3816649317741394,0.9070966839790344,0.4513411521911621,0.3414430320262909,-0.7311815619468689,0.9495039582252502,0.5690159797668457,0.5193054676055908,-0.025386860594153404,0.9996285438537598,0.4505946934223175,0.518599808216095,0.024694403633475304,0.9996305704116821,0.561116099357605,0.7080084085464478,-0.04270390793681145,0.9896530508995056,0.45500534772872925,0.7043526768684387,-0.07928429543972015,0.9872324466705322,0.6606457829475403,0.8705165386199951,0.1646815538406372,0.9893121123313904,0.37611091136932373,0.8705992102622986,0.06554654240608215,0.9827584624290466,0.682022213935852,0.8911330103874207,0.16870476305484772,0.5799936056137085,0.35294443368911743,0.8905014991760254,0.06832966953516006,0.697959840297699,0.6027267575263977,0.9294564723968506,-0.10891417413949966,0.9799677133560181,0.416360467672348,0.9296255111694336,-0.19166992604732513,0.978675127029419
sad_v8_1.png,sad,0.5218636393547058,0.3264135718345642,-0.45548298954963684,0.9998835325241089,0.5378621816635132,0.3073686957359314,-0.4638873040676117,0.9995239973068237,0.5480115413665771,0.30552947521209717,-0.463880717754364,0.9995866417884827,0.5566712021827698,0.30347418785095215,-0.4639437198638916,0.9995381832122803,0.5020912885665894,0.30811649560928345,-0.4592496454715729,0.9994465708732605,0.48840034008026123,0.30667439103126526,-0.4593456983566284,0.9994396567344666,0.4764247536659241,0.3047889471054077,-0.4593457281589508,0.9994742274284363,0.5702366828918457,0.2902836203575134,-0.3020009696483612,0.9995748400688171,0.46311041712760925,0.29306715726852417,-0.27312225103378296,0.9995051622390747,0.5404370427131653,0.3342297375202179,-0.37040358781814575,0.9998113512992859,0.5044645071029663,0.33760905265808105,-0.36364051699638367,0.9997950196266174,0.629457950592041,0.3306378126144409,-0.102138951420784,0.999991774559021,0.40750306844711304,0.32783862948417664,-0.048197828233242035,0.9999438524246216,0.6751685738563538,0.4466283917427063,-0.062185902148485184,0.9764392375946045,0.3723471164703369,0.44390252232551575,0.024000082165002823,0.9671499729156494,0.510016143321991,0.47846072912216187,-0.17424701154232025,0.9409671425819397,0.5332914590835571,0.44666826725006104,-0.04632911458611488,0.9266506433486938,0.47064632177352905,0.48760986328125,-0.22063010931015015,0.8726314902305603,0.579444169998169,0.4398943781852722,-0.08801489323377609,0.8507612347602844,0.4664824604988098,0.47479596734046936,-0.22093451023101807,0.8678222894668579,0.5812322497367859,0.42846420407295227,-0.0818883553147316,0.8435773849487305,0.4742012023925781,0.46945619583129883,-0.17003512382507324,0.8242079615592957,0.5702564120292664,0.42833560705184937,-0.03934696689248085,0.7923305630683899,0.5703149437904358,0.5139434933662415,-0.02587972767651081,0.9998075366020203,0.45531946420669556,0.5132565498352051,0.026275506243109703,0.9997044205665588,0.5447850227355957,0.7067444324493408,-0.08873633295297623,0.993650496006012,0.47145339846611023,0.7040907144546509,-0.07815965265035629,0.9935111403465271,0.6632410883903503,0.8718185424804688,0.09247923642396927,0.9940273761749268,0.38087061047554016,0.8686115145683289,0.09627456963062286,0.9914153218269348,0.6843371987342834,0.8929709792137146,0.09606478363275528,0.7832879424095154,0.3606874346733093,0.8875064849853516,0.10114219784736633,0.8291139602661133,0.6065547466278076,0.927413284778595,-0.20744061470031738,0.9878563284873962,0.4159597158432007,0.9302534461021423,-0.1776317059993744,0.9857770800590515
sad_v8_2.png,sad,0.5186474323272705,0.324768602848053,-0.5507766008377075,0.9995824694633484,0.5349330306053162,0.30638816952705383,-0.5674642324447632,0.9990315437316895,0.5456296801567078,0.30408167839050293,-0.5674691796302795,0.9991975426673889,0.5552428364753723,0.30168813467025757,-0.5674562454223633,0.9990377426147461,0.5009588003158569,0.3079778850078583,-0.5718399882316589,0.9987055063247681,0.4885411262512207,0.3066287636756897,-0.5720317363739014,0.998625636100769,0.4771895408630371,0.30484646558761597,-0.572069525718689,0.9985554814338684,0.5714204907417297,0.2873595952987671,-0.4162677228450775,0.999383807182312,0.4606221616268158,0.29309362173080444,-0.4232877492904663,0.9990031123161316,0.5367568135261536,0.33329257369041443,-0.46445512771606445,0.9996235370635986,0.5009583830833435,0.33584117889404297,-0.46837690472602844,0.9993405938148499,0.6260197162628174,0.30291807651519775,-0.21344707906246185,0.999994158744812,0.40640896558761597,0.3156328797340393,-0.19010454416275024,0.9999139308929443,0.636692225933075,0.43051138520240784,-0.21527060866355896,0.9573284983634949,0.4287794530391693,0.43135303258895874,-0.018308034166693687,0.8499695658683777,0.4468272626399994,0.41635605692863464,-0.3363979458808899,0.9002441167831421,0.55592942237854,0.40385374426841736,0.14433449506759644,0.597724437713623,0.40226733684539795,0.4106076955795288,-0.3739473819732666,0.8067768812179565,0.5983878374099731,0.3996521234512329,0.1424044817686081,0.43389126658439636,0.4031962752342224,0.39674288034439087,-0.3597066402435303,0.8000553250312805,0.5884432196617126,0.3972480893135071,0.14684723317623138,0.4109824597835541,0.41710638999938965,0.3973720669746399,-0.3257279098033905,0.7392678260803223,0.5748330354690552,0.39607536792755127,0.15597328543663025,0.3550235331058502,0.5699406862258911,0.5150858759880066,-0.01399920228868723,0.9998030066490173,0.44446876645088196,0.5136268138885498,0.014523793943226337,0.9995761513710022,0.5500307083129883,0.7068567276000977,-0.05154508724808693,0.9908168315887451,0.4674834907054901,0.7045878171920776,-0.05462685972452164,0.9886957406997681,0.6625612378120422,0.8708876371383667,0.20334601402282715,0.9891479015350342,0.38004064559936523,0.8694146871566772,0.1556617021560669,0.9814783334732056,0.681954562664032,0.8919431567192078,0.21436353027820587,0.6922847628593445,0.35977044701576233,0.8902431726455688,0.1626138985157013,0.7541892528533936,0.6017648577690125,0.9279487729072571,-0.09809482097625732,0.9811568856239319,0.41781604290008545,0.9305593967437744,-0.13035711646080017,0.9751165509223938
sad_v8_3.png,sad,0.5195344090461731,0.28022652864456177,-0.530949056148529,0.9998842477798462,0.5375612378120422,0.25910744071006775,-0.5275961756706238,0.999761164188385,0.5468933582305908,0.25772595405578613,-0.5276639461517334,0.9997933506965637,0.5557456612586975,0.25629130005836487,-0.5278017520904541,0.9997722506523132,0.501149594783783,0.26071059703826904,-0.5194003582000732,0.9995822310447693,0.48736628890037537,0.2603479325771332,-0.5194651484489441,0.9995276927947998,0.47564050555229187,0.25992313027381897,-0.5194970965385437,0.9995217323303223,0.5724535584449768,0.24889466166496277,-0.2976168096065521,0.9998422861099243,0.4592250883579254,0.25416579842567444,-0.2528129518032074,0.9993847608566284,0.540481448173523,0.2930707335472107,-0.4215576648712158,0.9999150037765503,0.5029601454734802,0.29205122590065,-0.41056448221206665,0.9998371601104736,0.6358689069747925,0.3034215569496155,-0.08483481407165527,0.9999904632568359,0.3959381580352783,0.3086968660354614,0.02972474694252014,0.9999096393585205,0.6414259076118469,0.4315454363822937,-0.2824595868587494,0.9741864204406738,0.39145976305007935,0.4401669502258301,-0.16553650796413422,0.8640257120132446,0.56000816822052,0.36621978878974915,-0.685582160949707,0.9543570876121521,0.4703575074672699,0.36285316944122314,-0.6871947646141052,0.8969972729682922,0.5418668389320374,0.3361283242702484,-0.7570753693580627,0.9002770781517029,0.48875105381011963,0.33512264490127563,-0.7717277407646179,0.8162910342216492,0.5426383018493652,0.3263944983482361,-0.7299050092697144,0.8947643041610718,0.4807310998439789,0.3223618268966675,-0.7589928507804871,0.8037790060043335,0.5450613498687744,0.33381417393684387,-0.6770864725112915,0.8473050594329834,0.48008739948272705,0.3294616639614105,-0.6919099688529968,0.7459511756896973,0.5751921534538269,0.5162487626075745,-0.03611021861433983,0.9995194673538208,0.44623100757598877,0.5145283341407776,0.03621230646967888,0.9990177154541016,0.5500693321228027,0.7111320495605469,-0.18879684805870056,0.9948095083236694,0.46932926774024963,0.7108880281448364,-0.11615179479122162,0.9881994724273682,0.6610979437828064,0.8699996471405029,0.23467805981636047,0.9901453852653503,0.37585967779159546,0.8713176250457764,0.27083173394203186,0.9815812110900879,0.6793800592422485,0.890967071056366,0.2608194053173065,0.7061793804168701,0.35399121046066284,0.8904076814651489,0.29572391510009766,0.7766715884208679,0.5988121032714844,0.9309654831886292,-0.07995699346065521,0.9778757095336914,0.4190906286239624,0.9308019876480103,-0.025954702869057655,0.9713332653045654
sad_v8_4.png,sad,0.5192484259605408,0.28358832001686096,-0.5423145294189453,0.9999189376831055,0.5374450087547302,0.2633924186229706,-0.5425268411636353,0.999812662601471,0.5468752384185791,0.2621805667877197,-0.5425630807876587,0.9998359680175781,0.5558493733406067,0.2610170245170593,-0.5426640510559082,0.9998202919960022,0.5009433627128601,0.26372504234313965,-0.5327483415603638,0.9996829032897949,0.48669305443763733,0.2625734210014343,-0.5328271389007568,0.9996426105499268,0.47482675313949585,0.2613855004310608,-0.5328545570373535,0.999630331993103,0.5749402046203613,0.2520851790904999,-0.3247765004634857,0.9998677968978882,0.45778656005859375,0.2541537582874298,-0.2754947245121002,0.9994804263114929,0.539450466632843,0.2963693141937256,-0.43811216950416565,0.9999067783355713,0.5028272867202759,0.2949526906013489,-0.4258652627468109,0.9998300075531006,0.6313410401344299,0.30643177032470703,-0.121214359998703,0.9999836683273315,0.39541882276535034,0.3083937168121338,0.011668641120195389,0.9998986721038818,0.6309504508972168,0.43417888879776,-0.29694291949272156,0.9681507349014282,0.3990402817726135,0.44168439507484436,-0.17730794847011566,0.8178443312644958,0.551200270652771,0.3572843670845032,-0.6494678854942322,0.951291024684906,0.4595431685447693,0.3576216995716095,-0.6891462206840515,0.8624647259712219,0.5347035527229309,0.32898592948913574,-0.7096070647239685,0.8945934176445007,0.4713675379753113,0.33005040884017944,-0.7649171352386475,0.7699517607688904,0.537021815776825,0.320339173078537,-0.6823757886886597,0.889868974685669,0.46445566415786743,0.3175882399082184,-0.75234055519104,0.7563425898551941,0.5391718149185181,0.3274807333946228,-0.63909912109375,0.8412777185440063,0.4657294452190399,0.32446175813674927,-0.6936079859733582,0.6921350359916687,0.5742053985595703,0.5167823433876038,-0.031725868582725525,0.9994211196899414,0.44621965289115906,0.513661801815033,0.03168921917676926,0.9989744424819946,0.5547327399253845,0.7068917155265808,-0.17440055310726166,0.9900164008140564,0.4757864773273468,0.7056960463523865,-0.11986789852380753,0.9792925119400024,0.6573166847229004,0.8697740435600281,0.16146405041217804,0.986019492149353,0.3826073408126831,0.8684606552124023,0.20865921676158905,0.9743807911872864,0.6774814128875732,0.8937628269195557,0.17889238893985748,0.6838496327400208,0.3560009002685547,0.8866438865661621,0.22701287269592285,0.7548351287841797,0.5954294204711914,0.9282726645469666,-0.16130459308624268,0.9734342098236084,0.4179209768772125,0.9296339750289917,-0.09162317961454391,0.9641129374504089
surprised_v1_1.png,surprised,0.48085761070251465,0.22054624557495117,-0.4654802978038788,0.9996190071105957,0.48453012108802795,0.1993069350719452,-0.4296373128890991,0.9994726777076721,0.4897814691066742,0.19772329926490784,-0.4297114312648773,0.9993199110031128,0.49589043855667114,0.1963871419429779,-0.4297291338443756,0.9993845224380493,0.45968717336654663,0.20431643724441528,-0.45043325424194336,0.9993343949317932,0.4473003149032593,0.20585615932941437,-0.4503939151763916,0.9992063641548157,0.434761106967926,0.20792977511882782,-0.4504692554473877,0.9992886781692505,0.500371515750885,0.1998966634273529,-0.13683326542377472,0.9990577101707458,0.4110293388366699,0.21743318438529968,-0.2261909544467926,0.999168872833252,0.49860846996307373,0.23679164052009583,-0.34496331214904785,0.9996485710144043,0.4667922556400299,0.24275776743888855,-0.3711785078048706,0.9995879530906677,0.574150025844574,0.2738438844680786,0.01811159960925579,0.9997841715812683,0.36677616834640503,0.3034300208091736,-0.11462479829788208,0.9993378520011902,0.6489853858947754,0.3761361837387085,-0.35858872532844543,0.9532366394996643,0.3885270357131958,0.40769529342651367,-0.5214516520500183,0.9734063744544983,0.5230310559272766,0.27581000328063965,-0.8908379077911377,0.9694904088973999,0.44938352704048157,0.2898971438407898,-0.9884746074676514,0.9744608402252197,0.5097396969795227,0.24739395081996918,-1.002666711807251,0.9329087138175964,0.44148319959640503,0.25595587491989136,-1.088815450668335,0.9424110651016235,0.5062296390533447,0.24210688471794128,-0.9588146805763245,0.9257189631462097,0.43426772952079773,0.2500418722629547,-1.0691908597946167,0.9355756640434265,0.5078220367431641,0.2509680688381195,-0.8875781893730164,0.9031735062599182,0.4397657513618469,0.26124343276023865,-0.9908576607704163,0.9114547967910767,0.6205917596817017,0.5131246447563171,0.019696008414030075,0.9994795918464661,0.4851297438144684,0.5246706008911133,-0.01959182322025299,0.9992619156837463,0.6552301645278931,0.7083725929260254,0.009850655682384968,0.9922160506248474,0.4642852246761322,0.717416524887085,-0.047307051718235016,0.9867603778839111,0.654349684715271,0.8686842918395996,0.4660104513168335,0.983890950679779,0.3847351372241974,0.8744609355926514,0.371719092130661,0.9734147787094116,0.6398312449455261,0.8887832164764404,0.4957016408443451,0.831176221370697,0.3877559006214142,0.8913131952285767,0.39935871958732605,0.7446581721305847,0.6723393201828003,0.9351487755775452,0.1884540617465973,0.9718422293663025,0.35850316286087036,0.9386657476425171,0.08652282506227493,0.9574662446975708
surprised_v1_2.png,surprised,0.48274338245391846,0.22823558747768402,-0.36658889055252075,0.9998507499694824,0.4859880208969116,0.20631471276283264,-0.32007870078086853,0.9997829794883728,0.4921828806400299,0.2050054967403412,-0.31997838616371155,0.9996738433837891,0.4990382492542267,0.2035079002380371,-0.3200775682926178,0.9997461438179016,0.4566135108470917,0.20841054618358612,-0.3416755795478821,0.9997828602790833,0.44243091344833374,0.20911072194576263,-0.34166020154953003,0.9997485280036926,0.4299912750720978,0.21009282767772675,-0.34172308444976807,0.9998317956924438,0.5021263360977173,0.20572152733802795,-0.02380731701850891,0.9995335340499878,0.4052772521972656,0.21892890334129333,-0.12180790305137634,0.9998319149017334,0.497404009103775,0.24720130860805511,-0.24924491345882416,0.9997668862342834,0.4617420434951782,0.2517625093460083,-0.2781738042831421,0.9998319149017334,0.5697555541992188,0.2751096785068512,0.14741551876068115,0.9998445510864258,0.36726802587509155,0.30740103125572205,-0.038035329431295395,0.9994183778762817,0.7200788259506226,0.3310144245624542,-0.12024400383234024,0.9841406345367432,0.25793367624282837,0.37002864480018616,-0.4465779960155487,0.9942861199378967,0.5949021577835083,0.23932339251041412,-0.41223281621932983,0.9821971654891968,0.3605128526687622,0.2643691301345825,-0.7589948177337646,0.9768105745315552,0.5679357051849365,0.20952583849430084,-0.4721026122570038,0.9344241619110107,0.3725058436393738,0.23082607984542847,-0.8329622745513916,0.9038510322570801,0.55349200963974,0.21311616897583008,-0.40132439136505127,0.9222544431686401,0.3917415738105774,0.23241852223873138,-0.7718992829322815,0.8862664699554443,0.5551170706748962,0.22686229646205902,-0.3910832703113556,0.8941470980644226,0.3969179689884186,0.24600845575332642,-0.7411336898803711,0.8570282459259033,0.6306247711181641,0.5189447999000549,0.02879217453300953,0.9996386766433716,0.4953525960445404,0.5319344997406006,-0.028902096673846245,0.9994550347328186,0.6642107367515564,0.7106680274009705,-0.04298535734415054,0.9894278645515442,0.4715752899646759,0.7294623255729675,-0.08735065907239914,0.972082793712616,0.6550395488739014,0.8735427856445312,0.3883763253688812,0.9809163212776184,0.38519829511642456,0.871696949005127,0.3128321170806885,0.9712826609611511,0.6418258547782898,0.8908618688583374,0.4183143377304077,0.7720876932144165,0.3845679759979248,0.8880136013031006,0.34073933959007263,0.7429150342941284,0.6716740131378174,0.9345877170562744,0.1320650726556778,0.9655227065086365,0.3584117889404297,0.9422878623008728,0.05794694274663925,0.9523363709449768
surprised_v1_3.png,surprised,0.48329591751098633,0.22608532011508942,-0.32638275623321533,0.9999691247940063,0.48210179805755615,0.20687419176101685,-0.28091830015182495,0.9999591112136841,0.48773616552352905,0.20560501515865326,-0.28075969219207764,0.9999325275421143,0.4933956265449524,0.20427988469600677,-0.28080102801322937,0.9999525547027588,0.4586469531059265,0.20895962417125702,-0.3101562261581421,0.9999583959579468,0.44587481021881104,0.20991964638233185,-0.3101024925708771,0.9999477863311768,0.43198591470718384,0.2114894539117813,-0.3100554347038269,0.9999656677246094,0.4904654026031494,0.20718318223953247,0.0071429600939154625,0.9998927116394043,0.4013408422470093,0.22200849652290344,-0.12865842878818512,0.9999624490737915,0.4965827167034149,0.24328838288784027,-0.21380580961704254,0.9999572038650513,0.46590328216552734,0.24895718693733215,-0.25320833921432495,0.9999691247940063,0.559470534324646,0.2775326371192932,0.15749616920948029,0.9999241828918457,0.3625914454460144,0.31544339656829834,-0.0705103874206543,0.9997392296791077,0.6933525800704956,0.3353983759880066,-0.1376541554927826,0.9802414178848267,0.2727724611759186,0.3691750168800354,-0.48754703998565674,0.9949969053268433,0.5779139995574951,0.24895945191383362,-0.48051339387893677,0.985850989818573,0.36396336555480957,0.261444091796875,-0.7801998257637024,0.9802267551422119,0.5573412775993347,0.22116683423519135,-0.551166832447052,0.9531555771827698,0.3724363446235657,0.22903437912464142,-0.8521882891654968,0.9286738634109497,0.5429940223693848,0.22347046434879303,-0.48908573389053345,0.9447541236877441,0.3840973973274231,0.22698430716991425,-0.7955620288848877,0.9154508113861084,0.5427808165550232,0.23636935651302338,-0.4645780026912689,0.9252668619155884,0.38837695121765137,0.23906992375850677,-0.763593852519989,0.8949452042579651,0.6492401957511902,0.5175918340682983,0.05059988051652908,0.999824583530426,0.5200913548469543,0.5338395237922668,-0.05077209696173668,0.999788224697113,0.6805210113525391,0.7119019627571106,0.04024277254939079,0.9919257760047913,0.4951571524143219,0.7358302474021912,-0.1243085190653801,0.9874000549316406,0.6601834297180176,0.8664885759353638,0.49360391497612,0.9862585067749023,0.3857432007789612,0.8716729879379272,0.2616363763809204,0.9807233214378357,0.6397785544395447,0.8848133087158203,0.5280158519744873,0.8648437261581421,0.38467615842819214,0.8826919794082642,0.2910981774330139,0.8265990018844604,0.6812360286712646,0.9366173148155212,0.28263282775878906,0.9752594232559204,0.36384621262550354,0.9407093524932861,0.05004478245973587,0.9672740697860718
surprised_v1_4.png,surprised,0.47472521662712097,0.21607732772827148,-0.35183459520339966,0.999932050704956,0.4770979881286621,0.19692829251289368,-0.3087652325630188,0.9999109506607056,0.4838756322860718,0.19590657949447632,-0.30874091386795044,0.9998733997344971,0.4901254177093506,0.1950099766254425,-0.3087438642978668,0.9999033212661743,0.4525003433227539,0.19955942034721375,-0.3383992910385132,0.9998922348022461,0.44003331661224365,0.2007557451725006,-0.3383684754371643,0.999869704246521,0.427702397108078,0.2024824023246765,-0.33838462829589844,0.99989914894104,0.4928772449493408,0.2001645267009735,-0.02926481142640114,0.9998083710670471,0.40138229727745056,0.21696951985359192,-0.1622767448425293,0.9998525381088257,0.4936138391494751,0.23290961980819702,-0.24219532310962677,0.9999376535415649,0.45729172229766846,0.23782624304294586,-0.2805514633655548,0.9999266862869263,0.562978982925415,0.2773681581020355,0.10051734000444412,0.9999040365219116,0.3607821464538574,0.3147995173931122,-0.09297323226928711,0.9996500015258789,0.6702628135681152,0.3764626383781433,-0.2530762553215027,0.9487212896347046,0.37415754795074463,0.40615585446357727,-0.48179128766059875,0.9827880263328552,0.5797765851020813,0.28879356384277344,-0.7665867209434509,0.9752378463745117,0.42343437671661377,0.288190633058548,-0.8768527507781982,0.9822174906730652,0.5678812265396118,0.25227200984954834,-0.871292233467102,0.9447398781776428,0.4198876917362213,0.2563171982765198,-0.9693825840950012,0.9573004841804504,0.5639982223510742,0.24484968185424805,-0.8325721621513367,0.9390587210655212,0.4199712574481964,0.24939703941345215,-0.944657027721405,0.9514147043228149,0.5593475699424744,0.2608793079853058,-0.7656183242797852,0.9193251132965088,0.424724817276001,0.2612573802471161,-0.8752357959747314,0.9335910677909851,0.6503976583480835,0.5139371156692505,0.03303489089012146,0.9997792840003967,0.5205682516098022,0.5318849682807922,-0.032987866550683975,0.9996786117553711,0.6863008737564087,0.7120680809020996,0.004547973163425922,0.9929177761077881,0.5023107528686523,0.7340885400772095,-0.08563167601823807,0.989234983921051,0.6604502201080322,0.865012526512146,0.5030273795127869,0.9828932881355286,0.3864499628543854,0.8742183446884155,0.4364185035228729,0.9684217572212219,0.6409667134284973,0.8852174282073975,0.5397447347640991,0.823731541633606,0.3843116760253906,0.8881361484527588,0.47883349657058716,0.759670078754425,0.6808879375457764,0.9361027479171753,0.27481311559677124,0.9704700112342834,0.3586040139198303,0.9418246150016785,0.23477892577648163,0.9538325071334839
surprised_v2_1.png,surprised,0.5086360573768616,0.14483758807182312,-0.35385045409202576,0.9999970197677612,0.523544430732727,0.12487596273422241,-0.2918555736541748,0.9999920129776001,0.5318843722343445,0.12476792931556702,-0.29216739535331726,0.9999908208847046,0.539396345615387,0.12486866116523743,-0.29228463768959045,0.9999918937683105,0.49060654640197754,0.12587308883666992,-0.3039799630641937,0.9999899864196777,0.47696495056152344,0.1268971562385559,-0.30401673913002014,0.9999871253967285,0.4641166627407074,0.12804585695266724,-0.3039395809173584,0.9999873638153076,0.549355685710907,0.1326325237751007,0.034646693617105484,0.9999774694442749,0.44580256938934326,0.1385226845741272,-0.023636935278773308,0.9999737739562988,0.52653968334198,0.16437771916389465,-0.2329462170600891,0.9999940395355225,0.48145827651023865,0.1660657823085785,-0.24844665825366974,0.999994158744812,0.6161931753158569,0.23624874651432037,0.2832237482070923,0.9999890327453613,0.3936622738838196,0.24272051453590393,0.10999028384685516,0.9999783039093018,0.708124041557312,0.3428645730018616,0.3633095324039459,0.98015296459198,0.3233521282672882,0.35759180784225464,0.15661312639713287,0.9777646064758301,0.8443503379821777,0.3705667555332184,-0.04893866553902626,0.9947380423545837,0.19921967387199402,0.3952527344226837,-0.1873624473810196,0.9907798767089844,0.8919668197631836,0.36859649419784546,-0.13932225108146667,0.991081953048706,0.16010379791259766,0.39087921380996704,-0.2654692828655243,0.9860694408416748,0.8920676708221436,0.3575878143310547,-0.2388356775045395,0.9926550388336182,0.15776343643665314,0.38217592239379883,-0.3726297616958618,0.9883811473846436,0.8717139959335327,0.35944563150405884,-0.10329120606184006,0.9913380146026611,0.17372915148735046,0.3843326270580292,-0.23985138535499573,0.9874748587608337,0.5847787857055664,0.48282063007354736,0.15020672976970673,0.9993553757667542,0.47091755270957947,0.4819580316543579,-0.1498386412858963,0.9998140931129456,0.5329278707504272,0.6721339225769043,0.1295151263475418,0.8582032322883606,0.5418545603752136,0.6661790013313293,-0.46091851592063904,0.9895469546318054,0.38282614946365356,0.808058500289917,0.5682671070098877,0.9250631928443909,0.6141862273216248,0.8828221559524536,-0.3984333276748657,0.994066596031189,0.34249353408813477,0.82129967212677,0.599182665348053,0.916451632976532,0.590831458568573,0.914793074131012,-0.4101957678794861,0.9732672572135925,0.4216914474964142,0.8865769505500793,0.4039135277271271,0.9263142943382263,0.7253755331039429,0.9141708612442017,-0.7453553676605225,0.986661970615387
surprised_v2_2.png,surprised,0.49493300914764404,0.15503069758415222,-0.4050258696079254,0.9999996423721313,0.5151140689849854,0.1325787603855133,-0.34328892827033997,0.9999992847442627,0.5276213884353638,0.13123050332069397,-0.34341728687286377,0.9999991655349731,0.5374991297721863,0.13023754954338074,-0.3434284031391144,0.9999991655349731,0.47703006863594055,0.13561999797821045,-0.35722410678863525,0.9999994039535522,0.46564143896102905,0.1360563337802887,-0.3574221730232239,0.9999992847442627,0.4564429223537445,0.13647520542144775,-0.3572685122489929,0.9999992847442627,0.5512186884880066,0.1364848017692566,-0.0010166855063289404,0.9999982118606567,0.4428292512893677,0.14260420203208923,-0.0683310255408287,0.9999990463256836,0.5222075581550598,0.17132803797721863,-0.27941763401031494,0.9999991655349731,0.47180667519569397,0.1740472912788391,-0.2983129620552063,0.9999994039535522,0.6218203902244568,0.23315934836864471,0.25965404510498047,0.9999686479568481,0.4012756943702698,0.2412119060754776,-0.018164057284593582,0.9999922513961792,0.7484362721443176,0.2689070403575897,0.026841266080737114,0.9866640567779541,0.27726298570632935,0.27386462688446045,-0.3734956383705139,0.9950467348098755,0.8780516386032104,0.2690836787223816,-0.5550138354301453,0.9945452213287354,0.14083614945411682,0.27472785115242004,-1.0714819431304932,0.9958206415176392,0.9261699318885803,0.24987325072288513,-0.6523853540420532,0.9893605709075928,0.09784379601478577,0.25645190477371216,-1.1962029933929443,0.9922292828559875,0.915447473526001,0.2431757003068924,-0.7091532945632935,0.9906213283538818,0.10494378209114075,0.252671480178833,-1.242286205291748,0.993131697177887,0.894392192363739,0.25213009119033813,-0.5967197418212891,0.9891148805618286,0.12377431988716125,0.2612454891204834,-1.1092222929000854,0.9924098253250122,0.5853743553161621,0.48045191168785095,0.17048723995685577,0.9996910095214844,0.4701029062271118,0.47768473625183105,-0.1703256219625473,0.9999572038650513,0.5291052460670471,0.6692947149276733,0.25817590951919556,0.8982486724853516,0.545098602771759,0.6635857224464417,-0.5452771186828613,0.9971011281013489,0.3866272568702698,0.800913393497467,0.6954336166381836,0.9651564359664917,0.6146449446678162,0.8793041110038757,-0.5750475525856018,0.9985812902450562,0.3427610993385315,0.8161808252334595,0.7239242792129517,0.9490780830383301,0.5911145210266113,0.9152222871780396,-0.5982292890548706,0.9911916851997375,0.4165725111961365,0.8865998387336731,0.5177516937255859,0.9738908410072327,0.7251402139663696,0.9101940393447876,-0.963047981262207,0.9970337152481079
surprised_v2_3.png,surprised,0.473041296005249,0.19932392239570618,-0.5415195822715759,0.999998927116394,0.4644984006881714,0.1791735291481018,-0.46668705344200134,0.999997615814209,0.4703669846057892,0.17649149894714355,-0.4665491282939911,0.9999963045120239,0.4758339524269104,0.1738252341747284,-0.46663305163383484,0.999996542930603,0.43887728452682495,0.19153264164924622,-0.49790582060813904,0.9999986886978149,0.427830308675766,0.19757190346717834,-0.4980063736438751,0.9999986886978149,0.41757920384407043,0.20369012653827667,-0.49791863560676575,0.9999985694885254,0.48568254709243774,0.17854773998260498,-0.08269380033016205,0.9999961853027344,0.40734919905662537,0.22117508947849274,-0.2260274589061737,0.9999980926513672,0.49850112199783325,0.2113928198814392,-0.3999501168727875,0.9999970197677612,0.4726499915122986,0.22903546690940857,-0.44022807478904724,0.9999953508377075,0.6000428199768066,0.26123756170272827,0.300371378660202,0.99993896484375,0.4360820949077606,0.29877662658691406,-0.2692292630672455,0.9999516010284424,0.7620859146118164,0.2509673237800598,0.6266008615493774,0.978976845741272,0.2852819561958313,0.32504889369010925,-0.7433187961578369,0.9965016841888428,0.8939344882965088,0.22049327194690704,0.6487594246864319,0.9976533055305481,0.1500832438468933,0.32602459192276,-1.409917950630188,0.9967411160469055,0.9286430478096008,0.19489923119544983,0.6882829666137695,0.9947910308837891,0.09940534830093384,0.3184739649295807,-1.5346765518188477,0.992206871509552,0.9263418316841125,0.18889948725700378,0.6073734164237976,0.9956637024879456,0.10015726089477539,0.3139009177684784,-1.5525648593902588,0.9924331903457642,0.9160749912261963,0.19886991381645203,0.6156802773475647,0.9945823550224304,0.12019283324480057,0.31780898571014404,-1.438125729560852,0.9908111095428467,0.6760176420211792,0.4842098653316498,0.2170594483613968,0.9994983673095703,0.6214046478271484,0.4914759397506714,-0.2175663560628891,0.9998332262039185,0.6106796264648438,0.6722507476806641,0.34251919388771057,0.8893754482269287,0.6463483572006226,0.6730642318725586,-0.2926090657711029,0.9897878170013428,0.4582052230834961,0.7953339219093323,0.7699114084243774,0.9675076603889465,0.7091283798217773,0.872469961643219,-0.08776509016752243,0.9960507750511169,0.4105525314807892,0.8004131317138672,0.8011602163314819,0.9700993299484253,0.6907956004142761,0.9095730185508728,-0.07877373695373535,0.987138032913208,0.4833812117576599,0.8815783858299255,0.6313124895095825,0.9721174836158752,0.8169141411781311,0.9001081585884094,-0.3829019069671631,0.9936836957931519
surprised_v2_4.png,surprised,0.47923606634140015,0.19921216368675232,-0.5375903844833374,0.9999984502792358,0.47091007232666016,0.18018490076065063,-0.46604520082473755,0.9999963045120239,0.4764654040336609,0.17800197005271912,-0.4658990204334259,0.9999942779541016,0.4825783967971802,0.17531150579452515,-0.46601203083992004,0.9999948740005493,0.4453001618385315,0.1901029348373413,-0.49776139855384827,0.9999979734420776,0.43363630771636963,0.19522368907928467,-0.4978775680065155,0.9999979734420776,0.42291170358657837,0.20076540112495422,-0.49783381819725037,0.9999978542327881,0.4898545742034912,0.1793106198310852,-0.08793345838785172,0.9999947547912598,0.408912718296051,0.21919721364974976,-0.2347850501537323,0.9999970197677612,0.5033693313598633,0.21279871463775635,-0.3974215090274811,0.9999960660934448,0.4769938588142395,0.22903388738632202,-0.43897107243537903,0.9999933242797852,0.6016662120819092,0.2585259675979614,0.2947028577327728,0.9999407529830933,0.4348125457763672,0.2987188398838043,-0.2765316069126129,0.9999449253082275,0.7672211527824402,0.25019851326942444,0.6967421770095825,0.9794930815696716,0.2886872887611389,0.3251689672470093,-0.760346531867981,0.995895504951477,0.8916404247283936,0.22090856730937958,0.8348075151443481,0.9978505373001099,0.14735007286071777,0.3277164697647095,-1.425368070602417,0.9960898160934448,0.9262654781341553,0.19396406412124634,0.8943350911140442,0.9951933026313782,0.09809309244155884,0.31905844807624817,-1.545486330986023,0.9908278584480286,0.9246066808700562,0.1877584159374237,0.8146027326583862,0.9960485100746155,0.09851127862930298,0.3141162097454071,-1.5698069334030151,0.991238534450531,0.9144753217697144,0.19901451468467712,0.8058029413223267,0.9951230883598328,0.11735576391220093,0.31832075119018555,-1.4565085172653198,0.9896345734596252,0.6856794953346252,0.4841829538345337,0.21430671215057373,0.9996528625488281,0.6193181276321411,0.4909985363483429,-0.21481500566005707,0.9998750686645508,0.6178818941116333,0.6702063083648682,0.3117828965187073,0.8841395974159241,0.6499869227409363,0.6698099374771118,-0.2980366051197052,0.9856056571006775,0.4620511531829834,0.7926814556121826,0.7808473706245422,0.9675896167755127,0.709528386592865,0.868744969367981,-0.05612160265445709,0.9956575632095337,0.41269630193710327,0.7980368733406067,0.8168960809707642,0.9704444408416748,0.6930854320526123,0.9039737582206726,-0.043248653411865234,0.9859165549278259,0.48351967334747314,0.8823495507240295,0.6414496898651123,0.9736250042915344,0.8231003284454346,0.8979147672653198,-0.3494783341884613,0.9936442375183105
surprised_v3_1.png,surprised,0.5076715350151062,0.18062734603881836,-0.5641817450523376,0.9999221563339233,0.5154514908790588,0.15936130285263062,-0.512846052646637,0.9998908042907715,0.5237427949905396,0.15779191255569458,-0.5130109786987305,0.9998842477798462,0.5312871336936951,0.15647900104522705,-0.5130802989006042,0.9998811483383179,0.48306965827941895,0.166101336479187,-0.5285075902938843,0.9998201727867126,0.4701719880104065,0.16884472966194153,-0.5285078883171082,0.9997867941856384,0.4572851061820984,0.1719292402267456,-0.5285985469818115,0.9997380375862122,0.5406546592712402,0.1645650565624237,-0.1629985272884369,0.99977046251297,0.43472132086753845,0.18284115195274353,-0.2329261749982834,0.9997231364250183,0.5327993631362915,0.19690844416618347,-0.42780953645706177,0.9998846054077148,0.4910591244697571,0.204082652926445,-0.4483579993247986,0.9998565912246704,0.6115905046463013,0.2716301679611206,0.11097706109285355,0.9998946189880371,0.39137157797813416,0.26735615730285645,-0.12429343163967133,0.9997053742408752,0.6516121029853821,0.3790140748023987,-0.09714547544717789,0.9435006976127625,0.3818424940109253,0.37596213817596436,-0.47239670157432556,0.9844618439674377,0.6946282386779785,0.32123106718063354,-0.7088807821273804,0.9892632365226746,0.4604661464691162,0.2809085249900818,-1.0466656684875488,0.9922167062759399,0.7181646227836609,0.2979503273963928,-0.8256866931915283,0.9784204363822937,0.49368780851364136,0.25751861929893494,-1.1606756448745728,0.982921838760376,0.7175472378730774,0.28570133447647095,-0.8406123518943787,0.9788193106651306,0.49086710810661316,0.24494804441928864,-1.161465048789978,0.9812643527984619,0.7024197578430176,0.291949987411499,-0.7307040095329285,0.9674149751663208,0.48578527569770813,0.2527250647544861,-1.0561155080795288,0.9690570831298828,0.601790726184845,0.5007770657539368,0.08552224189043045,0.9992021918296814,0.4618294835090637,0.5059773921966553,-0.08529844135046005,0.9984360337257385,0.6621391773223877,0.6880835294723511,-0.101239874958992,0.9660070538520813,0.5063050985336304,0.6958920359611511,-0.0711134523153305,0.9709364175796509,0.6971274614334106,0.8773609399795532,0.08634530752897263,0.9636818766593933,0.5010823011398315,0.8759013414382935,0.270231157541275,0.9385838508605957,0.678087055683136,0.9072316884994507,0.08383630961179733,0.875726044178009,0.5027607679367065,0.893589437007904,0.28540199995040894,0.6433318853378296,0.7771384119987488,0.9311341047286987,-0.27464860677719116,0.9542662501335144,0.5165799260139465,0.9393517971038818,-0.07111025601625443,0.9210487604141235
surprised_v3_2.png,surprised,0.45963895320892334,0.20614685118198395,-0.330281525850296,0.9998261332511902,0.4585266709327698,0.18606209754943848,-0.27912232279777527,0.9998034834861755,0.46512138843536377,0.18360236287117004,-0.27922672033309937,0.9997740387916565,0.4717567563056946,0.18133512139320374,-0.27932673692703247,0.9998114705085754,0.4327133595943451,0.19401046633720398,-0.3154079020023346,0.9996500015258789,0.4182698726654053,0.1982998549938202,-0.31540653109550476,0.9996092915534973,0.4045093357563019,0.20247232913970947,-0.3155346214771271,0.9995719790458679,0.4759661853313446,0.1873272955417633,0.07047523558139801,0.9996963739395142,0.38043656945228577,0.2175533026456833,-0.09198688715696335,0.9997259974479675,0.4806443750858307,0.22373735904693604,-0.1898857057094574,0.9998822212219238,0.4523923993110657,0.23268243670463562,-0.2373179793357849,0.9998212456703186,0.5705372095108032,0.2650543749332428,0.34233832359313965,0.9999738931655884,0.3583703935146332,0.29227006435394287,-0.09296669811010361,0.9997696280479431,0.6608086824417114,0.3686666488647461,0.12168046832084656,0.8834155797958374,0.3691425919532776,0.3788292706012726,-0.5452794432640076,0.9905373454093933,0.6227267384529114,0.32753264904022217,-0.40578198432922363,0.9758888483047485,0.44410240650177,0.2800920605659485,-0.9982059001922607,0.9879934787750244,0.6123045682907104,0.3056575059890747,-0.5032705068588257,0.9565754532814026,0.4682406187057495,0.25388002395629883,-1.1100531816482544,0.9708123803138733,0.6081421375274658,0.2937662601470947,-0.5016066431999207,0.956108033657074,0.46372976899147034,0.24332669377326965,-1.0810444355010986,0.965909481048584,0.6026934385299683,0.30208104848861694,-0.41957488656044006,0.9387769103050232,0.4610295295715332,0.25081199407577515,-0.9930388331413269,0.9445812702178955,0.6308907866477966,0.49838897585868835,0.1388607919216156,0.9998313188552856,0.5005089044570923,0.5172011852264404,-0.13845156133174896,0.9993822574615479,0.7059522867202759,0.6900832653045654,-0.0993465781211853,0.9525183439254761,0.5661699771881104,0.70427006483078,-0.24010945856571198,0.9744442105293274,0.7106616497039795,0.8755174279212952,0.25724393129348755,0.9483157992362976,0.5088173151016235,0.8743470311164856,0.23777276277542114,0.9362842440605164,0.686508297920227,0.9039026498794556,0.27719226479530334,0.8223993182182312,0.4930655360221863,0.8934184312820435,0.27312105894088745,0.6481189727783203,0.7764915227890015,0.9341490268707275,-0.03188500180840492,0.9336247444152832,0.5285444259643555,0.9485886693000793,-0.030391821637749672,0.9185600280761719
surprised_v3_3.png,surprised,0.5039461255073547,0.1877179741859436,-0.2014636993408203,0.9999436140060425,0.5018143653869629,0.16801923513412476,-0.14679445326328278,0.9999388456344604,0.5068995952606201,0.1663057804107666,-0.1468527466058731,0.9999206066131592,0.5117215514183044,0.1647508144378662,-0.14693346619606018,0.999931812286377,0.47774189710617065,0.173770010471344,-0.18531624972820282,0.9999219179153442,0.4656101167201996,0.17608389258384705,-0.1853092759847641,0.9999128580093384,0.4520004391670227,0.17873921990394592,-0.18539607524871826,0.9999202489852905,0.506157636642456,0.17176026105880737,0.1693343073129654,0.9998592138290405,0.4204234182834625,0.1905871033668518,-0.006602320820093155,0.999946117401123,0.5215073823928833,0.20445021986961365,-0.07801969349384308,0.9999089241027832,0.49459245800971985,0.20901493728160858,-0.12918616831302643,0.9999243021011353,0.576337456703186,0.25643444061279297,0.3635486364364624,0.9999325275421143,0.3768058717250824,0.2751568555831909,-0.03942039981484413,0.9997747540473938,0.7096428871154785,0.30600041151046753,0.02893485128879547,0.9766247868537903,0.3882228136062622,0.3582268953323364,-0.46925094723701477,0.994688868522644,0.70491623878479,0.21917524933815002,-0.5043202042579651,0.994105339050293,0.47215110063552856,0.2650929391384125,-0.8156165480613708,0.9963409304618835,0.7041840553283691,0.1861436367034912,-0.6092310547828674,0.9823386073112488,0.4949512481689453,0.23863181471824646,-0.9043219089508057,0.9889391660690308,0.692208468914032,0.1815393567085266,-0.577835738658905,0.9813975095748901,0.4934000074863434,0.228622704744339,-0.8826802372932434,0.9873932600021362,0.6863964200019836,0.19071152806282043,-0.5100076794624329,0.9743310213088989,0.4922093152999878,0.23762330412864685,-0.8105964064598083,0.9789682030677795,0.615510106086731,0.4946669638156891,0.10950195044279099,0.9996119141578674,0.4844798445701599,0.5071295499801636,-0.10935869067907333,0.9991023540496826,0.6805790662765503,0.6894242763519287,-0.027695229277014732,0.9268940687179565,0.5296710729598999,0.6948900818824768,-0.19906209409236908,0.9333386421203613,0.7109991312026978,0.8775231242179871,0.13060450553894043,0.9243867993354797,0.5005509257316589,0.8826529383659363,0.014789623208343983,0.9081352353096008,0.6890032887458801,0.90922611951828,0.12968167662620544,0.812842845916748,0.49186620116233826,0.9055076241493225,0.021168431267142296,0.5589829683303833,0.7826458215713501,0.9344608187675476,-0.15115301311016083,0.9202653765678406,0.5370970368385315,0.941733181476593,-0.2877529561519623,0.8871724009513855
surprised_v3_4.png,surprised,0.508165180683136,0.1875058114528656,-0.26973316073417664,0.9999477863311768,0.5085545182228088,0.16713523864746094,-0.21605390310287476,0.9999370574951172,0.515265941619873,0.165627121925354,-0.21615974605083466,0.9999310970306396,0.5214247703552246,0.16455936431884766,-0.21620792150497437,0.9999394416809082,0.4842659533023834,0.17153245210647583,-0.2501988112926483,0.9998992681503296,0.47193658351898193,0.17336496710777283,-0.25018808245658875,0.9998842477798462,0.45987457036972046,0.17534929513931274,-0.2502644658088684,0.9998680353164673,0.5229294896125793,0.17275938391685486,0.10630819946527481,0.9998806715011597,0.4296186566352844,0.18659454584121704,-0.048736896365880966,0.9998781681060791,0.5269995331764221,0.20460385084152222,-0.14401452243328094,0.9999281167984009,0.49464115500450134,0.20877358317375183,-0.18928763270378113,0.9999099969863892,0.5931963920593262,0.2654299736022949,0.3109002709388733,0.9999508857727051,0.38517478108406067,0.2680244445800781,-0.04883388429880142,0.999796450138092,0.6573785543441772,0.3625430464744568,0.030294224619865417,0.9592484831809998,0.3939058780670166,0.3550298810005188,-0.46711981296539307,0.9933686852455139,0.66867595911026,0.29958510398864746,-0.5406382083892822,0.9930291771888733,0.4805476665496826,0.2651829421520233,-0.9154874682426453,0.9960188269615173,0.6828126311302185,0.27131450176239014,-0.6530112028121948,0.9836371541023254,0.5066869854927063,0.24148543179035187,-1.02249014377594,0.9897599816322327,0.6782966256141663,0.26191413402557373,-0.6460075974464417,0.9835784435272217,0.5026381015777588,0.2313176691532135,-1.002069354057312,0.988349199295044,0.6647756695747375,0.2701425552368164,-0.5544856786727905,0.9752166867256165,0.4994754195213318,0.24029883742332458,-0.9139206409454346,0.9797964692115784,0.6088610291481018,0.496826708316803,0.09966468811035156,0.9996272325515747,0.4728626310825348,0.5065006017684937,-0.09931335598230362,0.9991242289543152,0.6768205761909485,0.6880662441253662,-0.09867610037326813,0.9591211676597595,0.5181874632835388,0.6960538625717163,-0.12608285248279572,0.9605789184570312,0.7050268054008484,0.87641841173172,0.05591721832752228,0.9506645798683167,0.5040604472160339,0.8765555024147034,0.1582154631614685,0.9294002056121826,0.6863490343093872,0.9074000120162964,0.053596511483192444,0.8530310392379761,0.5006116628646851,0.8988778591156006,0.16901198029518127,0.6074601411819458,0.7765697836875916,0.9338841438293457,-0.27031320333480835,0.945099949836731,0.5243300795555115,0.93610680103302,-0.16433052718639374,0.9096816778182983
surprised_v4_1.png,surprised,0.5046634674072266,0.15619924664497375,-0.3459577262401581,0.9999954700469971,0.5112209320068359,0.13271909952163696,-0.3288998305797577,0.9999921321868896,0.5151184797286987,0.13211992383003235,-0.32890039682388306,0.999991774559021,0.5189420580863953,0.13168182969093323,-0.32898274064064026,0.9999912977218628,0.4973035156726837,0.13482695817947388,-0.32651808857917786,0.9999899864196777,0.49285534024238586,0.13535422086715698,-0.3265291750431061,0.9999890327453613,0.48834240436553955,0.13573893904685974,-0.32649287581443787,0.99998939037323,0.5239930748939514,0.14032244682312012,-0.20788432657718658,0.9999879598617554,0.48318830132484436,0.14440613985061646,-0.1981499344110489,0.9999845027923584,0.5139520764350891,0.17465347051620483,-0.2993035614490509,0.9999935626983643,0.495896577835083,0.17446918785572052,-0.2968241572380066,0.9999929666519165,0.5506748557090759,0.24201786518096924,-0.1167813390493393,0.99994957447052,0.460258811712265,0.23927080631256104,-0.09999824315309525,0.9997667670249939,0.6044377088546753,0.3268992602825165,-0.23968562483787537,0.9984955787658691,0.3994466960430145,0.33025360107421875,-0.21581228077411652,0.996619701385498,0.595641016960144,0.21084408462047577,-0.45336368680000305,0.9971587657928467,0.40965238213539124,0.21319691836833954,-0.4525674879550934,0.9942360520362854,0.5974606275558472,0.17707781493663788,-0.497266948223114,0.9860364198684692,0.40872809290885925,0.18003447353839874,-0.5004883408546448,0.975690484046936,0.5911100506782532,0.17331115901470184,-0.48724469542503357,0.9850122928619385,0.4160110354423523,0.1775122880935669,-0.4879058301448822,0.972531795501709,0.5875436067581177,0.1828942745923996,-0.45433691143989563,0.9768394827842712,0.419979989528656,0.18735170364379883,-0.4535006284713745,0.9601115584373474,0.5300377607345581,0.48398134112358093,-0.008409478701651096,0.9995847344398499,0.47540217638015747,0.48423150181770325,0.008284557610750198,0.9992953538894653,0.5345689058303833,0.6958022117614746,-0.038066618144512177,0.9914689064025879,0.4702938497066498,0.7012596130371094,0.0016843044431880116,0.988404393196106,0.5424677133560181,0.8896760940551758,0.13684001564979553,0.9907322525978088,0.46410906314849854,0.892469584941864,0.150949165225029,0.9879222512245178,0.5362952351570129,0.9098336100578308,0.14709708094596863,0.8559679985046387,0.4712717533111572,0.9168739318847656,0.15921951830387115,0.8335364460945129,0.5435323119163513,0.9627277255058289,0.005072540137916803,0.9860903024673462,0.4548771381378174,0.960002601146698,0.020375527441501617,0.980354368686676
surprised_v4_2.png,surprised,0.5010045766830444,0.2570420801639557,-0.053332868963479996,0.9999973773956299,0.5085282921791077,0.23888826370239258,-0.03321665897965431,0.9999983310699463,0.512413501739502,0.23862618207931519,-0.03323281183838844,0.9999978542327881,0.5159521698951721,0.23879392445087433,-0.03326312452554703,0.9999984502792358,0.4942333996295929,0.2424992322921753,-0.033115923404693604,0.9999972581863403,0.4892509877681732,0.2443285435438156,-0.033074431121349335,0.9999958276748657,0.48529860377311707,0.24587315320968628,-0.03299300745129585,0.9999963045120239,0.520835280418396,0.24707333743572235,0.05916815996170044,0.9999984502792358,0.4799518287181854,0.2563866972923279,0.060231056064367294,0.9999947547912598,0.5102841258049011,0.2761203944683075,-0.020728792995214462,0.9999940395355225,0.4913155138492584,0.2767791450023651,-0.020652784034609795,0.9999897480010986,0.537619948387146,0.3268549144268036,0.028977060690522194,0.999832272529602,0.4652957618236542,0.33205851912498474,0.04923516884446144,0.9991899132728577,0.5590337514877319,0.2940778136253357,-0.2390560507774353,0.9630472660064697,0.44387802481651306,0.30191299319267273,-0.19947846233844757,0.9324622750282288,0.5704225897789001,0.2503884732723236,-0.4744158089160919,0.9766913056373596,0.4309643507003784,0.25901272892951965,-0.44687408208847046,0.9128590822219849,0.5753809213638306,0.21930544078350067,-0.5244950652122498,0.9649619460105896,0.426378458738327,0.23061557114124298,-0.4961284399032593,0.8525442481040955,0.5676028728485107,0.2152988463640213,-0.5208761096000671,0.9646978974342346,0.4317323863506317,0.22839896380901337,-0.4883587658405304,0.853868842124939,0.5623481869697571,0.22961318492889404,-0.48196959495544434,0.9581857919692993,0.4351959228515625,0.241341233253479,-0.45438113808631897,0.8530690670013428,0.5285617113113403,0.5343459248542786,-0.009089307859539986,0.9999359846115112,0.47747814655303955,0.5338609218597412,0.009012405760586262,0.999882698059082,0.5323438048362732,0.7208540439605713,-0.059213876724243164,0.9899915456771851,0.47340017557144165,0.7258357405662537,-0.046963270753622055,0.9858677983283997,0.5379101634025574,0.8914966583251953,-0.023787517100572586,0.9811111092567444,0.46930187940597534,0.892238438129425,-0.00538942776620388,0.9726794958114624,0.5316718220710754,0.9158406853675842,-0.02790652960538864,0.672548770904541,0.475277304649353,0.9161145091056824,-0.009018448181450367,0.6767812371253967,0.5435383915901184,0.9489811062812805,-0.15626008808612823,0.9645487070083618,0.45473992824554443,0.9522283673286438,-0.12735819816589355,0.9521856307983398
surprised_v4_3.png,surprised,0.5028528571128845,0.287971168756485,-0.31289994716644287,0.9999222755432129,0.506903886795044,0.27300387620925903,-0.2963593900203705,0.9998910427093506,0.5096997022628784,0.27310022711753845,-0.29631495475769043,0.9998650550842285,0.5124350786209106,0.2733139097690582,-0.29635536670684814,0.999882698059082,0.49789297580718994,0.27214881777763367,-0.2967519760131836,0.9998694658279419,0.49460533261299133,0.271618127822876,-0.2967887818813324,0.9998260140419006,0.49131181836128235,0.2713751494884491,-0.2967621088027954,0.9998302459716797,0.5158835649490356,0.27841484546661377,-0.20053456723690033,0.9998051524162292,0.4862936735153198,0.2777230143547058,-0.201640784740448,0.9997116923332214,0.5083116292953491,0.30385637283325195,-0.27615681290626526,0.9997690320014954,0.4966072738170624,0.3025277554988861,-0.2766178548336029,0.9996920824050903,0.5355778932571411,0.3387202024459839,-0.16917772591114044,0.9992473125457764,0.4692549705505371,0.33901119232177734,-0.1817355751991272,0.9977102279663086,0.5523059964179993,0.23455709218978882,-0.2397507131099701,0.995980978012085,0.45499247312545776,0.23339390754699707,-0.29319921135902405,0.9921200275421143,0.5575356483459473,0.11689278483390808,-0.30820149183273315,0.992007851600647,0.4501234292984009,0.11914274096488953,-0.4006277024745941,0.9863747358322144,0.5592561960220337,0.08369341492652893,-0.34255748987197876,0.9725208282470703,0.44550684094429016,0.09545817971229553,-0.4412349462509155,0.9610279202461243,0.5553386807441711,0.08016058802604675,-0.3489605486392975,0.9716506600379944,0.45035597681999207,0.08728766441345215,-0.4405295252799988,0.9582432508468628,0.55366051197052,0.08970928192138672,-0.31675422191619873,0.9720609784126282,0.45365551114082336,0.09475505352020264,-0.40731847286224365,0.9581573009490967,0.5215436220169067,0.5639685988426208,0.0031326240859925747,0.9996134638786316,0.47826293110847473,0.5664973855018616,-0.0032110607717186213,0.9995483756065369,0.5275185704231262,0.7314783930778503,0.02850123681128025,0.9894206523895264,0.47408077120780945,0.7322476506233215,0.020065810531377792,0.9907419085502625,0.5327275395393372,0.8970382213592529,0.15554440021514893,0.9898174405097961,0.46908998489379883,0.8975999355316162,0.15203313529491425,0.988944947719574,0.5258684158325195,0.9168281555175781,0.1612856090068817,0.8974258899688721,0.47375380992889404,0.9172940254211426,0.157599076628685,0.8616248369216919,0.536251425743103,0.9586696624755859,0.03796886280179024,0.9819023609161377,0.4625098407268524,0.9584694504737854,0.04061476141214371,0.9779115915298462
surprised_v4_4.png,surprised,0.5037909746170044,0.1587114930152893,-0.2063886821269989,0.9999977350234985,0.5108730792999268,0.14003565907478333,-0.1882408857345581,0.9999954700469971,0.5142301321029663,0.1401766538619995,-0.18828707933425903,0.9999953508377075,0.5171970725059509,0.140658438205719,-0.1883176565170288,0.9999948740005493,0.49876222014427185,0.14048799872398376,-0.1869899034500122,0.9999927282333374,0.49444401264190674,0.1408790946006775,-0.18696509301662445,0.9999911785125732,0.4904037415981293,0.14146852493286133,-0.18691962957382202,0.9999904632568359,0.5220548510551453,0.14939579367637634,-0.07408160716295242,0.9999923706054688,0.4855610728263855,0.15002715587615967,-0.07116411626338959,0.9999825954437256,0.5113028287887573,0.1757769137620926,-0.1634158492088318,0.9999955892562866,0.4941571056842804,0.17550963163375854,-0.1627032607793808,0.9999946355819702,0.5457594990730286,0.25123199820518494,-0.00424770824611187,0.9999854564666748,0.4635234773159027,0.24789637327194214,0.013181483373045921,0.9998319149017334,0.5831342339515686,0.3502386510372162,-0.10208190977573395,0.9980643391609192,0.421215683221817,0.35223865509033203,-0.0793648362159729,0.9908944368362427,0.5985835790634155,0.24508178234100342,-0.31170234084129333,0.9994180202484131,0.408786416053772,0.2476910948753357,-0.3201169967651367,0.9968948364257812,0.6034103035926819,0.21701759099960327,-0.3535759150981903,0.9975036978721619,0.40258005261421204,0.217211052775383,-0.36395666003227234,0.9901540875434875,0.5989468097686768,0.20445673167705536,-0.35302308201789856,0.9974839687347412,0.40634676814079285,0.20722775161266327,-0.3627224862575531,0.9898550510406494,0.5955721735954285,0.2135292887687683,-0.3164921998977661,0.9959327578544617,0.4103677570819855,0.21678121387958527,-0.3258017599582672,0.9855846762657166,0.5274943709373474,0.4789537489414215,-0.004896764177829027,0.9996414184570312,0.4774368703365326,0.47672176361083984,0.004877821076661348,0.9992328882217407,0.5328944325447083,0.676928699016571,-0.022597067058086395,0.9914745092391968,0.47193077206611633,0.6783528327941895,-0.012945924885571003,0.9874606728553772,0.5398834347724915,0.8620445728302002,0.12475995719432831,0.989306628704071,0.46450677514076233,0.8645573258399963,0.11944170296192169,0.9861496686935425,0.5340478420257568,0.8825600147247314,0.13276532292366028,0.8648861050605774,0.47013533115386963,0.8884532451629639,0.1263706237077713,0.835965096950531,0.5385532975196838,0.9276270866394043,0.005574311129748821,0.986134946346283,0.45704248547554016,0.9280061721801758,-0.00223340792581439,0.9804553389549255
surprised_v5_1.png,surprised,0.6599884033203125,0.24809852242469788,-0.4121999442577362,0.9999957084655762,0.6864587068557739,0.23959645628929138,-0.36976543068885803,0.9999934434890747,0.6959382891654968,0.24262674152851105,-0.3698291778564453,0.9999932050704956,0.7044155597686768,0.24560546875,-0.3698389232158661,0.9999934434890747,0.6580225825309753,0.23189496994018555,-0.33978015184402466,0.9999849796295166,0.649495005607605,0.23034034669399261,-0.3397132158279419,0.9999769926071167,0.6410187482833862,0.22907353937625885,-0.3394775986671448,0.9999853372573853,0.7192318439483643,0.2610262334346771,-0.13259634375572205,0.999993085861206,0.6307858228683472,0.23505514860153198,0.004806123673915863,0.9999830722808838,0.6658746004104614,0.2733032703399658,-0.3296993374824524,0.9999947547912598,0.6319292187690735,0.2611687481403351,-0.2907688021659851,0.9999922513961792,0.7080097198486328,0.36011654138565063,-0.14544162154197693,0.9999920129776001,0.5339998006820679,0.30285343527793884,0.28474119305610657,0.9999446868896484,0.7173721790313721,0.45234090089797974,-0.5526535511016846,0.998719334602356,0.39316725730895996,0.2845674455165863,0.4511367380619049,0.9692533016204834,0.6224995255470276,0.36015111207962036,-0.9919607639312744,0.997936487197876,0.3350905776023865,0.21775615215301514,0.3161576986312866,0.9896306395530701,0.6084825396537781,0.3355788588523865,-1.079764723777771,0.9904327392578125,0.3271162509918213,0.1863548755645752,0.2769607901573181,0.9752419590950012,0.6136653423309326,0.3278273344039917,-1.0464268922805786,0.988900899887085,0.3397257328033447,0.1837262213230133,0.26357120275497437,0.9745665788650513,0.6160404086112976,0.3344566226005554,-0.9860454201698303,0.9813771843910217,0.3443424105644226,0.1959856152534485,0.30052098631858826,0.9711668491363525,0.5091587901115417,0.541175365447998,-0.11511419713497162,0.9999064207077026,0.39395439624786377,0.5148206949234009,0.11440163850784302,0.9999594688415527,0.5469520092010498,0.7356595993041992,-0.3592578172683716,0.9930536150932312,0.17482033371925354,0.5955373048782349,-0.36879780888557434,0.9975647926330566,0.7663426399230957,0.8299333453178406,0.1647660732269287,0.9879987239837646,0.3424801230430603,0.7595497369766235,0.07849756628274918,0.9934531450271606,0.8036727905273438,0.8337770104408264,0.2143644392490387,0.9170029163360596,0.3845582902431488,0.7625972032546997,0.11526159942150116,0.974122941493988,0.7588432431221008,0.9045535922050476,-0.00460650771856308,0.9826760292053223,0.3176133632659912,0.8438231945037842,-0.07849206030368805,0.9873868823051453
surprised_v5_2.png,surprised,0.5088538527488708,0.14248904585838318,-0.41750243306159973,0.9999938011169434,0.5267018675804138,0.1215808093547821,-0.3736162483692169,0.9999830722808838,0.5361611247062683,0.1210353672504425,-0.3736574947834015,0.9999797344207764,0.5464458465576172,0.12045496702194214,-0.37373602390289307,0.9999833106994629,0.4910276532173157,0.12388736754655838,-0.363042950630188,0.9999791383743286,0.47839847207069397,0.12469407916069031,-0.3629891574382782,0.9999724626541138,0.46633994579315186,0.12543952465057373,-0.3628700375556946,0.9999783039093018,0.5627380609512329,0.12765753269195557,-0.11051368713378906,0.9999781847000122,0.451759934425354,0.13392364978790283,-0.05624360218644142,0.9999722242355347,0.5291544198989868,0.16046690940856934,-0.3184502124786377,0.9999884366989136,0.485381543636322,0.16148602962493896,-0.3041488528251648,0.9999837875366211,0.6105387210845947,0.21978051960468292,-0.08762942254543304,0.9999886751174927,0.4040338397026062,0.22792603075504303,0.1882772594690323,0.9997962117195129,0.7153930068016052,0.28777220845222473,-0.43395334482192993,0.9986255168914795,0.29036545753479004,0.30610036849975586,-0.0847039669752121,0.9753892421722412,0.5512288212776184,0.26506486535072327,-0.804511547088623,0.9971808195114136,0.3239794969558716,0.2189660668373108,-0.6056630611419678,0.9786511063575745,0.5155738592147827,0.2556084394454956,-0.8903325200080872,0.988593578338623,0.33421623706817627,0.1874552071094513,-0.7169060111045837,0.9406720995903015,0.5023118257522583,0.24753618240356445,-0.8462281227111816,0.9861069917678833,0.3463751971721649,0.18159857392311096,-0.681010365486145,0.9301590919494629,0.5081217885017395,0.250182569026947,-0.7896793484687805,0.9756879806518555,0.35283362865448,0.1945236325263977,-0.6087663769721985,0.9143247008323669,0.5795384049415588,0.46408164501190186,-0.10702870041131973,0.9998776912689209,0.45203477144241333,0.46658965945243835,0.10667572170495987,0.9998418092727661,0.6634348630905151,0.6570056676864624,-0.21045051515102386,0.9980137348175049,0.2830454707145691,0.5936883091926575,-0.35004723072052,0.9985255599021912,0.8089531064033508,0.8179779052734375,0.1889604777097702,0.9978435039520264,0.4761320650577545,0.722626805305481,0.17593811452388763,0.9943665862083435,0.8309018611907959,0.8269430994987488,0.20968377590179443,0.8943600654602051,0.5271093249320984,0.732689380645752,0.21729493141174316,0.9736966490745544,0.8251935839653015,0.9122682213783264,-0.1601974070072174,0.9932290315628052,0.43101269006729126,0.8083566427230835,-0.00916063878685236,0.9888133406639099
surprised_v5_3.png,surprised,0.6742565035820007,0.2345215231180191,-0.4947284460067749,0.9999918937683105,0.6998690962791443,0.21872180700302124,-0.4532771408557892,0.999984860420227,0.71000736951828,0.22035615146160126,-0.45335543155670166,0.9999827146530151,0.7188495993614197,0.2220824807882309,-0.4535183012485504,0.9999837875366211,0.6666388511657715,0.21382443606853485,-0.4307369589805603,0.9999632835388184,0.655674934387207,0.21238826215267181,-0.430681049823761,0.9999270439147949,0.6446754932403564,0.21155774593353271,-0.4304291307926178,0.9999372959136963,0.7332993745803833,0.23444890975952148,-0.1892111748456955,0.9999899864196777,0.6287436485290527,0.21586823463439941,-0.07729058712720871,0.9999148845672607,0.6842802166938782,0.2587018609046936,-0.39510786533355713,0.9999904632568359,0.6430396437644958,0.25175052881240845,-0.36417660117149353,0.9999768733978271,0.7281635403633118,0.33178794384002686,-0.16872553527355194,0.9999934434890747,0.5538591742515564,0.2816733717918396,0.20440827310085297,0.9999325275421143,0.7500579357147217,0.43790239095687866,-0.6222584843635559,0.9988610744476318,0.4317319095134735,0.22434420883655548,0.07119809836149216,0.981453537940979,0.652232825756073,0.3638647496700287,-1.1473413705825806,0.99750816822052,0.4343092739582062,0.11650636792182922,-0.36195865273475647,0.9867551922798157,0.6296302080154419,0.3429887890815735,-1.2677907943725586,0.9904363751411438,0.43715518712997437,0.08544880151748657,-0.4574258327484131,0.9647721648216248,0.6293452382087708,0.33431655168533325,-1.2258994579315186,0.9890430569648743,0.45061272382736206,0.08094951510429382,-0.4700235426425934,0.9628969430923462,0.6345463395118713,0.3400064706802368,-1.1403855085372925,0.9820609092712402,0.4523670971393585,0.09203138947486877,-0.3891795873641968,0.9619989991188049,0.566779613494873,0.5387051701545715,-0.14146216213703156,0.9999109506607056,0.44160154461860657,0.5175151228904724,0.14099594950675964,0.9999794960021973,0.5711249709129333,0.7299366593360901,-0.16254277527332306,0.9951146841049194,0.3030187487602234,0.6782992482185364,-0.12806455790996552,0.9941495656967163,0.7553178668022156,0.8434838652610779,0.4356444478034973,0.9922412633895874,0.305050790309906,0.8740830421447754,0.27246856689453125,0.995345413684845,0.795224130153656,0.8505697250366211,0.4874454140663147,0.911855936050415,0.3325595259666443,0.904939591884613,0.29473912715911865,0.9793141484260559,0.7181782126426697,0.9245086908340454,0.2370014786720276,0.9876157641410828,0.19676867127418518,0.9219603538513184,0.01855636201798916,0.989801824092865
surprised_v5_4.png,surprised,0.6839649081230164,0.24748335778713226,-0.31967681646347046,0.9999681711196899,0.7158774137496948,0.24559545516967773,-0.31735754013061523,0.9999492168426514,0.7223008871078491,0.2490764558315277,-0.31732553243637085,0.9999431371688843,0.7298911213874817,0.25314822793006897,-0.31745120882987976,0.9999419450759888,0.7035794258117676,0.2393081933259964,-0.25435197353363037,0.999896764755249,0.7018694281578064,0.23822075128555298,-0.2542296051979065,0.999849796295166,0.7004991173744202,0.23723389208316803,-0.2540046274662018,0.9998828172683716,0.7461705207824707,0.2788516581058502,-0.2444063127040863,0.9999587535858154,0.7143521308898926,0.2516499161720276,0.047711096704006195,0.9998441934585571,0.6805022358894348,0.27082741260528564,-0.29355716705322266,0.9999773502349854,0.6677974462509155,0.2594327926635742,-0.2101445198059082,0.9999597072601318,0.7159336805343628,0.384718120098114,-0.31683412194252014,0.9999794960021973,0.5752836465835571,0.29987651109695435,0.3103030025959015,0.9999618530273438,0.7093894481658936,0.5047810077667236,-0.6175497770309448,0.9994041919708252,0.47477370500564575,0.2265695035457611,0.44551926851272583,0.9903832077980042,0.6116707921028137,0.40951311588287354,-0.9044097065925598,0.9987988471984863,0.49971795082092285,0.11406448483467102,0.3037724196910858,0.9964575171470642,0.5922497510910034,0.3864811062812805,-0.985997200012207,0.9940775632858276,0.5141066908836365,0.08596524596214294,0.2757009267807007,0.9880185127258301,0.6000396013259888,0.3751175105571747,-0.9383128881454468,0.9927557110786438,0.524918794631958,0.08538717031478882,0.2628214955329895,0.9871740341186523,0.6046099066734314,0.37921661138534546,-0.8871901035308838,0.9883580803871155,0.5209423303604126,0.09582087397575378,0.28283870220184326,0.9861284494400024,0.4953131377696991,0.5576640963554382,-0.16185986995697021,0.9998069405555725,0.38496243953704834,0.5369101762771606,0.16117779910564423,0.9999293088912964,0.525659441947937,0.7615461349487305,-0.37903568148612976,0.9987679123878479,0.21164321899414062,0.6932113766670227,0.12005670368671417,0.9976478219032288,0.761795163154602,0.8392022252082825,0.21771107614040375,0.9951255917549133,0.30497103929519653,0.8779491782188416,0.5878047943115234,0.9976806640625,0.8008729219436646,0.837283194065094,0.2756975293159485,0.9689376950263977,0.3387800455093384,0.9057226777076721,0.6207178235054016,0.9922146201133728,0.737246036529541,0.9123066067695618,0.11145547032356262,0.9935197234153748,0.20332308113574982,0.9266923069953918,0.4507896304130554,0.9957577586174011
surprised_v6_1.png,surprised,0.6334356069564819,0.21599644422531128,-0.4154092073440552,0.999954342842102,0.6558155417442322,0.2049640417098999,-0.3848210275173187,0.9999414682388306,0.6655018329620361,0.20740661025047302,-0.3849546015262604,0.9999262094497681,0.6750578880310059,0.20979806780815125,-0.38515251874923706,0.999932050704956,0.6279280781745911,0.19827181100845337,-0.34947800636291504,0.9998800754547119,0.6185153126716614,0.19639798998832703,-0.34947898983955383,0.9997454285621643,0.6089919209480286,0.19469612836837769,-0.3493448495864868,0.9998089671134949,0.6898816227912903,0.2173832207918167,-0.18505322933197021,0.9999229907989502,0.5968836545944214,0.1977177858352661,-0.015810184180736542,0.9996371269226074,0.6489040851593018,0.23637175559997559,-0.34142348170280457,0.9997648596763611,0.6085801720619202,0.22676783800125122,-0.2937496602535248,0.9996774196624756,0.6774290800094604,0.2909107208251953,-0.29317721724510193,0.9996722936630249,0.537032425403595,0.26173052191734314,0.2800297737121582,0.9989114999771118,0.5118706226348877,0.26880156993865967,-0.43820589780807495,0.9831079244613647,0.4956790804862976,0.20475690066814423,0.5989845991134644,0.6515863537788391,0.4657513499259949,0.20352771878242493,-0.37608790397644043,0.9635686278343201,0.4667401611804962,0.0975048840045929,0.8171658515930176,0.7492824196815491,0.46201691031455994,0.1879633069038391,-0.43812811374664307,0.9291415810585022,0.47446003556251526,0.06691280007362366,0.81034255027771,0.6753433346748352,0.512351393699646,0.153893381357193,-0.4733322262763977,0.9275792837142944,0.47934168577194214,0.06340286135673523,0.7812756896018982,0.6812959909439087,0.4755063056945801,0.1875782310962677,-0.3944341242313385,0.916253924369812,0.4793631434440613,0.07229387760162354,0.792083203792572,0.7171226143836975,0.5698780417442322,0.5394722819328308,-0.13853202760219574,0.9995810389518738,0.45394036173820496,0.526570737361908,0.13811875879764557,0.9998480081558228,0.657538115978241,0.7280879020690918,-0.2685982882976532,0.9974828362464905,0.2976170778274536,0.6832869052886963,0.02420000545680523,0.9977109432220459,0.8588793277740479,0.8245184421539307,0.28178924322128296,0.9961650371551514,0.20152005553245544,0.8673412203788757,0.31437063217163086,0.9987847208976746,0.8894984722137451,0.829428493976593,0.33038291335105896,0.9492728114128113,0.22007009387016296,0.9000744223594666,0.3223094046115875,0.9882124066352844,0.855556309223175,0.8982487916946411,0.0974973663687706,0.9927473664283752,0.10005077719688416,0.9181591272354126,0.05178925395011902,0.9954438209533691
surprised_v6_2.png,surprised,0.6393120288848877,0.21817588806152344,-0.6073884963989258,0.9999890327453613,0.6658027172088623,0.20379474759101868,-0.5771317481994629,0.9999780654907227,0.675089418888092,0.20548272132873535,-0.5773101449012756,0.9999686479568481,0.6852258443832397,0.20725373923778534,-0.577542245388031,0.9999727010726929,0.6341549158096313,0.198667973279953,-0.5514266490936279,0.9999814033508301,0.6226128339767456,0.19718065857887268,-0.5512509942054749,0.9999599456787109,0.6120530366897583,0.196099191904068,-0.5510995388031006,0.9999629259109497,0.6976751089096069,0.21625226736068726,-0.32202306389808655,0.9999616146087646,0.5960750579833984,0.2013709843158722,-0.19028107821941376,0.9999089241027832,0.6519793272018433,0.2408878207206726,-0.5022692084312439,0.9999290704727173,0.6084962487220764,0.2341761738061905,-0.46539026498794556,0.9998921155929565,0.6741330027580261,0.28799986839294434,-0.29697462916374207,0.9998362064361572,0.5601813197135925,0.28901559114456177,0.11765563488006592,0.999785840511322,0.6022841930389404,0.3333767056465149,-0.5868481397628784,0.9557942152023315,0.6256954669952393,0.4308173656463623,0.2618235647678375,0.2295600175857544,0.4953145980834961,0.2468024343252182,-0.792181670665741,0.8854077458381653,0.6151535511016846,0.4822263717651367,0.15906375646591187,0.15310467779636383,0.48493725061416626,0.22761979699134827,-0.8858445882797241,0.8162935376167297,0.6335721015930176,0.5021632313728333,0.13105443120002747,0.16762231290340424,0.4876701235771179,0.22034217417240143,-0.8551217317581177,0.8154998421669006,0.6248211860656738,0.5024056434631348,0.058532778173685074,0.1768725961446762,0.49414369463920593,0.22902917861938477,-0.7893805503845215,0.7750771641731262,0.6211727857589722,0.4918133616447449,0.12520217895507812,0.16335292160511017,0.5777281522750854,0.5341020226478577,-0.12842406332492828,0.9998014569282532,0.46014657616615295,0.5286404490470886,0.1281995177268982,0.999895453453064,0.652711033821106,0.721714198589325,-0.27995574474334717,0.9978765249252319,0.295764297246933,0.6806600093841553,-0.05874665081501007,0.9957848191261292,0.8539565801620483,0.8246803879737854,0.21222162246704102,0.9946112632751465,0.2016802430152893,0.872970461845398,0.16312868893146515,0.9969149827957153,0.8888276815414429,0.8329273462295532,0.25569626688957214,0.9138531684875488,0.22430768609046936,0.9059652090072632,0.16752445697784424,0.9694615006446838,0.8490727543830872,0.8982126712799072,0.04944388568401337,0.9914366602897644,0.09869241714477539,0.9215906858444214,-0.0991566851735115,0.9925161004066467
surprised_v6_3.png,surprised,0.5569120049476624,0.261460542678833,-0.6443281173706055,0.9998962879180908,0.5714642405509949,0.2455301582813263,-0.5936490893363953,0.9998431205749512,0.5809992551803589,0.24701514840126038,-0.5936402678489685,0.9998067021369934,0.5905064344406128,0.2484997659921646,-0.5937938690185547,0.9998345375061035,0.5412717461585999,0.242758646607399,-0.5847171545028687,0.9996896982192993,0.5308067798614502,0.24240583181381226,-0.584751307964325,0.9995388984680176,0.5203526616096497,0.24214735627174377,-0.5845800638198853,0.9995365142822266,0.6019467711448669,0.2574053108692169,-0.31005141139030457,0.9997919201850891,0.5046050548553467,0.24778315424919128,-0.2531207799911499,0.998957633972168,0.5743300914764404,0.2821652293205261,-0.5354941487312317,0.99979168176651,0.5360140800476074,0.27696850895881653,-0.5200963020324707,0.9994372725486755,0.6369859576225281,0.35502171516418457,-0.20267441868782043,0.9998445510864258,0.45104292035102844,0.3136989176273346,-0.06934668868780136,0.9991629123687744,0.6936897039413452,0.4588220715522766,-0.33897513151168823,0.9929745197296143,0.4096548855304718,0.21483063697814941,-0.12837889790534973,0.9924343824386597,0.5810847878456116,0.4991128742694855,-0.6756531596183777,0.9553451538085938,0.4071497917175293,0.10409862548112869,-0.3486345410346985,0.9867738485336304,0.5557601451873779,0.5058431625366211,-0.7783952355384827,0.8726013898849487,0.4010516107082367,0.07307490706443787,-0.4547698497772217,0.9532299041748047,0.545152485370636,0.496894896030426,-0.7976416945457458,0.872887134552002,0.41121724247932434,0.07113897800445557,-0.4786686897277832,0.9516076445579529,0.5526247620582581,0.49352511763572693,-0.6916335225105286,0.8500361442565918,0.41691815853118896,0.08258140087127686,-0.3767034411430359,0.9527353644371033,0.576605498790741,0.5649495124816895,-0.0670827254652977,0.9993878602981567,0.4503338038921356,0.5598390102386475,0.06678196042776108,0.9997127652168274,0.715304434299469,0.7275379300117493,-0.1768990457057953,0.9985263347625732,0.3053274154663086,0.7114425897598267,-0.07944323867559433,0.9985278844833374,0.8573989868164062,0.8478854894638062,0.267424613237381,0.9976170063018799,0.20003563165664673,0.8726528286933899,0.3098996579647064,0.9979807734489441,0.8693253993988037,0.8579702973365784,0.29310885071754456,0.8877493143081665,0.2221507728099823,0.9003145098686218,0.32728639245033264,0.9657210111618042,0.8627077341079712,0.9132246971130371,-0.08595088869333267,0.9906702041625977,0.1049875020980835,0.9198752045631409,-0.0020234507974237204,0.9928858876228333
surprised_v6_4.png,surprised,0.6252206563949585,0.269905686378479,-0.6858875155448914,0.9999375343322754,0.6241855025291443,0.25301501154899597,-0.6395557522773743,0.999885082244873,0.6267385482788086,0.2534032166004181,-0.6395760178565979,0.9998641014099121,0.6294539570808411,0.25382500886917114,-0.6398000717163086,0.9998794794082642,0.608421802520752,0.25095534324645996,-0.6496460437774658,0.9997867941856384,0.5992758274078369,0.25018569827079773,-0.6497069001197815,0.9996391534805298,0.5887404680252075,0.2494228482246399,-0.6495237946510315,0.9996119141578674,0.6152501106262207,0.25866326689720154,-0.3742371201515198,0.999864935874939,0.5536936521530151,0.251475989818573,-0.4098862111568451,0.9991936087608337,0.6226609945297241,0.28822779655456543,-0.5843898057937622,0.9999252557754517,0.6060452461242676,0.28492844104766846,-0.5956659317016602,0.9998204112052917,0.6380957961082458,0.36378735303878784,-0.24681547284126282,0.9999504089355469,0.46125441789627075,0.3039880096912384,-0.26027414202690125,0.9998947381973267,0.6787766218185425,0.4794766306877136,-0.2962776720523834,0.9925178289413452,0.4236091673374176,0.20575998723506927,-0.3778054118156433,0.9970349073410034,0.5397704839706421,0.5082775950431824,-0.5802180767059326,0.9661237597465515,0.40808916091918945,0.10352909564971924,-0.6710842251777649,0.9938196539878845,0.5081092715263367,0.5137297511100769,-0.6637268662452698,0.9021812081336975,0.4056953191757202,0.07402700185775757,-0.7870770692825317,0.9784578680992126,0.4997692406177521,0.5033262968063354,-0.7041120529174805,0.9014506936073303,0.4133204519748688,0.07143408060073853,-0.8023818731307983,0.9771653413772583,0.5098539590835571,0.5003512501716614,-0.6016756296157837,0.8878151774406433,0.4166266620159149,0.08436328172683716,-0.6977758407592773,0.976898193359375,0.519173800945282,0.5598022937774658,0.0034033851698040962,0.9995899796485901,0.3947950601577759,0.5492077469825745,-0.003541595535352826,0.9998651742935181,0.6723973155021667,0.7098464369773865,-0.09643740206956863,0.9986329674720764,0.29161253571510315,0.7116220593452454,-0.0021653573494404554,0.9979454874992371,0.8533662557601929,0.832015335559845,0.16291184723377228,0.9973623156547546,0.20087948441505432,0.870423436164856,0.3357224762439728,0.997808039188385,0.8729046583175659,0.8426352143287659,0.17414052784442902,0.9548327922821045,0.2135082334280014,0.8995717763900757,0.3469181954860687,0.9674326777458191,0.8803616762161255,0.902108371257782,-0.15580721199512482,0.9929331541061401,0.11334550380706787,0.9203701019287109,0.015791967511177063,0.9928268194198608
surprised_v7_1.png,surprised,0.5115640163421631,0.2464224398136139,-0.5400276780128479,0.9999988079071045,0.5278134346008301,0.22617313265800476,-0.5013116002082825,0.9999977350234985,0.5371347069740295,0.22500482201576233,-0.5013505816459656,0.9999973773956299,0.5474737882614136,0.22401809692382812,-0.5012781023979187,0.9999971389770508,0.4946954846382141,0.2279350459575653,-0.4883207678794861,0.9999974966049194,0.4808439314365387,0.22840668261051178,-0.48837175965309143,0.9999967813491821,0.46913081407546997,0.22905434668064117,-0.48825815320014954,0.9999969005584717,0.5632781982421875,0.2295939326286316,-0.22116178274154663,0.999997615814209,0.45349663496017456,0.2343500405550003,-0.1589352786540985,0.9999939203262329,0.5286678075790405,0.2648364305496216,-0.43000227212905884,0.9999980926513672,0.48762375116348267,0.2643123269081116,-0.4132756292819977,0.9999970197677612,0.6056822538375854,0.3227001428604126,-0.15533103048801422,0.9999927282333374,0.41685858368873596,0.3223634362220764,0.15199187397956848,0.999941349029541,0.6647877097129822,0.42419007420539856,-0.5147556066513062,0.9984416365623474,0.3551325798034668,0.4307747781276703,-0.10679689794778824,0.925747811794281,0.547532320022583,0.37447792291641235,-1.0926884412765503,0.9976000189781189,0.401907354593277,0.37353643774986267,-0.7737836837768555,0.9675348997116089,0.5195067524909973,0.3561026453971863,-1.220137119293213,0.9931459426879883,0.4195620119571686,0.35814350843429565,-0.8875582814216614,0.9302312731742859,0.5183018445968628,0.3441135287284851,-1.19109308719635,0.9927241206169128,0.42668959498405457,0.34150129556655884,-0.8862366676330566,0.925123393535614,0.5230208039283752,0.3482305705547333,-1.0900318622589111,0.985431969165802,0.4281746447086334,0.344782292842865,-0.7878211140632629,0.8998208045959473,0.5714616775512695,0.5418376326560974,-0.15229682624340057,0.9999157190322876,0.4549899697303772,0.5385845899581909,0.15208032727241516,0.999931812286377,0.5694693326950073,0.7173435091972351,-0.19196505844593048,0.999138355255127,0.33010488748550415,0.6842138767242432,-0.055390793830156326,0.9972857236862183,0.7007420063018799,0.8496718406677246,0.3252561688423157,0.9987670183181763,0.3112523853778839,0.8599204421043396,0.3405793309211731,0.9980700612068176,0.720727801322937,0.8649230003356934,0.3603770136833191,0.9511986970901489,0.33220893144607544,0.8880910873413086,0.3635554313659668,0.9838125109672546,0.6828109622001648,0.917323648929596,0.05066434666514397,0.9968097805976868,0.2187042534351349,0.9097685217857361,0.08057339489459991,0.9954330921173096
surprised_v7_2.png,surprised,0.509829044342041,0.24548950791358948,-0.4898858666419983,0.999997615814209,0.5270749926567078,0.22535276412963867,-0.45322802662849426,0.999995231628418,0.5358022451400757,0.2245156317949295,-0.45329737663269043,0.9999948740005493,0.5461549162864685,0.22350111603736877,-0.45327505469322205,0.9999947547912598,0.4926222860813141,0.22751189768314362,-0.4380122125148773,0.9999942779541016,0.47887614369392395,0.2282879799604416,-0.4380391538143158,0.9999923706054688,0.4676251709461212,0.2289179116487503,-0.4379655122756958,0.9999927282333374,0.563491940498352,0.22865882515907288,-0.18086810410022736,0.9999953508377075,0.45483124256134033,0.23597274720668793,-0.10911772400140762,0.9999871253967285,0.5280125141143799,0.264808714389801,-0.3822726309299469,0.9999957084655762,0.4876321256160736,0.2654273509979248,-0.36291852593421936,0.9999935626983643,0.6056287288665771,0.32064518332481384,-0.12903566658496857,0.9999872446060181,0.42027711868286133,0.32005029916763306,0.19409535825252533,0.9999082088470459,0.6467708945274353,0.428547739982605,-0.5013265013694763,0.9979854822158813,0.36020034551620483,0.43159493803977966,-0.07241327315568924,0.8891525268554688,0.5300039052963257,0.35993075370788574,-1.0236870050430298,0.9975839853286743,0.41210266947746277,0.3743530511856079,-0.7098035216331482,0.9423085451126099,0.5034019947052002,0.3381659984588623,-1.141282558441162,0.9930368065834045,0.43016690015792847,0.350897878408432,-0.8222953081130981,0.8801225423812866,0.506320059299469,0.32807737588882446,-1.1111756563186646,0.9924702644348145,0.4413965940475464,0.33487164974212646,-0.8126791715621948,0.8712571859359741,0.5115424990653992,0.33282965421676636,-1.0196278095245361,0.9848018288612366,0.4419958293437958,0.34060561656951904,-0.7220443487167358,0.8371059894561768,0.5719466209411621,0.542396605014801,-0.1446654200553894,0.9998446702957153,0.45432165265083313,0.5386959910392761,0.1446274220943451,0.9999197721481323,0.586807131767273,0.7169960141181946,-0.17768168449401855,0.9991917014122009,0.3087368607521057,0.6845720410346985,-0.19141079485416412,0.9986953139305115,0.7040681838989258,0.8521807789802551,0.3702933192253113,0.998542308807373,0.31045258045196533,0.8626470565795898,0.2025958150625229,0.9985319375991821,0.7233082056045532,0.8679892420768738,0.40758246183395386,0.9341354966163635,0.3380739092826843,0.8901240825653076,0.2246655821800232,0.9860629439353943,0.6818162202835083,0.9114512205123901,0.07781994342803955,0.995882511138916,0.21679094433784485,0.9126384258270264,-0.07342153787612915,0.9959393739700317
surprised_v7_3.png,surprised,0.5149833559989929,0.23967435956001282,-0.4553370475769043,0.9999912977218628,0.5281541347503662,0.22042614221572876,-0.4094544053077698,0.9999831914901733,0.5363044142723083,0.22001662850379944,-0.40950456261634827,0.999982476234436,0.5445936918258667,0.21988052129745483,-0.40947502851486206,0.9999827146530151,0.497881144285202,0.222304567694664,-0.40451544523239136,0.9999780654907227,0.48527225852012634,0.22274242341518402,-0.4045654237270355,0.9999731779098511,0.47340694069862366,0.22331032156944275,-0.4045847952365875,0.9999747276306152,0.5565912127494812,0.22706806659698486,-0.12907598912715912,0.9999816417694092,0.45289134979248047,0.23104006052017212,-0.10093715786933899,0.9999511241912842,0.5349662899971008,0.25686365365982056,-0.347246378660202,0.9999828338623047,0.49337857961654663,0.2573934495449066,-0.3404751420021057,0.9999699592590332,0.6057620644569397,0.32348448038101196,-0.05458749458193779,0.9999634027481079,0.41473647952079773,0.3187572658061981,0.1213703528046608,0.9997633099555969,0.6442406177520752,0.43392491340637207,-0.42449936270713806,0.9967744946479797,0.36983972787857056,0.4374062120914459,-0.17132017016410828,0.897404134273529,0.5563077330589294,0.3329043984413147,-0.9310157895088196,0.9966623783111572,0.4436694383621216,0.3408434987068176,-0.7458300590515137,0.962047278881073,0.5453292727470398,0.3027055263519287,-1.038148045539856,0.9905838966369629,0.45923182368278503,0.3081449866294861,-0.8592942953109741,0.9193102717399597,0.5453068017959595,0.2953627109527588,-1.0031218528747559,0.9896880984306335,0.4608277976512909,0.3002678155899048,-0.8415387868881226,0.9129486680030823,0.5441126823425293,0.3050738573074341,-0.9261492490768433,0.9814427495002747,0.460120290517807,0.30890506505966187,-0.7533403635025024,0.886748194694519,0.5764964818954468,0.5424864888191223,-0.11686128377914429,0.9998012185096741,0.45321527123451233,0.5376373529434204,0.11673092842102051,0.999897837638855,0.5845615267753601,0.7170828580856323,-0.14879116415977478,0.9987402558326721,0.310007780790329,0.6861951351165771,-0.22993317246437073,0.9975818395614624,0.7033419609069824,0.8515361547470093,0.41395553946495056,0.9972251653671265,0.30871719121932983,0.8622806668281555,0.14866292476654053,0.9972308278083801,0.7218787670135498,0.8643589019775391,0.4537261426448822,0.845963180065155,0.33404862880706787,0.8899852633476257,0.17099924385547638,0.9707214832305908,0.6807557940483093,0.9138006567955017,0.13606303930282593,0.9920338988304138,0.21531465649604797,0.9120290279388428,-0.12485001981258392,0.993257999420166
surprised_v7_4.png,surprised,0.5215795636177063,0.24019113183021545,-0.5125433802604675,0.9999964237213135,0.5346509218215942,0.2209726721048355,-0.4698885977268219,0.9999934434890747,0.544028639793396,0.2199181467294693,-0.46997368335723877,0.999993085861206,0.552777886390686,0.2188771665096283,-0.46996474266052246,0.9999926090240479,0.5028278827667236,0.22331595420837402,-0.46450453996658325,0.9999915361404419,0.4886583089828491,0.22424504160881042,-0.46454280614852905,0.9999895095825195,0.47669917345046997,0.22524034976959229,-0.46446117758750916,0.9999899864196777,0.5635040998458862,0.2235700935125351,-0.17020995914936066,0.9999936819076538,0.458783358335495,0.23140288889408112,-0.13896022737026215,0.9999834299087524,0.5369780659675598,0.257792204618454,-0.3942103981971741,0.9999946355819702,0.49845248460769653,0.2595209777355194,-0.3864520788192749,0.9999903440475464,0.6058109402656555,0.31221896409988403,-0.06824527680873871,0.9999877214431763,0.4167654812335968,0.3114549517631531,0.14386989176273346,0.9998507499694824,0.6521961092948914,0.4224996864795685,-0.4251193106174469,0.9968050718307495,0.36768174171447754,0.4272735118865967,-0.13815303146839142,0.9200078845024109,0.5759567022323608,0.37071460485458374,-1.0334049463272095,0.9949140548706055,0.4286234974861145,0.3662579655647278,-0.7897020578384399,0.9605305194854736,0.5506169199943542,0.3519139289855957,-1.160328984260559,0.9863710999488831,0.45827892422676086,0.34318456053733826,-0.911399245262146,0.9181852340698242,0.5482659935951233,0.33677858114242554,-1.1362069845199585,0.9853869676589966,0.4628622531890869,0.32921552658081055,-0.9058724045753479,0.912733256816864,0.5498900413513184,0.34059441089630127,-1.0344191789627075,0.9736407995223999,0.45971184968948364,0.3338339924812317,-0.8023512363433838,0.883622944355011,0.5735449194908142,0.5368247032165527,-0.1300814151763916,0.9998010993003845,0.4540366232395172,0.533158004283905,0.1299862414598465,0.9998428821563721,0.5863873362541199,0.7132413387298584,-0.16016465425491333,0.9991399049758911,0.3126673102378845,0.6851205825805664,-0.11593732237815857,0.9982615113258362,0.702479898929596,0.8530157804489136,0.37513595819473267,0.9985150694847107,0.31132614612579346,0.8617638945579529,0.2987893521785736,0.9978524446487427,0.7217159867286682,0.8692770004272461,0.40972214937210083,0.9222513437271118,0.3408266603946686,0.8905160427093506,0.3230939209461212,0.9786710143089294,0.6813607215881348,0.9140748381614685,0.06260316073894501,0.9955052137374878,0.22128762304782867,0.9112284183502197,0.02102627232670784,0.9941993951797485
surprised_v8_1.png,surprised,0.5078834891319275,0.25202125310897827,-1.0818159580230713,0.9999641180038452,0.5303761959075928,0.22976572811603546,-1.0585105419158936,0.9998553991317749,0.5412096977233887,0.2288220375776291,-1.0585626363754272,0.9998629093170166,0.5497187972068787,0.22828230261802673,-1.0586464405059814,0.9998428821563721,0.48956170678138733,0.23194117844104767,-1.0553206205368042,0.9998303651809692,0.4761362373828888,0.23221564292907715,-1.055404543876648,0.999830961227417,0.4667028486728668,0.2322539985179901,-1.0554550886154175,0.9997970461845398,0.5627160668373108,0.2289993017911911,-0.7695204019546509,0.9996994733810425,0.45493680238723755,0.23296339809894562,-0.7586351633071899,0.999649167060852,0.5322831869125366,0.26763108372688293,-0.9604053497314453,0.9999165534973145,0.4848899841308594,0.2701011896133423,-0.9575526118278503,0.9999089241027832,0.6080659627914429,0.3163081407546997,-0.4721229076385498,0.9999592304229736,0.4127810597419739,0.3094947934150696,-0.43952423334121704,0.9998906850814819,0.6229731440544128,0.4274320602416992,-0.2814444899559021,0.9811844229698181,0.3845217823982239,0.4314301908016205,-0.2542819082736969,0.9718035459518433,0.6831496953964233,0.531724214553833,-0.46601319313049316,0.9773170948028564,0.3326030969619751,0.5331507921218872,-0.4464545249938965,0.9601696729660034,0.7063742280006409,0.5640150308609009,-0.5206514000892639,0.9503200650215149,0.30615442991256714,0.5642265677452087,-0.501968502998352,0.926456093788147,0.6985459327697754,0.5637378096580505,-0.6172407865524292,0.9558824896812439,0.31386640667915344,0.56581050157547,-0.5979086756706238,0.9340476393699646,0.6878257989883423,0.5566575527191162,-0.5072144865989685,0.9487424492835999,0.32492324709892273,0.5584411025047302,-0.488736093044281,0.9272106289863586,0.5701589584350586,0.5228613018989563,-0.005856123752892017,0.9993519186973572,0.44498100876808167,0.5192532539367676,0.005723375361412764,0.999139666557312,0.5593031644821167,0.7023117542266846,-0.04653267562389374,0.9816988706588745,0.4486340880393982,0.7015178799629211,-0.046984028071165085,0.98031085729599,0.5704184174537659,0.8772287368774414,0.2547517716884613,0.9835082292556763,0.44093257188796997,0.874103307723999,0.24757400155067444,0.9792877435684204,0.5595371127128601,0.8969523906707764,0.2655835449695587,0.8382705450057983,0.44978463649749756,0.8952264189720154,0.25849443674087524,0.7579900622367859,0.5757562518119812,0.9362867474555969,-0.0645749494433403,0.9766833186149597,0.43837612867355347,0.9334574937820435,-0.07792652398347855,0.9712198972702026
surprised_v8_2.png,surprised,0.5131605863571167,0.26771530508995056,-1.2226827144622803,0.9999567270278931,0.5302516222000122,0.24909837543964386,-1.2040520906448364,0.9998095631599426,0.5402399301528931,0.2475700080394745,-1.2040530443191528,0.9998219609260559,0.547997236251831,0.24590402841567993,-1.204142451286316,0.9997891783714294,0.49341702461242676,0.25115638971328735,-1.2003142833709717,0.9997839331626892,0.47958865761756897,0.2511945962905884,-1.2004274129867554,0.9997879862785339,0.4688102602958679,0.2508102059364319,-1.2004762887954712,0.9997462630271912,0.5601574182510376,0.23981258273124695,-0.8988336324691772,0.9996492862701416,0.4571681320667267,0.2480105459690094,-0.8826632499694824,0.9995917677879333,0.532528281211853,0.2801922559738159,-1.0909318923950195,0.9999033212661743,0.49116355180740356,0.2826521098613739,-1.0866923332214355,0.9998935461044312,0.6114547848701477,0.3138669729232788,-0.5528364181518555,0.9999731779098511,0.40752190351486206,0.31302404403686523,-0.5149277448654175,0.9999274015426636,0.6282306909561157,0.42693522572517395,-0.330192506313324,0.9868789315223694,0.38048434257507324,0.4310084879398346,-0.3040327727794647,0.9823234677314758,0.6865454316139221,0.5321779251098633,-0.5257749557495117,0.9821650385856628,0.3288957476615906,0.5358060002326965,-0.5021892786026001,0.9774205088615417,0.7107976675033569,0.5637562274932861,-0.57966148853302,0.9590148329734802,0.30294594168663025,0.5673781037330627,-0.5575599074363708,0.9534921050071716,0.7048519849777222,0.5645763874053955,-0.6809433698654175,0.9640610814094543,0.31177645921707153,0.5696738958358765,-0.6582045555114746,0.9588224291801453,0.6948652863502502,0.5563995242118835,-0.5683081746101379,0.9579540491104126,0.32335466146469116,0.5613188147544861,-0.545682966709137,0.9521040320396423,0.5707642436027527,0.5232592225074768,-0.009834539145231247,0.9994677901268005,0.4430934488773346,0.5181090831756592,0.009687524288892746,0.9992467164993286,0.5604715347290039,0.704127311706543,-0.08558442443609238,0.9859808683395386,0.45054590702056885,0.7009150385856628,-0.05309639126062393,0.9837049841880798,0.568551242351532,0.8780370950698853,0.2607865035533905,0.987345278263092,0.4434170126914978,0.8742707371711731,0.27003952860832214,0.9835206866264343,0.5568053126335144,0.8955758213996887,0.27612560987472534,0.8594516515731812,0.4524269998073578,0.893557608127594,0.2837340831756592,0.8062537312507629,0.5732983946800232,0.9397436380386353,-0.07003308832645416,0.9827872514724731,0.43659743666648865,0.9345777630805969,-0.06300424039363861,0.9786568284034729
surprised_v8_3.png,surprised,0.5163977146148682,0.2723698019981384,-1.2235076427459717,0.9999769926071167,0.5314123630523682,0.2526657283306122,-1.204174518585205,0.9999017715454102,0.5403280854225159,0.25102728605270386,-1.2041763067245483,0.9999027252197266,0.5479886531829834,0.24936982989311218,-1.204250693321228,0.9998792409896851,0.4976785182952881,0.2554769217967987,-1.2050508260726929,0.9998841285705566,0.48409491777420044,0.25541412830352783,-1.2051533460617065,0.9998795986175537,0.47266918420791626,0.2551061809062958,-1.2052148580551147,0.9998501539230347,0.5585607886314392,0.2416713535785675,-0.8765292167663574,0.999819815158844,0.4595533609390259,0.2510131299495697,-0.8813453316688538,0.9997654557228088,0.5333338975906372,0.2837044596672058,-1.080544114112854,0.9999419450759888,0.4941706657409668,0.2862274646759033,-1.0824419260025024,0.9999324083328247,0.6115145087242126,0.30906686186790466,-0.49277055263519287,0.9999828338623047,0.406831830739975,0.30880969762802124,-0.5045152306556702,0.9999443292617798,0.6286756992340088,0.42132341861724854,-0.2232639640569687,0.9887639284133911,0.379747211933136,0.42584577202796936,-0.29507187008857727,0.9806821346282959,0.6982604265213013,0.5235166549682617,-0.4321668744087219,0.9883468747138977,0.3189557194709778,0.5243957042694092,-0.5229343175888062,0.979367733001709,0.7207419872283936,0.5533050298690796,-0.4841430187225342,0.9721972942352295,0.29456570744514465,0.5550872683525085,-0.5822774767875671,0.9590857625007629,0.7159362435340881,0.5533512234687805,-0.5925732254981995,0.9760361313819885,0.29985055327415466,0.5562847256660461,-0.6919981837272644,0.9642239809036255,0.706953763961792,0.5460100173950195,-0.47753986716270447,0.9707851409912109,0.3104114234447479,0.5488123893737793,-0.5698375701904297,0.9568079710006714,0.5707852840423584,0.5236918926239014,-0.0016079137567430735,0.9994327425956726,0.4443078935146332,0.5186739563941956,0.00151537184137851,0.9992055296897888,0.5594862699508667,0.703544557094574,-0.06028951331973076,0.9895676970481873,0.4523741602897644,0.7026222348213196,-0.05127943679690361,0.9879078269004822,0.5722811818122864,0.8779146075248718,0.30641648173332214,0.989810585975647,0.4444746971130371,0.8762446641921997,0.28154489398002625,0.9884967803955078,0.5613147020339966,0.8946434855461121,0.32378101348876953,0.887100875377655,0.45627081394195557,0.8967199921607971,0.29627761244773865,0.848975419998169,0.5771865844726562,0.9367661476135254,-0.017028773203492165,0.9864934682846069,0.43651872873306274,0.9331579208374023,-0.05506935343146324,0.9840978980064392
surprised_v8_4.png,surprised,0.5140535235404968,0.26950523257255554,-1.16171133518219,0.9999597072601318,0.5295962691307068,0.2504070997238159,-1.1428091526031494,0.9998243451118469,0.5393142104148865,0.2486666440963745,-1.142849326133728,0.9998314380645752,0.5466146469116211,0.24683809280395508,-1.1429438591003418,0.9997977614402771,0.49457377195358276,0.2526862621307373,-1.143084168434143,0.9997815489768982,0.4807852804660797,0.2529361844062805,-1.1431632041931152,0.999776303768158,0.4695811867713928,0.25265514850616455,-1.1432181596755981,0.9997180104255676,0.5585840940475464,0.2401125282049179,-0.8302053809165955,0.9996684789657593,0.4568574130535126,0.24884212017059326,-0.8335289359092712,0.9995527863502502,0.5326449275016785,0.2820412814617157,-1.0256043672561646,0.9999074935913086,0.49201497435569763,0.28404849767684937,-1.0270185470581055,0.9998894929885864,0.6097068786621094,0.30990785360336304,-0.4780806303024292,0.9999796152114868,0.40604323148727417,0.3097097873687744,-0.4713287055492401,0.9999165534973145,0.6297412514686584,0.4215250611305237,-0.23681943118572235,0.9874043464660645,0.3805828094482422,0.4256954789161682,-0.2696257531642914,0.9758948683738708,0.6993824243545532,0.5252779126167297,-0.4448355734348297,0.9870614409446716,0.32305318117141724,0.5235830545425415,-0.48920851945877075,0.972713828086853,0.7226333022117615,0.5540472865104675,-0.49909791350364685,0.9698390960693359,0.29589158296585083,0.5547761917114258,-0.5467828512191772,0.9487601518630981,0.7179604768753052,0.5543495416641235,-0.6039049029350281,0.9739667177200317,0.3002176880836487,0.5562785863876343,-0.6534654498100281,0.9550208449363708,0.7087218165397644,0.5470592379570007,-0.489106684923172,0.9686993360519409,0.31181812286376953,0.5488429069519043,-0.5352717638015747,0.9472252726554871,0.5721022486686707,0.5240472555160522,-0.003841013414785266,0.9994038343429565,0.44463592767715454,0.5189734697341919,0.0037564190570265055,0.9990437626838684,0.5590364933013916,0.7062917947769165,-0.06382804363965988,0.9879107475280762,0.45254403352737427,0.7039276361465454,-0.05026144161820412,0.9852970242500305,0.5704231262207031,0.8800878524780273,0.2999395430088043,0.9881588816642761,0.44380199909210205,0.8741087317466736,0.2891801595687866,0.9855794906616211,0.5577265024185181,0.8978883624076843,0.31727883219718933,0.879675567150116,0.45423394441604614,0.8950521945953369,0.30483826994895935,0.8254069089889526,0.5745037794113159,0.9374450445175171,-0.01727556250989437,0.9835433959960938,0.43811899423599243,0.9324507117271423,-0.039993077516555786,0.979804277420044
