filename,label,kp_0,kp_1,kp_2,kp_3,kp_4,kp_5,kp_6,kp_7,kp_8,kp_9,kp_10,kp_11,kp_12,kp_13,kp_14,kp_15,kp_16,kp_17,kp_18,kp_19,kp_20,kp_21,kp_22,kp_23,kp_24,kp_25,kp_26,kp_27,kp_28,kp_29,kp_30,kp_31,kp_32,kp_33,kp_34,kp_35,kp_36,kp_37,kp_38,kp_39,kp_40,kp_41,kp_42,kp_43,kp_44,kp_45,kp_46,kp_47,kp_48,kp_49,kp_50,kp_51,kp_52,kp_53,kp_54,kp_55,kp_56,kp_57,kp_58,kp_59,kp_60,kp_61,kp_62,kp_63,kp_64,kp_65,kp_66,kp_67,kp_68,kp_69,kp_70,kp_71,kp_72,kp_73,kp_74,kp_75,kp_76,kp_77,kp_78,kp_79,kp_80,kp_81,kp_82,kp_83,kp_84,kp_85,kp_86,kp_87,kp_88,kp_89,kp_90,kp_91,kp_92,kp_93,kp_94,kp_95,kp_96,kp_97,kp_98,kp_99,kp_100,kp_101,kp_102,kp_103,kp_104,kp_105,kp_106,kp_107,kp_108,kp_109,kp_110,kp_111,kp_112,kp_113,kp_114,kp_115,kp_116,kp_117,kp_118,kp_119,kp_120,kp_121,kp_122,kp_123,kp_124,kp_125,kp_126,kp_127,kp_128,kp_129,kp_130,kp_131
angry_v1_1.png,angry,0.5120072960853577,0.2467917948961258,-1.1551660299301147,0.9999210834503174,0.528615415096283,0.22787323594093323,-1.1496466398239136,0.9996013045310974,0.5384634137153625,0.226562038064003,-1.149585247039795,0.999627947807312,0.5483993887901306,0.22454455494880676,-1.1495821475982666,0.9996053576469421,0.4937725365161896,0.22745497524738312,-1.148780107498169,0.9994950294494629,0.4819059669971466,0.22620630264282227,-1.1488417387008667,0.9994871616363525,0.4705895483493805,0.2244531214237213,-1.1488327980041504,0.999440610408783,0.5657520890235901,0.21653051674365997,-0.8422424793243408,0.9993433356285095,0.4580939710140228,0.2168659269809723,-0.837782084941864,0.9989356398582458,0.5314144492149353,0.25986170768737793,-1.0133466720581055,0.9998877048492432,0.49410271644592285,0.25946348905563354,-1.01274836063385,0.9998606443405151,0.6367477178573608,0.26873642206192017,-0.4808908998966217,0.9999895095825195,0.39515697956085205,0.2668766975402832,-0.4391578733921051,0.9999486207962036,0.6733028292655945,0.384022057056427,-0.21429811418056488,0.992171049118042,0.35428571701049805,0.38939517736434937,-0.18452003598213196,0.9816583395004272,0.6839507818222046,0.5131245851516724,-0.4447377622127533,0.9849804639816284,0.33561259508132935,0.5088350176811218,-0.41675543785095215,0.9669840335845947,0.6915855407714844,0.5470064878463745,-0.5148159265518188,0.963374674320221,0.3318304121494293,0.543499231338501,-0.48498353362083435,0.9378936290740967,0.6750009655952454,0.5456667542457581,-0.6190550327301025,0.9672989249229431,0.3424459993839264,0.542773425579071,-0.5901232957839966,0.9443903565406799,0.6674255728721619,0.53635573387146,-0.4863053262233734,0.9576392769813538,0.3483584523200989,0.533449113368988,-0.4598626494407654,0.9318997859954834,0.5806658267974854,0.5175150036811829,-0.012210470624268055,0.9991869330406189,0.44879525899887085,0.5132437348365784,0.012012608349323273,0.9986515641212463,0.5567688941955566,0.7081111669540405,0.00030607308144681156,0.9903329014778137,0.4593384563922882,0.7061356902122498,0.01728876307606697,0.9868689179420471,0.5740622878074646,0.8721098303794861,0.4665727913379669,0.9896112680435181,0.45291978120803833,0.8709827661514282,0.46385765075683594,0.9799690842628479,0.5731498599052429,0.8872890472412109,0.49390941858291626,0.844240665435791,0.4551170766353607,0.8863343000411987,0.49085482954978943,0.8034697771072388,0.5473894476890564,0.9345312118530273,0.12608280777931213,0.9845094084739685,0.46895092725753784,0.9328612089157104,0.1369287669658661,0.9756041169166565
angry_v1_2.png,angry,0.5115926265716553,0.22988945245742798,-1.1500589847564697,0.9999650716781616,0.528313934803009,0.21031203866004944,-1.133825421333313,0.9998383522033691,0.538286566734314,0.20938006043434143,-1.1338262557983398,0.9998540878295898,0.5477784872055054,0.2086430788040161,-1.133872628211975,0.9998291730880737,0.4930088222026825,0.21023708581924438,-1.134647250175476,0.9997735619544983,0.48084133863449097,0.20949137210845947,-1.1347054243087769,0.9997809529304504,0.4695344567298889,0.20885279774665833,-1.134680151939392,0.9997556805610657,0.5657437443733215,0.20569373667240143,-0.8064911365509033,0.9997608065605164,0.4573845863342285,0.20577290654182434,-0.8105050921440125,0.9996263980865479,0.5314989686012268,0.24546802043914795,-1.0053433179855347,0.9999474287033081,0.49255114793777466,0.24716660380363464,-1.0070444345474243,0.999929666519165,0.6310436129570007,0.2701306939125061,-0.44326895475387573,0.9999924898147583,0.4011096954345703,0.2694178521633148,-0.4220832586288452,0.9999486207962036,0.6684000492095947,0.38872241973876953,-0.16309374570846558,0.9914815425872803,0.35294109582901,0.38731515407562256,-0.15901236236095428,0.9812885522842407,0.6930588483810425,0.49974992871284485,-0.39007633924484253,0.9832764863967896,0.328267902135849,0.4944359362125397,-0.36698824167251587,0.9659790992736816,0.7006783485412598,0.5369976758956909,-0.45113521814346313,0.9575111865997314,0.3240874409675598,0.5344418287277222,-0.4276312589645386,0.9326862096786499,0.6861721873283386,0.5364241003990173,-0.5598610639572144,0.9625367522239685,0.337714284658432,0.5327736139297485,-0.5309696793556213,0.939558207988739,0.6772513389587402,0.5262464284896851,-0.4344833493232727,0.9528540372848511,0.345450222492218,0.5213585495948792,-0.4089110195636749,0.9283541440963745,0.5756691098213196,0.5179932117462158,-0.00900387391448021,0.9994215965270996,0.4464961290359497,0.5153022408485413,0.008797517977654934,0.9989442229270935,0.550918459892273,0.7051812410354614,-0.007508942857384682,0.9909653663635254,0.4633556306362152,0.705683171749115,0.015080870129168034,0.986725926399231,0.5683699250221252,0.8704494833946228,0.4925328195095062,0.9904069304466248,0.4525390863418579,0.8677245378494263,0.4972701370716095,0.9828041791915894,0.5623786449432373,0.8863279819488525,0.5223034024238586,0.8506923317909241,0.4550704061985016,0.8833482265472412,0.5269131064414978,0.819973349571228,0.5438656210899353,0.9351482391357422,0.14977440237998962,0.9857284426689148,0.4652944803237915,0.9318910241127014,0.16832475364208221,0.97929847240448
angry_v1_3.png,angry,0.5093917846679688,0.22918365895748138,-1.1869076490402222,0.9999639987945557,0.5289062261581421,0.20931357145309448,-1.169191598892212,0.99982750415802,0.5391156673431396,0.2087409794330597,-1.169154405593872,0.9998331069946289,0.5485934019088745,0.20761996507644653,-1.1691993474960327,0.9998195767402649,0.4909241497516632,0.20952248573303223,-1.1698299646377563,0.999792754650116,0.47837209701538086,0.20907245576381683,-1.169904112815857,0.999789297580719,0.46664759516716003,0.2084418386220932,-1.1698795557022095,0.9997736811637878,0.5673073530197144,0.20349372923374176,-0.8374195694923401,0.9997001886367798,0.4579715132713318,0.20426535606384277,-0.8395741581916809,0.999591052532196,0.5312263369560242,0.24517399072647095,-1.04096257686615,0.9999377727508545,0.488925576210022,0.24617592990398407,-1.0421910285949707,0.9999287128448486,0.6296939253807068,0.2744966149330139,-0.4753025472164154,0.9999884366989136,0.39942067861557007,0.26979920268058777,-0.4507429301738739,0.9999507665634155,0.6706071496009827,0.38579416275024414,-0.2035941779613495,0.9908502101898193,0.34905895590782166,0.38662293553352356,-0.20993706583976746,0.9837061166763306,0.6949213147163391,0.49646127223968506,-0.43034130334854126,0.9792851805686951,0.3294462263584137,0.5023785829544067,-0.441806435585022,0.9627079963684082,0.7024726867675781,0.5331854224205017,-0.49585312604904175,0.9494772553443909,0.32513004541397095,0.5372087359428406,-0.5085757374763489,0.9224653840065002,0.6873143315315247,0.5326612591743469,-0.5999699831008911,0.955303966999054,0.33601802587509155,0.5364089012145996,-0.6100897192955017,0.9304026365280151,0.6781561374664307,0.5221519470214844,-0.4732511043548584,0.9438236951828003,0.3433106541633606,0.5272778868675232,-0.48400408029556274,0.9181566834449768,0.5797867774963379,0.5189712643623352,-0.010571343824267387,0.9991949200630188,0.4501038193702698,0.5160362720489502,0.010378447361290455,0.9986733198165894,0.5559282302856445,0.7023319602012634,0.003520434023812413,0.991289496421814,0.4648849666118622,0.7055202722549438,0.021159563213586807,0.9876692891120911,0.5734530687332153,0.8700041174888611,0.5256333351135254,0.9907174706459045,0.4530353546142578,0.8721699714660645,0.5145770907402039,0.9835422039031982,0.5675269961357117,0.8848342895507812,0.5580002665519714,0.8517016768455505,0.4548157751560211,0.8859249353408813,0.5455306172370911,0.8244849443435669,0.545560359954834,0.9356924891471863,0.17967559397220612,0.9863446950912476,0.46645230054855347,0.9357288479804993,0.17958661913871765,0.9798316359519958
angry_v1_4.png,angry,0.5110013484954834,0.24827587604522705,-1.4144588708877563,0.9999798536300659,0.5296947360038757,0.2296038269996643,-1.4052605628967285,0.9999055862426758,0.5388727188110352,0.22818630933761597,-1.4051400423049927,0.9999160766601562,0.5487973093986511,0.2263132482767105,-1.4051393270492554,0.9998999834060669,0.4936274588108063,0.22892367839813232,-1.4037824869155884,0.999870777130127,0.4799964427947998,0.2271677851676941,-1.403928518295288,0.9998754262924194,0.46716684103012085,0.22503775358200073,-1.4038987159729004,0.9998574256896973,0.5670257806777954,0.21766406297683716,-1.0589808225631714,0.9998611211776733,0.45502156019210815,0.2172984629869461,-1.053061842918396,0.9997701048851013,0.5300344228744507,0.262522429227829,-1.2569948434829712,0.9999665021896362,0.49005916714668274,0.2618526816368103,-1.2560060024261475,0.9999555349349976,0.6399555206298828,0.268795907497406,-0.6408323645591736,0.9999963045120239,0.38627299666404724,0.26797592639923096,-0.5854073762893677,0.9999784231185913,0.6810001134872437,0.38865241408348083,-0.3297312259674072,0.9961282014846802,0.3398743271827698,0.3896002769470215,-0.24774214625358582,0.9872903227806091,0.6961866617202759,0.5109840631484985,-0.5626081824302673,0.9913995265960693,0.32054775953292847,0.506401002407074,-0.459634929895401,0.9809731841087341,0.7023582458496094,0.5452889204025269,-0.6294427514076233,0.9739885926246643,0.31534749269485474,0.540902316570282,-0.5220010280609131,0.9589340090751648,0.6847949028015137,0.544285237789154,-0.7440467476844788,0.977155327796936,0.32787227630615234,0.5402408242225647,-0.6378099322319031,0.9636109471321106,0.6770147681236267,0.5348079204559326,-0.6074918508529663,0.9691550731658936,0.33461302518844604,0.5314086079597473,-0.5050366520881653,0.9533800482749939,0.585860013961792,0.5135654211044312,-0.01549829263240099,0.9995282888412476,0.44722652435302734,0.5107197165489197,0.015265789814293385,0.9992926120758057,0.5565977096557617,0.7005486488342285,0.05242922157049179,0.9910585284233093,0.45477691292762756,0.7025918960571289,0.022475888952612877,0.9885038733482361,0.5735543966293335,0.8651113510131836,0.6058995723724365,0.9908073544502258,0.45224398374557495,0.8683445453643799,0.534351110458374,0.9847990870475769,0.569961667060852,0.8767233490943909,0.6406973004341125,0.8538497090339661,0.456246554851532,0.8796718120574951,0.565984845161438,0.8345566391944885,0.5508424639701843,0.9351255297660828,0.25215253233909607,0.9880317449569702,0.47170490026474,0.935425877571106,0.18701644241809845,0.9838398098945618
angry_v2_1.png,angry,0.5087055563926697,0.24216508865356445,-0.16068409383296967,0.9998356103897095,0.5260521173477173,0.22275376319885254,-0.16231632232666016,0.9996102452278137,0.5374657511711121,0.22062189877033234,-0.1622682809829712,0.9995457530021667,0.545989453792572,0.2187635749578476,-0.16222383081912994,0.9995071887969971,0.49254029989242554,0.22471043467521667,-0.14845432341098785,0.999573290348053,0.48127803206443787,0.22378721833229065,-0.14835673570632935,0.9994319081306458,0.4711720943450928,0.2227449119091034,-0.14816707372665405,0.9994969367980957,0.5644678473472595,0.21035228669643402,0.01953999139368534,0.999613344669342,0.4610951244831085,0.21798881888389587,0.08794214576482773,0.9994609951972961,0.5302125811576843,0.2554396092891693,-0.07013332098722458,0.9996606111526489,0.4934513568878174,0.25663167238235474,-0.051577985286712646,0.9996806383132935,0.6342850923538208,0.2578001022338867,0.14044398069381714,0.9999650716781616,0.39840105175971985,0.25888925790786743,0.23812198638916016,0.999969482421875,0.6446033716201782,0.37657034397125244,0.06698037683963776,0.9560911655426025,0.36965852975845337,0.37784478068351746,0.03465880826115608,0.970893919467926,0.46515023708343506,0.33308517932891846,0.06261376291513443,0.8998663425445557,0.5636093616485596,0.3490571975708008,-0.1478511244058609,0.9054872989654541,0.42543068528175354,0.3246646821498871,0.04445437341928482,0.7662808895111084,0.6062645316123962,0.34374961256980896,-0.1848583072423935,0.7481803297996521,0.4275684356689453,0.31330668926239014,0.09577613323926926,0.744808554649353,0.607822835445404,0.3298024833202362,-0.13161103427410126,0.7094966769218445,0.44103115797042847,0.3142089247703552,0.09014284610748291,0.6919683814048767,0.596411406993866,0.3303672671318054,-0.1259828507900238,0.6428936123847961,0.5855423808097839,0.5025777220726013,-0.021563462913036346,0.9998026490211487,0.44405418634414673,0.503591001033783,0.02190857008099556,0.9997307658195496,0.6310439109802246,0.694642186164856,-0.10138142108917236,0.9927923679351807,0.40482425689697266,0.6949175596237183,-0.04103408753871918,0.9959732890129089,0.6853610277175903,0.8717967867851257,0.1518784761428833,0.9909942746162415,0.3527664840221405,0.8700944781303406,0.21381601691246033,0.9937955141067505,0.6701809763908386,0.8923740386962891,0.16394078731536865,0.8870589733123779,0.36166465282440186,0.8887483477592468,0.2258155196905136,0.8984879851341248,0.7097558975219727,0.9378607869148254,-0.12755797803401947,0.9848653078079224,0.32211869955062866,0.9325046539306641,-0.05168551579117775,0.9877227544784546
angry_v2_2.png,angry,0.5081305503845215,0.24187414348125458,-0.17581816017627716,0.9998407363891602,0.5255929827690125,0.22354446351528168,-0.17989321053028107,0.999634861946106,0.5376834869384766,0.22178727388381958,-0.17983262240886688,0.9995854496955872,0.5473484992980957,0.2197936773300171,-0.17978322505950928,0.9995211362838745,0.49103936553001404,0.22393253445625305,-0.16587893664836884,0.999569833278656,0.4793076813220978,0.2226042002439499,-0.16579210758209229,0.9994426369667053,0.46920597553253174,0.22132132947444916,-0.16557161509990692,0.9994939565658569,0.5665253400802612,0.21102558076381683,0.012497082352638245,0.9997147917747498,0.4608329236507416,0.21612024307250977,0.08367745578289032,0.9995546936988831,0.5306587219238281,0.254736989736557,-0.07807579636573792,0.9997853636741638,0.4916093945503235,0.2545732855796814,-0.058882396668195724,0.9997802376747131,0.6358543038368225,0.24896416068077087,0.14486610889434814,0.9999831914901733,0.3958374857902527,0.24987389147281647,0.2595598101615906,0.9999805688858032,0.6436075568199158,0.372087299823761,0.0322093702852726,0.9617508053779602,0.3696311116218567,0.3759269118309021,0.028806045651435852,0.9713890552520752,0.47436052560806274,0.3376988172531128,-0.06112706661224365,0.9023241400718689,0.5658271312713623,0.3417106866836548,-0.22464321553707123,0.9239570498466492,0.43365997076034546,0.33115318417549133,-0.0966176986694336,0.7782423496246338,0.6086381077766418,0.33745795488357544,-0.27585020661354065,0.7939913272857666,0.4346562325954437,0.3190898299217224,-0.043814823031425476,0.7598626017570496,0.6123901009559631,0.32490333914756775,-0.22132650017738342,0.7632554769515991,0.44622084498405457,0.31867432594299316,-0.035316526889801025,0.7066898941993713,0.6003973484039307,0.3252819776535034,-0.20410598814487457,0.6979716420173645,0.5847272276878357,0.50180584192276,-0.037559181451797485,0.9998751878738403,0.44418609142303467,0.5024112462997437,0.03803130239248276,0.9997996687889099,0.6340972185134888,0.6971303224563599,-0.12854412198066711,0.9962071180343628,0.4015558660030365,0.6998331546783447,-0.0002793841122183949,0.9972519278526306,0.6880514025688171,0.8731305003166199,0.20385383069515228,0.994499683380127,0.3522912263870239,0.8684632778167725,0.3414177894592285,0.9955486059188843,0.6744080781936646,0.8942317962646484,0.2229558378458023,0.911482036113739,0.3641974925994873,0.8870799541473389,0.3618485629558563,0.9289689064025879,0.7079809904098511,0.938869833946228,-0.08217407763004303,0.9893854260444641,0.3183269500732422,0.9330422282218933,0.08223666995763779,0.9909915924072266
angry_v2_3.png,angry,0.5075823664665222,0.24000778794288635,-0.18329869210720062,0.9998868703842163,0.5259310007095337,0.22164812684059143,-0.18544596433639526,0.999731719493866,0.5377497673034668,0.22011220455169678,-0.1853855699300766,0.9997007846832275,0.5465200543403625,0.21857799589633942,-0.1853109449148178,0.9996553659439087,0.4923918843269348,0.22112759947776794,-0.17529696226119995,0.9996840953826904,0.48104992508888245,0.2196304053068161,-0.17521443963050842,0.999596893787384,0.4705040454864502,0.21807163953781128,-0.1750204712152481,0.9996198415756226,0.5670301914215088,0.20961380004882812,0.012091532349586487,0.9997963309288025,0.45988598465919495,0.2110586017370224,0.06541115045547485,0.9996681213378906,0.5285442471504211,0.2541956901550293,-0.0838484987616539,0.9998481273651123,0.4900135397911072,0.25268983840942383,-0.06986164301633835,0.9998354911804199,0.6358113884925842,0.2471144050359726,0.13139386475086212,0.999987006187439,0.39122870564460754,0.2432270348072052,0.23660053312778473,0.9999809265136719,0.6428543329238892,0.3741989731788635,0.00015691709995735437,0.9651462435722351,0.37442660331726074,0.3782733976840973,-0.007142071146517992,0.9732987880706787,0.46101081371307373,0.3297247290611267,-0.11866126209497452,0.9213300943374634,0.5646796226501465,0.34085893630981445,-0.2658073604106903,0.9260216355323792,0.42424625158309937,0.3213901221752167,-0.1582476645708084,0.8123186826705933,0.6073706746101379,0.3375689387321472,-0.32037192583084106,0.799668550491333,0.4247727692127228,0.3107762336730957,-0.10655239224433899,0.7971070408821106,0.6094515919685364,0.3248019218444824,-0.2659955322742462,0.7717444896697998,0.437786340713501,0.3118979334831238,-0.09392335265874863,0.7477651834487915,0.5978707075119019,0.3247411251068115,-0.24593541026115417,0.705344557762146,0.5845154523849487,0.5035873055458069,-0.03258221596479416,0.9999014139175415,0.44304126501083374,0.5043325424194336,0.0330006442964077,0.999828577041626,0.6299915909767151,0.6959535479545593,-0.12995341420173645,0.9965395927429199,0.4006310701370239,0.700985312461853,-0.0023214751854538918,0.9972844123840332,0.6868593692779541,0.8722973465919495,0.2157861739397049,0.9950616955757141,0.3527194857597351,0.8685207962989807,0.35666340589523315,0.9955006241798401,0.6742322444915771,0.8922740817070007,0.23600229620933533,0.9125322699546814,0.36233657598495483,0.8864210844039917,0.378566712141037,0.9208185076713562,0.707502007484436,0.9398062825202942,-0.07293634861707687,0.9908566474914551,0.32511433959007263,0.932407796382904,0.0983472689986229,0.9914169907569885
angry_v2_4.png,angry,0.5134768486022949,0.24379433691501617,-0.23629586398601532,0.9997921586036682,0.5294140577316284,0.22319866716861725,-0.23827092349529266,0.9995241165161133,0.5400028228759766,0.22170206904411316,-0.2382434904575348,0.9994564652442932,0.548642635345459,0.22009794414043427,-0.23820613324642181,0.9993969202041626,0.4952930510044098,0.22336184978485107,-0.23227925598621368,0.9994065761566162,0.4830435812473297,0.22237424552440643,-0.23218345642089844,0.999226450920105,0.47142475843429565,0.2210635244846344,-0.2320011556148529,0.9992923736572266,0.5647007822990417,0.2125161737203598,-0.02737831324338913,0.9996154308319092,0.4572879374027252,0.21481989324092865,0.00836249627172947,0.9994134902954102,0.5335779786109924,0.25412094593048096,-0.13030771911144257,0.9997639060020447,0.4953821003437042,0.25611603260040283,-0.12134234607219696,0.9997480511665344,0.6311016082763672,0.2478891760110855,0.11966242641210556,0.9999858140945435,0.3922206461429596,0.2516709268093109,0.18723738193511963,0.9999737739562988,0.647439181804657,0.37271031737327576,-0.015331743285059929,0.9532601237297058,0.36444199085235596,0.38115572929382324,-0.025077231228351593,0.9680730104446411,0.4775480031967163,0.33560633659362793,-0.2099815011024475,0.884037435054779,0.5601544976234436,0.3494015336036682,-0.255725622177124,0.9063934683799744,0.4363596737384796,0.3308753967285156,-0.25966882705688477,0.7578915953636169,0.6082178950309753,0.3431978225708008,-0.308434396982193,0.7634570598602295,0.43644481897354126,0.3176964819431305,-0.2104942947626114,0.7421773672103882,0.6109299659729004,0.32991141080856323,-0.2593139111995697,0.7377481460571289,0.4496384859085083,0.3171009421348572,-0.1891101896762848,0.6905646920204163,0.597412109375,0.33171385526657104,-0.23663927614688873,0.6693732142448425,0.5828075408935547,0.5035123229026794,-0.028366975486278534,0.9998738765716553,0.44068458676338196,0.5040960907936096,0.02882717363536358,0.9997443556785583,0.632310152053833,0.6976113319396973,-0.13237333297729492,0.9956152439117432,0.40216219425201416,0.7021721005439758,-0.00568963959813118,0.9964423775672913,0.6876489520072937,0.873119592666626,0.2506239414215088,0.9939497709274292,0.3533802628517151,0.8690066933631897,0.3666379153728485,0.9944732785224915,0.6745655536651611,0.892710268497467,0.27522480487823486,0.9103924036026001,0.3648246228694916,0.8853936791419983,0.39126572012901306,0.918022632598877,0.7065290212631226,0.9389309287071228,-0.027125652879476547,0.9887343645095825,0.32392919063568115,0.9344918131828308,0.11272818595170975,0.989651620388031
angry_v3_1.png,angry,0.5156471133232117,0.2445530891418457,-0.5508056879043579,0.9999884366989136,0.5337656140327454,0.22521358728408813,-0.5356544852256775,0.9999655485153198,0.5445929765701294,0.22346091270446777,-0.5355413556098938,0.9999605417251587,0.5538181066513062,0.22119814157485962,-0.5355833172798157,0.9999548196792603,0.49507540464401245,0.22524498403072357,-0.5374266505241394,0.9999486207962036,0.4811890423297882,0.2236565500497818,-0.5375191569328308,0.999944806098938,0.4701559245586395,0.22212152183055878,-0.5374416708946228,0.9999279975891113,0.5695555210113525,0.21302321553230286,-0.257773756980896,0.9999579191207886,0.4579341411590576,0.21737267076969147,-0.27677977085113525,0.9998983144760132,0.5399736762046814,0.2596967816352844,-0.42902058362960815,0.9999730587005615,0.49896904826164246,0.2570299208164215,-0.4357374906539917,0.9999449253082275,0.6240600347518921,0.27059322595596313,0.01962973363697529,0.9999821186065674,0.4049988389015198,0.25780218839645386,-0.07477811723947525,0.9998871088027954,0.6526598930358887,0.3668937087059021,0.32187986373901367,0.962681770324707,0.3708708882331848,0.24603599309921265,-0.3103660047054291,0.8803061246871948,0.6959443092346191,0.4808903932571411,0.42536601424217224,0.9619024395942688,0.3781445026397705,0.26699358224868774,-0.7537160515785217,0.7728384733200073,0.7044833302497864,0.513308048248291,0.4492899477481842,0.918692409992218,0.37808334827423096,0.27881747484207153,-0.8210583329200745,0.7014787197113037,0.6962196230888367,0.514266312122345,0.37118080258369446,0.9276600480079651,0.41030341386795044,0.28065598011016846,-0.8353180289268494,0.7076104879379272,0.6874194741249084,0.5054221749305725,0.40392982959747314,0.9087421894073486,0.41768598556518555,0.28260189294815063,-0.7721057534217834,0.7040945887565613,0.5824642181396484,0.505932092666626,0.011547200381755829,0.9996894598007202,0.4438701570034027,0.5031973719596863,-0.012139756232500076,0.9995077848434448,0.6353024244308472,0.6963564157485962,0.002216764260083437,0.9984900951385498,0.39842313528060913,0.6996303200721741,-0.08141302317380905,0.9958773851394653,0.6844332814216614,0.8731938600540161,0.25713714957237244,0.9979555606842041,0.3529595732688904,0.86928391456604,0.19389468431472778,0.9966756105422974,0.6678807735443115,0.8945111632347107,0.26508307456970215,0.9416890144348145,0.36311453580856323,0.8853714466094971,0.205072283744812,0.9293084144592285,0.7076985239982605,0.939005970954895,-0.04566611722111702,0.9948717951774597,0.32282233238220215,0.9329360723495483,-0.1015138328075409,0.9934061765670776
angry_v3_2.png,angry,0.5137048363685608,0.23816455900669098,-0.9487358927726746,0.9999979734420776,0.5345033407211304,0.21743135154247284,-0.9198362231254578,0.9999947547912598,0.5466551184654236,0.21606659889221191,-0.919610321521759,0.9999935626983643,0.5558578968048096,0.21483704447746277,-0.9196050763130188,0.9999909400939941,0.49217021465301514,0.21832311153411865,-0.9119464159011841,0.9999936819076538,0.47851526737213135,0.21772146224975586,-0.9120804667472839,0.9999932050704956,0.46825528144836426,0.21692843735218048,-0.9119511842727661,0.9999884366989136,0.5737417936325073,0.21259374916553497,-0.5604658722877502,0.999992847442627,0.4580213725566864,0.21624058485031128,-0.531808078289032,0.9999732971191406,0.5398833155632019,0.25507429242134094,-0.797401487827301,0.9999908208847046,0.49435150623321533,0.2531396150588989,-0.7903046607971191,0.9999762773513794,0.6345904469490051,0.2862642705440521,-0.19237324595451355,0.9999768733978271,0.40776529908180237,0.2703048586845398,-0.3029297888278961,0.9998514652252197,0.6668171882629395,0.3893342912197113,0.13744772970676422,0.9727473258972168,0.36120206117630005,0.2886902093887329,-0.8107138872146606,0.8714970350265503,0.7052799463272095,0.500228762626648,0.21881213784217834,0.9803259372711182,0.3622821569442749,0.2881280779838562,-1.6827723979949951,0.8947490453720093,0.7081118226051331,0.5323753356933594,0.2477782815694809,0.9520459175109863,0.3633618652820587,0.28796547651290894,-1.8118133544921875,0.8630926609039307,0.6987018585205078,0.5319396257400513,0.15920275449752808,0.9572963714599609,0.38659095764160156,0.2875620722770691,-1.8319741487503052,0.8679710626602173,0.6923693418502808,0.5248821973800659,0.19678296148777008,0.9400912523269653,0.39398255944252014,0.29108700156211853,-1.7133753299713135,0.842643678188324,0.5858109593391418,0.5100407600402832,0.026838775724172592,0.9995928406715393,0.4433780312538147,0.5077885389328003,-0.027708524838089943,0.9994812607765198,0.6336447596549988,0.6949583292007446,0.0214176457375288,0.9972608089447021,0.40137508511543274,0.6962571144104004,-0.072695292532444,0.9941866397857666,0.6808156967163086,0.8712703585624695,0.3562992513179779,0.9968166947364807,0.34833964705467224,0.8699040412902832,0.2541050910949707,0.9956810474395752,0.6678259968757629,0.8939632177352905,0.3689518868923187,0.9289016723632812,0.3537174463272095,0.8888370394706726,0.26941680908203125,0.918853223323822,0.707526683807373,0.9343429803848267,0.025719374418258667,0.9923675656318665,0.32519981265068054,0.9355764985084534,-0.07212574779987335,0.991534948348999
angry_v3_3.png,angry,0.5062721967697144,0.23735710978507996,-0.7515448927879333,0.999996542930603,0.5256593227386475,0.21824073791503906,-0.7281689047813416,0.9999935626983643,0.540794312953949,0.2172527015209198,-0.7280530333518982,0.9999903440475464,0.5514134168624878,0.21586383879184723,-0.7281796932220459,0.9999911785125732,0.48524028062820435,0.21804431080818176,-0.7230347990989685,0.999994158744812,0.4741934835910797,0.21782582998275757,-0.7230978012084961,0.999992847442627,0.46555790305137634,0.21750594675540924,-0.7230661511421204,0.9999932050704956,0.5731984972953796,0.2110818475484848,-0.41953861713409424,0.999993085861206,0.45650824904441833,0.21495796740055084,-0.39968156814575195,0.999995231628418,0.5331470370292664,0.25469908118247986,-0.62098228931427,0.9999961853027344,0.48917293548583984,0.2532176375389099,-0.6165447235107422,0.9999961853027344,0.6327908039093018,0.2726204991340637,-0.18039272725582123,0.9999692440032959,0.404278039932251,0.2748904824256897,-0.28639015555381775,0.9999678134918213,0.8030449151992798,0.2604081928730011,-0.6019260287284851,0.9978733062744141,0.3585686683654785,0.2871914505958557,-0.938044548034668,0.9791333079338074,0.7639016509056091,0.14898118376731873,-1.04243803024292,0.9956631064414978,0.35728025436401367,0.2901519536972046,-1.737545371055603,0.9642558097839355,0.7545835971832275,0.12297660857439041,-1.1431301832199097,0.9815975427627563,0.35660120844841003,0.29087525606155396,-1.884925127029419,0.923761785030365,0.7362449765205383,0.1193670704960823,-1.109205961227417,0.9801276922225952,0.38361331820487976,0.2891659736633301,-1.8608465194702148,0.9203921556472778,0.7335408926010132,0.12912622094154358,-1.0431554317474365,0.9703902006149292,0.3939231038093567,0.29221928119659424,-1.750780701637268,0.9012949466705322,0.5883996486663818,0.5120615363121033,0.020274298265576363,0.99973064661026,0.44463950395584106,0.5083600282669067,-0.020574256777763367,0.999679684638977,0.6333174705505371,0.6955010294914246,-0.07011403143405914,0.9949907660484314,0.40164247155189514,0.6927992701530457,-0.10121522098779678,0.9902123808860779,0.6798500418663025,0.8675212860107422,0.21107086539268494,0.9870830774307251,0.34887439012527466,0.8706473112106323,0.16880477964878082,0.9878852963447571,0.6698464155197144,0.8894110321998596,0.22059349715709686,0.8389646410942078,0.35525965690612793,0.8907761573791504,0.17761194705963135,0.8180400729179382,0.7016788125038147,0.9325512051582336,-0.13455156981945038,0.9780775308609009,0.3239768445491791,0.9354304075241089,-0.18282225728034973,0.9758255481719971
angry_v3_4.png,angry,0.5105589032173157,0.23797085881233215,-0.8517608046531677,0.9999982118606567,0.5334441661834717,0.21904852986335754,-0.8255749940872192,0.9999947547912598,0.5458088517189026,0.2183522880077362,-0.8253803849220276,0.9999934434890747,0.5556724667549133,0.21749791502952576,-0.8254134058952332,0.9999915361404419,0.4894861578941345,0.2189408838748932,-0.8182293176651001,0.9999938011169434,0.47690701484680176,0.21802696585655212,-0.8183642029762268,0.9999935626983643,0.4662255644798279,0.21721403300762177,-0.8182709217071533,0.9999901056289673,0.5741109848022461,0.214452862739563,-0.48476144671440125,0.9999926090240479,0.4567137658596039,0.21581828594207764,-0.4584519565105438,0.9999767541885376,0.5364270806312561,0.2547853887081146,-0.7067233324050903,0.9999916553497314,0.4899164140224457,0.2525257170200348,-0.7006492614746094,0.9999803304672241,0.630717396736145,0.2826969623565674,-0.13730648159980774,0.9999842643737793,0.4058271646499634,0.2706948518753052,-0.24125811457633972,0.9999006986618042,0.6672067642211914,0.38303130865097046,0.1584840714931488,0.9690782427787781,0.3561149835586548,0.29007187485694885,-0.7555344104766846,0.880380392074585,0.7056415677070618,0.49268752336502075,0.20354747772216797,0.9819623827934265,0.35948342084884644,0.29042303562164307,-1.6296813488006592,0.9153175354003906,0.7112775444984436,0.5249518156051636,0.22580984234809875,0.9574055075645447,0.3638996183872223,0.28905075788497925,-1.7598693370819092,0.8886571526527405,0.6996592879295349,0.5249981880187988,0.1425940841436386,0.9616692066192627,0.3877202570438385,0.28658097982406616,-1.7738851308822632,0.8913530111312866,0.6914524435997009,0.5163511633872986,0.1822243332862854,0.9447320103645325,0.3943730294704437,0.29031795263290405,-1.656962513923645,0.8640103340148926,0.5898610949516296,0.507588803768158,0.021089836955070496,0.9996455907821655,0.4456101953983307,0.5046645402908325,-0.021939437836408615,0.9995033740997314,0.6320114135742188,0.6925675868988037,-0.020991554483771324,0.9975743889808655,0.4043213427066803,0.6907185316085815,-0.10513994097709656,0.9933643341064453,0.6801660656929016,0.8695926666259766,0.30079901218414307,0.9965502023696899,0.3494115471839905,0.8692343235015869,0.19606155157089233,0.9944709539413452,0.6678071618080139,0.8911126255989075,0.3122832477092743,0.9055766463279724,0.3551984131336212,0.887191891670227,0.20926542580127716,0.888594388961792,0.7066647410392761,0.9372272491455078,-0.034417811781167984,0.9917448163032532,0.328346848487854,0.9338172078132629,-0.13569335639476776,0.9897642135620117
angry_v4_1.png,angry,0.5142327547073364,0.2409781962633133,-1.4657593965530396,0.9999935626983643,0.5347357988357544,0.2208976298570633,-1.4481606483459473,0.9999803304672241,0.5456770658493042,0.21956948935985565,-1.4478548765182495,0.9999784231185913,0.5544547438621521,0.21802948415279388,-1.447946310043335,0.9999743700027466,0.49301406741142273,0.22174851596355438,-1.4475048780441284,0.9999861717224121,0.47846758365631104,0.22072169184684753,-1.4477899074554443,0.9999872446060181,0.46765628457069397,0.21976888179779053,-1.4476189613342285,0.9999873638153076,0.5729126334190369,0.21437162160873413,-1.1132954359054565,0.9999675750732422,0.45712143182754517,0.21763022243976593,-1.1136393547058105,0.9999876022338867,0.5356711149215698,0.25635430216789246,-1.3194160461425781,0.9999885559082031,0.49214106798171997,0.25722676515579224,-1.3203299045562744,0.9999920129776001,0.6399902701377869,0.27760574221611023,-0.6863210797309875,0.9999942779541016,0.3820534944534302,0.28130871057510376,-0.6834610104560852,0.9999771118164062,0.8014746904373169,0.35412776470184326,-0.35876673460006714,0.9985960125923157,0.2257150113582611,0.3570000231266022,-0.3979400098323822,0.9933894872665405,0.6747457981109619,0.4429900348186493,-0.34827888011932373,0.988236129283905,0.3627154231071472,0.4456002414226532,-0.38112732768058777,0.9472998380661011,0.6364864706993103,0.4610990583896637,-0.38081374764442444,0.9482967853546143,0.3926532566547394,0.4646763801574707,-0.4072743356227875,0.8521029949188232,0.6233395934104919,0.449339359998703,-0.4157954454421997,0.9479511380195618,0.4075040817260742,0.45557597279548645,-0.4414200186729431,0.8461135029792786,0.6306192278862,0.4423374831676483,-0.3511481285095215,0.9251218438148499,0.40099337697029114,0.44837257266044617,-0.3830314576625824,0.8034594058990479,0.5837091207504272,0.5073360204696655,-0.007735652849078178,0.9992886781692505,0.4410669505596161,0.5069411396980286,0.007644361816346645,0.9990332126617432,0.6340529918670654,0.696898877620697,0.05016393959522247,0.9968358874320984,0.4004603624343872,0.6976521611213684,0.04224630445241928,0.9957893490791321,0.6871052384376526,0.8693515658378601,0.36718276143074036,0.9979307651519775,0.3537149727344513,0.8698492646217346,0.38192927837371826,0.9966714382171631,0.673049807548523,0.8896719813346863,0.3784516453742981,0.9507044553756714,0.3590205907821655,0.8896727561950684,0.39800387620925903,0.9286714196205139,0.705993115901947,0.9371359348297119,0.010554378852248192,0.9947565793991089,0.32411354780197144,0.9339926838874817,0.036425281316041946,0.9920067191123962
angry_v4_2.png,angry,0.5186156034469604,0.23946574330329895,-1.499569296836853,0.999995231628418,0.5398313403129578,0.21939268708229065,-1.474416732788086,0.9999873638153076,0.5499449372291565,0.218429833650589,-1.4740891456604004,0.9999841451644897,0.5614159107208252,0.21757033467292786,-1.474184274673462,0.9999804496765137,0.4961946904659271,0.2203078269958496,-1.4750722646713257,0.9999916553497314,0.48142945766448975,0.22010114789009094,-1.475385069847107,0.9999923706054688,0.47064343094825745,0.21993334591388702,-1.4752402305603027,0.9999932050704956,0.5807420015335083,0.2169414758682251,-1.1104682683944702,0.9999760389328003,0.45708465576171875,0.21875238418579102,-1.1196460723876953,0.9999929666519165,0.5420913100242615,0.25679001212120056,-1.3447152376174927,0.9999899864196777,0.49301865696907043,0.25785937905311584,-1.3479089736938477,0.9999933242797852,0.6392489075660706,0.28854668140411377,-0.661176860332489,0.9999833106994629,0.38941866159439087,0.2900085747241974,-0.6836547255516052,0.9999686479568481,0.7909091114997864,0.34514713287353516,-0.29598480463027954,0.9951960444450378,0.23506085574626923,0.3503762185573578,-0.40304917097091675,0.9879939556121826,0.664760410785675,0.43128353357315063,-0.24912665784358978,0.940601110458374,0.3716686964035034,0.4364398419857025,-0.3714004456996918,0.8630627989768982,0.6280965209007263,0.452131450176239,-0.2706149220466614,0.7847073674201965,0.40240243077278137,0.4556848406791687,-0.392954558134079,0.6808459162712097,0.617779552936554,0.4440252184867859,-0.3079592287540436,0.7832772731781006,0.41688013076782227,0.4464791715145111,-0.4278714954853058,0.6681472063064575,0.6240164041519165,0.4372153580188751,-0.25403204560279846,0.7290700674057007,0.4104352295398712,0.439118355512619,-0.3737804889678955,0.6060690879821777,0.5872896909713745,0.5052039623260498,-0.00038284569745883346,0.9992204904556274,0.44324856996536255,0.5084445476531982,0.0002832278551068157,0.9990703463554382,0.6280431151390076,0.6944359540939331,0.004819920752197504,0.995682954788208,0.39996978640556335,0.6980945467948914,-0.0008588269120082259,0.9956531524658203,0.6810775399208069,0.868526041507721,0.3995583951473236,0.9971089959144592,0.35084813833236694,0.8718713521957397,0.3561033308506012,0.9967091083526611,0.6682819128036499,0.8846451044082642,0.4191431999206543,0.9421903491020203,0.359414279460907,0.8891526460647583,0.3735731244087219,0.9288091659545898,0.7038655281066895,0.9369916319847107,0.05126539245247841,0.993722140789032,0.32293784618377686,0.9370065927505493,0.0022600870579481125,0.992359459400177
angry_v4_3.png,angry,0.5217089056968689,0.24080249667167664,-1.428457260131836,0.9999949932098389,0.5409412980079651,0.22022993862628937,-1.4061048030853271,0.9999862909317017,0.551291823387146,0.2190738320350647,-1.405807614326477,0.9999839067459106,0.5607373714447021,0.2180033028125763,-1.4059089422225952,0.9999810457229614,0.49964797496795654,0.22185449302196503,-1.411417841911316,0.999990701675415,0.4841204583644867,0.22141128778457642,-1.4117107391357422,0.9999915361404419,0.4723714590072632,0.2210514396429062,-1.4115480184555054,0.9999920129776001,0.577012300491333,0.21531783044338226,-1.0599989891052246,0.9999772310256958,0.4584183394908905,0.2207321971654892,-1.0892350673675537,0.9999924898147583,0.5422219634056091,0.2567935585975647,-1.2793960571289062,0.9999904632568359,0.49543502926826477,0.2580128312110901,-1.288482904434204,0.9999935626983643,0.6355364322662354,0.28149813413619995,-0.6343672871589661,0.9999896287918091,0.3821057677268982,0.2849694490432739,-0.6648877859115601,0.9999716281890869,0.7993462085723877,0.34931910037994385,-0.27742570638656616,0.9969050288200378,0.22746539115905762,0.3546218276023865,-0.37220361828804016,0.9906014204025269,0.6647344827651978,0.43516623973846436,-0.23538805544376373,0.9676123857498169,0.3694806396961212,0.43766504526138306,-0.3151754140853882,0.9092990159988403,0.6263654828071594,0.45501139760017395,-0.25847071409225464,0.8749228715896606,0.3984072804450989,0.45375823974609375,-0.3317915201187134,0.7738032341003418,0.6154248714447021,0.44671523571014404,-0.2949521839618683,0.8749412894248962,0.4128178656101227,0.44410648941993713,-0.3658324182033539,0.7659404873847961,0.6224963068962097,0.4399119019508362,-0.2394787073135376,0.8347623944282532,0.40640386939048767,0.43759849667549133,-0.3160262107849121,0.7101635932922363,0.5863210558891296,0.5041697025299072,-0.0016573494067415595,0.9991681575775146,0.44160833954811096,0.5067570209503174,0.0016597514040768147,0.9988917708396912,0.6333409547805786,0.6925249099731445,0.008050013333559036,0.9961274266242981,0.40377873182296753,0.6968643069267273,0.017545513808727264,0.9952130317687988,0.6837045550346375,0.8681966066360474,0.3060700595378876,0.997696578502655,0.35596928000450134,0.8723003268241882,0.31964510679244995,0.9966369867324829,0.6700757741928101,0.8880137205123901,0.3158298432826996,0.9537047743797302,0.3586757779121399,0.8903054594993591,0.33158349990844727,0.9309484362602234,0.7080525755882263,0.9359001517295837,-0.04468736797571182,0.9945996999740601,0.321250319480896,0.9355993866920471,-0.02729215659201145,0.9917402267456055
angry_v4_4.png,angry,0.5183509588241577,0.2419743835926056,-1.8033604621887207,0.9999957084655762,0.5402569770812988,0.22164984047412872,-1.7776947021484375,0.9999899864196777,0.5509555339813232,0.2210557609796524,-1.7773277759552002,0.9999879598617554,0.5623507499694824,0.22016923129558563,-1.7774773836135864,0.9999827146530151,0.4953942596912384,0.22220925986766815,-1.7785459756851196,0.9999939203262329,0.4798789322376251,0.22218731045722961,-1.7789818048477173,0.9999948740005493,0.4680560529232025,0.22225889563560486,-1.7788209915161133,0.9999953508377075,0.5804674625396729,0.21815043687820435,-1.3919346332550049,0.9999786615371704,0.4519612491130829,0.22145956754684448,-1.4046210050582886,0.999996542930603,0.5416436195373535,0.2595368027687073,-1.6396164894104004,0.9999914169311523,0.491499125957489,0.2592789828777313,-1.643728494644165,0.9999948740005493,0.6429891586303711,0.28681159019470215,-0.8780503869056702,0.9999880790710449,0.3773036599159241,0.28811922669410706,-0.9002334475517273,0.999976396560669,0.8093639612197876,0.3479299545288086,-0.45167872309684753,0.9974892139434814,0.21061372756958008,0.3523198962211609,-0.49063852429389954,0.990811824798584,0.6692212820053101,0.4272163510322571,-0.27853283286094666,0.9678622484207153,0.3679716885089874,0.43691539764404297,-0.25078070163726807,0.9011147618293762,0.628498911857605,0.4468625783920288,-0.2722764313220978,0.8565847277641296,0.40207621455192566,0.4525691568851471,-0.23061327636241913,0.7250000238418579,0.6172371506690979,0.4365895390510559,-0.3022159934043884,0.8518608808517456,0.4166029095649719,0.44271165132522583,-0.2543598711490631,0.7029675245285034,0.6237975358963013,0.430175244808197,-0.2748498320579529,0.8000362515449524,0.4095681309700012,0.4361669719219208,-0.24044814705848694,0.6526472568511963,0.5899173617362976,0.5009269714355469,0.0019786753691732883,0.9992614388465881,0.4397159218788147,0.5040177702903748,-0.001890613348223269,0.9991233944892883,0.631385326385498,0.6948314905166626,0.0007750947261229157,0.9966651797294617,0.4046243727207184,0.6909102201461792,-0.03771478682756424,0.9952859282493591,0.6841539740562439,0.8699606657028198,0.36900556087493896,0.9980231523513794,0.3539266288280487,0.8703567981719971,0.3404273986816406,0.9972111582756042,0.6699225902557373,0.8903897404670715,0.38460928201675415,0.9560667276382446,0.35841161012649536,0.8905712962150574,0.3583247661590576,0.9370347857475281,0.7092576026916504,0.9363470673561096,0.0038300957530736923,0.9951446652412415,0.3230617642402649,0.9352494478225708,-0.03345827758312225,0.9933667778968811
angry_v5_1.png,angry,0.5175269842147827,0.24215231835842133,-1.5709121227264404,0.9999936819076538,0.5356916785240173,0.2203214317560196,-1.5600281953811646,0.9999737739562988,0.5463479161262512,0.2190093994140625,-1.5597782135009766,0.9999743700027466,0.5545739531517029,0.21732957661151886,-1.559807538986206,0.9999697208404541,0.4994995594024658,0.22023700177669525,-1.561255693435669,0.9999719858169556,0.48585134744644165,0.2190844565629959,-1.5614902973175049,0.999971866607666,0.47328972816467285,0.2175159752368927,-1.5613083839416504,0.9999669790267944,0.5718116164207458,0.2110234498977661,-1.211317777633667,0.9999544620513916,0.4607509672641754,0.21272405982017517,-1.2166749238967896,0.9999597072601318,0.537968099117279,0.25845855474472046,-1.4158978462219238,0.9999853372573853,0.49694952368736267,0.2585531175136566,-1.4181654453277588,0.999984622001648,0.6421301960945129,0.27985769510269165,-0.7674875259399414,0.9999955892562866,0.39058369398117065,0.2746974229812622,-0.7445619106292725,0.9999909400939941,0.6916431784629822,0.3889707326889038,-0.4270802438259125,0.9961607456207275,0.3391886055469513,0.38477009534835815,-0.34291595220565796,0.9955071210861206,0.7341325879096985,0.4979901909828186,-0.586949348449707,0.992298424243927,0.3000600337982178,0.4919661581516266,-0.3712684214115143,0.9913420081138611,0.7430115938186646,0.5277827978134155,-0.6357472538948059,0.9770705699920654,0.28314682841300964,0.5237154364585876,-0.398539274930954,0.976642370223999,0.7325180768966675,0.5257353186607361,-0.7464344501495361,0.9794585704803467,0.2964773178100586,0.521839439868927,-0.5072734355926514,0.9788998365402222,0.7237793803215027,0.5167632102966309,-0.6302216649055481,0.974705159664154,0.30803969502449036,0.5129631161689758,-0.41107916831970215,0.9747501015663147,0.5909744501113892,0.5109772086143494,-0.0012162243947386742,0.9998188614845276,0.44683709740638733,0.5071853399276733,0.001012911438010633,0.9997714161872864,0.6315405368804932,0.6962928175926208,-0.017188027501106262,0.9970034956932068,0.405324250459671,0.69767826795578,0.0053899637423455715,0.9976951479911804,0.6837946176528931,0.8663689494132996,0.41940566897392273,0.9974526762962341,0.3603019714355469,0.8694592118263245,0.4526061415672302,0.9968292117118835,0.6691327095031738,0.8873329758644104,0.4415443241596222,0.9556542634963989,0.37137147784233093,0.8884680867195129,0.47638261318206787,0.9385693669319153,0.7134743928909302,0.9361270070075989,0.04451169818639755,0.9957833290100098,0.32741332054138184,0.9377885460853577,0.09301824867725372,0.9945408701896667
angry_v5_2.png,angry,0.5162288546562195,0.2391279935836792,-1.648756980895996,0.9999990463256836,0.5344633460044861,0.21873076260089874,-1.6313681602478027,0.9999988079071045,0.5461351871490479,0.21734604239463806,-1.6311691999435425,0.9999983310699463,0.555515468120575,0.21581105887889862,-1.631592869758606,0.9999984502792358,0.4944756031036377,0.21979165077209473,-1.6267755031585693,0.9999988079071045,0.48097822070121765,0.21877838671207428,-1.627008318901062,0.9999982118606567,0.4705550968647003,0.21799319982528687,-1.6268690824508667,0.9999988079071045,0.5734949111938477,0.20850299298763275,-1.2797828912734985,0.9999979734420776,0.4561252295970917,0.2140960991382599,-1.256337285041809,0.9999988079071045,0.5390099883079529,0.2527863681316376,-1.4950324296951294,0.999998927116394,0.4930061399936676,0.25370991230010986,-1.48914635181427,0.9999991655349731,0.6400068402290344,0.26590627431869507,-0.8723388314247131,0.9999886751174927,0.38549715280532837,0.2699694335460663,-0.8798236846923828,0.9999840259552002,0.8093026876449585,0.32667237520217896,-1.2737818956375122,0.9993473887443542,0.21825328469276428,0.33209890127182007,-1.225785493850708,0.9991866946220398,0.7899782657623291,0.2171606421470642,-1.8694466352462769,0.9951865077018738,0.234490305185318,0.21684801578521729,-1.8064671754837036,0.9954572916030884,0.7815688848495483,0.18793180584907532,-1.9991765022277832,0.9704719185829163,0.24350689351558685,0.18831941485404968,-1.934467077255249,0.9738885164260864,0.7655929923057556,0.18436551094055176,-1.9646180868148804,0.967649519443512,0.25782379508018494,0.1839073896408081,-1.909578800201416,0.9698633551597595,0.7637133002281189,0.1921675205230713,-1.8729302883148193,0.9508987069129944,0.2601933777332306,0.19231772422790527,-1.8118735551834106,0.9585047960281372,0.5857337713241577,0.5048139095306396,-0.0009222065564244986,0.9997286200523376,0.44152289628982544,0.5061385035514832,0.0006131894188001752,0.9996975660324097,0.6283776164054871,0.6953530311584473,-0.11806600540876389,0.9957220554351807,0.3931140601634979,0.6983613967895508,-0.057645153254270554,0.9943943023681641,0.6772218346595764,0.869296669960022,0.3334496021270752,0.995008111000061,0.3521713614463806,0.8705490827560425,0.3822590112686157,0.993727445602417,0.6661679744720459,0.8879166841506958,0.35704609751701355,0.9236259460449219,0.3622703552246094,0.8903817534446716,0.4058602452278137,0.9016628861427307,0.7053325176239014,0.9367218017578125,-0.04432513564825058,0.9898905754089355,0.32255497574806213,0.9352319240570068,0.013908284716308117,0.9868769645690918
angry_v5_3.png,angry,0.5130774974822998,0.23710031807422638,-1.5267163515090942,0.9999990463256836,0.5329948663711548,0.21442683041095734,-1.5102949142456055,0.9999986886978149,0.5454229116439819,0.212740957736969,-1.5100897550582886,0.9999980926513672,0.5555445551872253,0.2110925316810608,-1.5104418992996216,0.9999982118606567,0.49074965715408325,0.21573318541049957,-1.5046559572219849,0.9999986886978149,0.4777638018131256,0.2150070071220398,-1.5048884153366089,0.9999982118606567,0.4690561890602112,0.21411244571208954,-1.5047730207443237,0.9999988079071045,0.5766831636428833,0.2059713900089264,-1.1776198148727417,0.9999974966049194,0.45340660214424133,0.20819617807865143,-1.1502927541732788,0.9999988079071045,0.5369395613670349,0.2527427673339844,-1.3816578388214111,0.9999985694885254,0.4906057119369507,0.2532877027988434,-1.374743938446045,0.9999990463256836,0.638120174407959,0.2652037739753723,-0.79925537109375,0.9999809265136719,0.38579168915748596,0.26843389868736267,-0.7980457544326782,0.999984860420227,0.8052288293838501,0.3278757929801941,-1.1646820306777954,0.9990886449813843,0.21757479012012482,0.32870861887931824,-1.1373701095581055,0.9992067217826843,0.7910466194152832,0.21435227990150452,-1.6979057788848877,0.9926167130470276,0.2392008900642395,0.21315188705921173,-1.6959887742996216,0.9954793453216553,0.7842575311660767,0.1862218976020813,-1.8148558139801025,0.9563588500022888,0.24819549918174744,0.18578585982322693,-1.8185548782348633,0.9736216068267822,0.7689605951309204,0.18016058206558228,-1.7800090312957764,0.9520062804222107,0.2637737989425659,0.1799013614654541,-1.7902308702468872,0.969468355178833,0.765640377998352,0.18850171566009521,-1.6996123790740967,0.931869387626648,0.2666173577308655,0.18854886293411255,-1.6995813846588135,0.9588474035263062,0.58474200963974,0.5058291554450989,-0.0062637533992528915,0.9995904564857483,0.44393476843833923,0.5081889033317566,0.0059308274649083614,0.9996665716171265,0.6310626268386841,0.6947846412658691,-0.06726760417222977,0.9956472516059875,0.3987164795398712,0.6943569779396057,-0.030604911968111992,0.9948508143424988,0.6834177374839783,0.8663949966430664,0.3129088878631592,0.9951590895652771,0.35146257281303406,0.867470383644104,0.3564617335796356,0.9937019348144531,0.6713019609451294,0.8868404626846313,0.329986035823822,0.9202393293380737,0.359691858291626,0.889097273349762,0.37559258937835693,0.8972349762916565,0.7032840251922607,0.9332882165908813,-0.06020098552107811,0.9899638295173645,0.3195379376411438,0.9334161281585693,-0.0015313250478357077,0.9864757657051086
angry_v5_4.png,angry,0.5133705139160156,0.24474380910396576,-1.552734613418579,0.999998927116394,0.5300024747848511,0.2241247594356537,-1.5499235391616821,0.9999986886978149,0.5429188013076782,0.2224653959274292,-1.5497169494628906,0.9999980926513672,0.5522454380989075,0.2205725759267807,-1.5501279830932617,0.9999982118606567,0.4908137023448944,0.22467367351055145,-1.5435386896133423,0.9999983310699463,0.4776245951652527,0.22332830727100372,-1.5437599420547485,0.999997615814209,0.4682762622833252,0.22178876399993896,-1.5436187982559204,0.9999982118606567,0.5718522667884827,0.2090999335050583,-1.2296313047409058,0.9999978542327881,0.45377662777900696,0.21402397751808167,-1.1973998546600342,0.9999984502792358,0.5364933609962463,0.2586856782436371,-1.4048523902893066,0.9999988079071045,0.49355921149253845,0.2581588327884674,-1.3966319561004639,0.999998927116394,0.6425924897193909,0.2555053234100342,-0.820728600025177,0.9999921321868896,0.38029199838638306,0.25819119811058044,-0.8187679648399353,0.9999871253967285,0.8110519647598267,0.32589107751846313,-1.209015965461731,0.9991428852081299,0.2166956067085266,0.32981693744659424,-1.1574623584747314,0.998890221118927,0.8010398149490356,0.2113717645406723,-1.8001744747161865,0.9945880174636841,0.22460591793060303,0.21521954238414764,-1.749052882194519,0.9948297142982483,0.7994758486747742,0.1823258101940155,-1.924739956855774,0.9678767323493958,0.22902336716651917,0.1868029534816742,-1.8725106716156006,0.9717669486999512,0.7795286178588867,0.17708033323287964,-1.8884623050689697,0.9658651351928711,0.24471880495548248,0.18253955245018005,-1.8495453596115112,0.9685889482498169,0.7744131684303284,0.18446430563926697,-1.802502155303955,0.9500176310539246,0.24934156239032745,0.18958553671836853,-1.7551568746566772,0.9584059119224548,0.5834590196609497,0.5041643381118774,-0.00600280798971653,0.9997721314430237,0.4421907961368561,0.5063226222991943,0.005701153073459864,0.9997373223304749,0.6300599575042725,0.6955435872077942,-0.0899081900715828,0.9960435628890991,0.3974078595638275,0.6994731426239014,-0.011083708144724369,0.993976354598999,0.6821463704109192,0.8681171536445618,0.370891809463501,0.995470404624939,0.3530798852443695,0.8672118186950684,0.44725048542022705,0.9929624199867249,0.6705195307731628,0.8891816139221191,0.39700204133987427,0.925094723701477,0.3601325750350952,0.8888462781906128,0.47434067726135254,0.8950422406196594,0.707612156867981,0.9335678815841675,0.015301663428544998,0.9911243319511414,0.32761305570602417,0.9343098402023315,0.10406094044446945,0.9866652488708496
angry_v6_1.png,angry,0.5261842012405396,0.2431085854768753,-1.2762260437011719,0.9999959468841553,0.5450233221054077,0.22100280225276947,-1.2831066846847534,0.9999871253967285,0.5549923777580261,0.2195504605770111,-1.282848596572876,0.999987006187439,0.5663230419158936,0.21765172481536865,-1.2828596830368042,0.9999853372573853,0.5059069991111755,0.22008828818798065,-1.2830634117126465,0.9999878406524658,0.49100518226623535,0.21853232383728027,-1.283168911933899,0.9999861717224121,0.47720015048980713,0.21676301956176758,-1.2829644680023193,0.9999843835830688,0.5826308727264404,0.20985879004001617,-1.015659213066101,0.9999812841415405,0.46169722080230713,0.21079915761947632,-1.0204061269760132,0.9999799728393555,0.5453416109085083,0.2588127553462982,-1.1489568948745728,0.9999936819076538,0.503311276435852,0.25816604495048523,-1.1501184701919556,0.9999947547912598,0.6489437818527222,0.27060335874557495,-0.6588321328163147,0.9999973773956299,0.3854256570339203,0.26790302991867065,-0.6137211918830872,0.9999959468841553,0.7217371463775635,0.37780940532684326,-0.4127275347709656,0.9968456625938416,0.310234010219574,0.36745357513427734,-0.2830027937889099,0.9953923225402832,0.752656102180481,0.4846525490283966,-0.6001572608947754,0.9947836995124817,0.2818703353404999,0.4783141314983368,-0.3061895966529846,0.9874373078346252,0.757064700126648,0.5156348347663879,-0.6601013541221619,0.9837534427642822,0.2748880982398987,0.5085390210151672,-0.3258749544620514,0.9687129855155945,0.740280032157898,0.5143532156944275,-0.7481476068496704,0.9855605959892273,0.29564937949180603,0.5090324282646179,-0.41090530157089233,0.972868800163269,0.7333083152770996,0.505137026309967,-0.6352353692054749,0.982900083065033,0.30545586347579956,0.5004463195800781,-0.3366543650627136,0.9699263572692871,0.5820466876029968,0.498826801776886,-0.007788531482219696,0.9997692704200745,0.44125768542289734,0.4942258596420288,0.007636667229235172,0.9999382495880127,0.6315200924873352,0.6839249730110168,0.22256994247436523,0.9962247610092163,0.39962100982666016,0.687341570854187,-0.05542725324630737,0.9981764554977417,0.6462217569351196,0.796298623085022,0.7929641604423523,0.9954791069030762,0.35723546147346497,0.8703755140304565,0.0984741821885109,0.9969527721405029,0.6271064877510071,0.8080940842628479,0.8387058973312378,0.9359861016273499,0.3620778024196625,0.8916383385658264,0.0980658009648323,0.9080281257629395,0.6744135618209839,0.8742358088493347,0.5956291556358337,0.9920513033866882,0.3301491141319275,0.9426180720329285,-0.23224742710590363,0.9930382370948792
angry_v6_2.png,angry,0.5164366960525513,0.24432657659053802,-1.3561086654663086,0.9999951124191284,0.5373915433883667,0.22059768438339233,-1.3586463928222656,0.9999840259552002,0.5481264591217041,0.21913613379001617,-1.3584160804748535,0.9999836683273315,0.5583706498146057,0.2172766774892807,-1.3584243059158325,0.9999810457229614,0.497459352016449,0.2205360233783722,-1.3586270809173584,0.9999853372573853,0.48333460092544556,0.21911776065826416,-1.3587385416030884,0.9999831914901733,0.4708746373653412,0.21748457849025726,-1.358541488647461,0.9999815225601196,0.5784206390380859,0.20950131118297577,-1.0660938024520874,0.9999747276306152,0.4599190652370453,0.21089020371437073,-1.0709530115127563,0.999974250793457,0.5388935804367065,0.2592368721961975,-1.2197115421295166,0.9999911785125732,0.49648159742355347,0.2591870427131653,-1.2210272550582886,0.9999934434890747,0.651172399520874,0.2695538401603699,-0.6846302151679993,0.999997615814209,0.38467496633529663,0.2677856683731079,-0.6440064907073975,0.9999967813491821,0.7215887308120728,0.37765341997146606,-0.4328112304210663,0.9969426989555359,0.3119239807128906,0.36854496598243713,-0.3106650412082672,0.9940288066864014,0.754772424697876,0.48380425572395325,-0.6426316499710083,0.9939826130867004,0.28295445442199707,0.47768011689186096,-0.36373090744018555,0.9836999773979187,0.7561996579170227,0.5143722891807556,-0.7070592045783997,0.9810112118721008,0.2750943899154663,0.5080006122589111,-0.3920080363750458,0.9607861042022705,0.7407825589179993,0.5126076340675354,-0.8008612394332886,0.982893168926239,0.29465097188949585,0.5075147747993469,-0.4843939244747162,0.9657478928565979,0.7355965971946716,0.5037097334861755,-0.6804032921791077,0.9794119000434875,0.3040718138217926,0.49902793765068054,-0.3973526656627655,0.9602670669555664,0.5835092067718506,0.5053716897964478,-0.006418283563107252,0.999792754650116,0.4387892782688141,0.500318169593811,0.006348883733153343,0.9999576807022095,0.6300297975540161,0.6870619058609009,0.3173470199108124,0.9956721067428589,0.40048539638519287,0.6903489232063293,-0.12055622041225433,0.9983721375465393,0.6442585587501526,0.7916713953018188,0.9677359461784363,0.9945641756057739,0.3606850802898407,0.869942843914032,0.013888148590922356,0.9971838593482971,0.6234428882598877,0.8007498979568481,1.0202716588974,0.9272703528404236,0.3682418465614319,0.8927552700042725,0.010501831769943237,0.9197136759757996,0.6706055998802185,0.8745111227035522,0.7571520209312439,0.99112868309021,0.32491225004196167,0.9403975009918213,-0.3525981903076172,0.9942063093185425
angry_v6_3.png,angry,0.5190120935440063,0.2731964886188507,-1.467512845993042,0.9999983310699463,0.5410874485969543,0.2514500916004181,-1.467612385749817,0.9999947547912598,0.5526540279388428,0.24992398917675018,-1.467273235321045,0.9999943971633911,0.5632786154747009,0.24859614670276642,-1.4675071239471436,0.9999938011169434,0.4952050745487213,0.25121617317199707,-1.4711579084396362,0.9999961853027344,0.4802963137626648,0.24934473633766174,-1.4713977575302124,0.9999959468841553,0.469196081161499,0.24761492013931274,-1.4711650609970093,0.9999955892562866,0.5822840332984924,0.23893682658672333,-1.1560428142547607,0.999994158744812,0.4507136344909668,0.2395043671131134,-1.1751407384872437,0.9999933242797852,0.5417847037315369,0.2880701422691345,-1.3224539756774902,0.9999970197677612,0.49537914991378784,0.2871028780937195,-1.3291192054748535,0.9999973773956299,0.6407356262207031,0.2811567187309265,-0.6987805962562561,0.9999967813491821,0.3790317475795746,0.28116312623023987,-0.649549663066864,0.9999955892562866,0.7530813813209534,0.32814422249794006,-0.14162319898605347,0.9972681999206543,0.2761267423629761,0.3139820992946625,-0.08994702249765396,0.9754593372344971,0.7796502113342285,0.4269953966140747,0.15719467401504517,0.9826887845993042,0.24424166977405548,0.41442152857780457,0.16286318004131317,0.8756533265113831,0.7882121801376343,0.46027258038520813,0.19548973441123962,0.9441252946853638,0.2363908588886261,0.44567784667015076,0.21631792187690735,0.7481064796447754,0.7679610848426819,0.4617224633693695,0.1188560277223587,0.9510678052902222,0.2550865709781647,0.44348329305648804,0.1210935041308403,0.7661123275756836,0.761902391910553,0.45303934812545776,0.14525426924228668,0.9285629391670227,0.26289522647857666,0.43513768911361694,0.14168991148471832,0.7457402348518372,0.5813496708869934,0.49833929538726807,-0.02509712427854538,0.9990967512130737,0.43708285689353943,0.49599412083625793,0.02490079402923584,0.999836802482605,0.6384795308113098,0.6831287145614624,0.07903674989938736,0.9980883002281189,0.3933669924736023,0.6761701107025146,-0.41748371720314026,0.9985288381576538,0.6446666717529297,0.7950268387794495,0.7994388937950134,0.9915151596069336,0.35963571071624756,0.8573175072669983,-0.2963559329509735,0.9986554384231567,0.6242725849151611,0.8056644201278687,0.8555554747581482,0.8656179904937744,0.3551791310310364,0.8802381157875061,-0.3043017089366913,0.9273015260696411,0.6702460646629333,0.869907796382904,0.6021431088447571,0.9883992671966553,0.3306860029697418,0.9073545932769775,-0.6842573285102844,0.9975941777229309
angry_v6_4.png,angry,0.5174470543861389,0.27087628841400146,-1.468894600868225,0.9999942779541016,0.5396500825881958,0.24946896731853485,-1.457742691040039,0.9999854564666748,0.550972044467926,0.24802258610725403,-1.4575791358947754,0.9999812841415405,0.5623288154602051,0.24633532762527466,-1.4576609134674072,0.9999797344207764,0.4935591220855713,0.2510637938976288,-1.4535115957260132,0.9999879598617554,0.47773048281669617,0.25021323561668396,-1.4538654088974,0.9999865293502808,0.46576976776123047,0.24880781769752502,-1.4539276361465454,0.9999898672103882,0.5824651718139648,0.23974592983722687,-1.1205346584320068,0.9999754428863525,0.45078638195991516,0.24054473638534546,-1.1037425994873047,0.9999885559082031,0.5404824614524841,0.28599146008491516,-1.3185516595840454,0.9999951124191284,0.49467119574546814,0.2871072590351105,-1.3146512508392334,0.9999972581863403,0.6458268761634827,0.29254353046417236,-0.6833909749984741,0.9999943971633911,0.384187251329422,0.29005104303359985,-0.6794118881225586,0.9999947547912598,0.7341606020927429,0.3957710266113281,-0.5042969584465027,0.9982841610908508,0.28903311491012573,0.39803123474121094,-0.5288481116294861,0.9960427284240723,0.663821280002594,0.4809085428714752,-0.7790725231170654,0.9864040613174438,0.36495518684387207,0.47457408905029297,-0.8106114864349365,0.9776329398155212,0.6397571563720703,0.5014718174934387,-0.8647802472114563,0.951728343963623,0.39090150594711304,0.5002245903015137,-0.9026299118995667,0.9321684241294861,0.6247724890708923,0.48513659834861755,-0.9224914908409119,0.9505659937858582,0.40561529994010925,0.4817575514316559,-0.9605506062507629,0.93309086561203,0.6285898089408875,0.4778288006782532,-0.8011465668678284,0.927007257938385,0.40069854259490967,0.4737244248390198,-0.8334201574325562,0.9075478315353394,0.5825547575950623,0.49998849630355835,-0.012370171956717968,0.999327540397644,0.4391651749610901,0.4998614192008972,0.012555384077131748,0.9997373223304749,0.6291605234146118,0.6805598735809326,-0.04853019118309021,0.9943242073059082,0.3833646774291992,0.6749393939971924,-0.24932843446731567,0.9975584745407104,0.6492179036140442,0.7937662601470947,0.5146589279174805,0.9920356869697571,0.3564220070838928,0.8573819994926453,0.09431938081979752,0.997384250164032,0.6343262195587158,0.8061398863792419,0.551889181137085,0.8971216678619385,0.35939517617225647,0.8803846836090088,0.110076904296875,0.9551803469657898,0.672153890132904,0.86692875623703,0.1980307251214981,0.986318826675415,0.3300609588623047,0.9053472876548767,-0.2848711311817169,0.9939874410629272
angry_v7_1.png,angry,0.5174772143363953,0.24032768607139587,-0.1332670897245407,0.9999982118606567,0.536835253238678,0.21955619752407074,-0.10610469430685043,0.9999985694885254,0.5476973056793213,0.21870040893554688,-0.10617758333683014,0.9999980926513672,0.558406412601471,0.21781153976917267,-0.10635524988174438,0.9999985694885254,0.4963686764240265,0.22133928537368774,-0.10020511597394943,0.9999977350234985,0.4818386435508728,0.22144252061843872,-0.10010987520217896,0.9999969005584717,0.4694814682006836,0.22184982895851135,-0.09995276480913162,0.9999974966049194,0.5753182172775269,0.21613837778568268,0.14230702817440033,0.9999988079071045,0.4550686478614807,0.22084513306617737,0.17564764618873596,0.9999966621398926,0.539750337600708,0.25729623436927795,-0.030642913654446602,0.9999971389770508,0.49324488639831543,0.2594771385192871,-0.022429488599300385,0.9999954700469971,0.6283027529716492,0.27091050148010254,0.1563151776790619,0.9999833106994629,0.40283507108688354,0.28272509574890137,0.21540102362632751,0.9999369382858276,0.683472752571106,0.29324644804000854,-0.5065611004829407,0.9633687138557434,0.3409900665283203,0.3030785620212555,-0.4264497756958008,0.8931680917739868,0.7141510248184204,0.30499088764190674,-1.198388695716858,0.956089437007904,0.30468806624412537,0.30875125527381897,-1.2049919366836548,0.8885447382926941,0.7269237637519836,0.28409695625305176,-1.3339861631393433,0.9404624104499817,0.28634560108184814,0.2841051518917084,-1.348421573638916,0.8548782467842102,0.707880973815918,0.2825126647949219,-1.3283469676971436,0.9390746355056763,0.3092758059501648,0.2824646830558777,-1.347037672996521,0.8601322770118713,0.6934998631477356,0.29176920652389526,-1.216761589050293,0.9218528270721436,0.32678306102752686,0.29406580328941345,-1.2317107915878296,0.8455326557159424,0.5885751247406006,0.5054165720939636,-0.028986623510718346,0.9999265670776367,0.44520995020866394,0.5078359842300415,0.028786545619368553,0.9998688697814941,0.658289909362793,0.692463755607605,-0.18148480355739594,0.9959994554519653,0.3953212797641754,0.6957650780677795,-0.14635583758354187,0.994882345199585,0.7226321697235107,0.8700265288352966,-0.07942689955234528,0.9926382303237915,0.3803066909313202,0.8738669157028198,-0.021161677315831184,0.991395890712738,0.7150523662567139,0.889466404914856,-0.08731942623853683,0.778815507888794,0.3956795930862427,0.8962411284446716,-0.025672873482108116,0.8251486420631409,0.7366266846656799,0.9366207122802734,-0.44185763597488403,0.9851283431053162,0.3398371934890747,0.9387462139129639,-0.3466838598251343,0.9807119369506836
angry_v7_2.png,angry,0.5026521682739258,0.1421220898628235,-0.31824249029159546,0.9999978542327881,0.5208566188812256,0.1237480640411377,-0.27287253737449646,0.9999979734420776,0.5309619307518005,0.12306264042854309,-0.27295154333114624,0.9999974966049194,0.5410096049308777,0.12233433872461319,-0.2729484736919403,0.9999978542327881,0.4842257797718048,0.12516936659812927,-0.27065548300743103,0.9999967813491821,0.4713873863220215,0.1250843107700348,-0.27062171697616577,0.9999958276748657,0.45892134308815,0.1249435544013977,-0.2704505920410156,0.9999960660934448,0.5529696941375732,0.12906190752983093,0.029589932411909103,0.9999978542327881,0.44460996985435486,0.1321416199207306,0.03982623666524887,0.9999946355819702,0.5239415764808655,0.15947270393371582,-0.20360390841960907,0.9999973773956299,0.4759087562561035,0.16013163328170776,-0.2013578563928604,0.9999961853027344,0.6055804491043091,0.22064435482025146,0.056809574365615845,0.9999452829360962,0.3974323868751526,0.2208397090435028,0.08245237916707993,0.9999020099639893,0.6557127833366394,0.27107781171798706,-0.6714235544204712,0.9451358318328857,0.3375583589076996,0.2749895453453064,-0.5590159893035889,0.9527883529663086,0.6888519525527954,0.27301156520843506,-1.485947608947754,0.9821162223815918,0.3116825819015503,0.2764537036418915,-1.3461514711380005,0.9727545380592346,0.7007436752319336,0.2504151463508606,-1.6514185667037964,0.9780272245407104,0.2990957796573639,0.2506224513053894,-1.4997375011444092,0.962471067905426,0.6856459379196167,0.24255292117595673,-1.6499477624893188,0.978392481803894,0.3113992214202881,0.24393054842948914,-1.5043771266937256,0.9642859697341919,0.67132568359375,0.25097334384918213,-1.5109599828720093,0.9691706299781799,0.32228001952171326,0.2534801959991455,-1.3737777471542358,0.9544399380683899,0.5712727308273315,0.47134432196617126,-0.01725844293832779,0.9998948574066162,0.42350703477859497,0.4692097008228302,0.01697148010134697,0.9998383522033691,0.5800358057022095,0.6712501645088196,-0.12347657233476639,0.9958361387252808,0.4115695357322693,0.6715388298034668,-0.1231970340013504,0.9953357577323914,0.6017593145370483,0.8643444180488586,0.11258159577846527,0.9936326146125793,0.38927340507507324,0.866119384765625,0.12186460196971893,0.9925268888473511,0.5877020359039307,0.8899247646331787,0.11461938917636871,0.8658117651939392,0.40483057498931885,0.895451009273529,0.1264246106147766,0.844724178314209,0.6139394640922546,0.9304320216178894,-0.2564324140548706,0.989844799041748,0.3579619824886322,0.9281907081604004,-0.23009780049324036,0.9869908690452576
angry_v7_3.png,angry,0.5084390044212341,0.1377660036087036,-0.27094346284866333,0.9999982118606567,0.5260415077209473,0.11981689929962158,-0.2252105176448822,0.9999983310699463,0.5360879898071289,0.11923792213201523,-0.22529451549053192,0.9999979734420776,0.547057032585144,0.11888861656188965,-0.22531728446483612,0.9999982118606567,0.48909372091293335,0.12009981274604797,-0.22426800429821014,0.9999972581863403,0.4762570261955261,0.11978811025619507,-0.22420723736286163,0.9999966621398926,0.4642347991466522,0.11975529789924622,-0.22403374314308167,0.9999969005584717,0.5602959990501404,0.12587463855743408,0.08267763257026672,0.9999978542327881,0.4483303129673004,0.1264454424381256,0.08602642267942429,0.999995231628418,0.5284227728843689,0.15728333592414856,-0.15346401929855347,0.9999970197677612,0.4827629029750824,0.15697604417800903,-0.15343818068504333,0.9999959468841553,0.6106029152870178,0.20647446811199188,0.11846684664487839,0.9999572038650513,0.4016748368740082,0.20790162682533264,0.13748371601104736,0.9998949766159058,0.660883903503418,0.26764941215515137,-0.5747694373130798,0.9442353844642639,0.3361934423446655,0.2763898968696594,-0.47577017545700073,0.951640248298645,0.6919809579849243,0.2721109092235565,-1.376478910446167,0.980211615562439,0.31072330474853516,0.2728961110115051,-1.2469159364700317,0.9700099229812622,0.7050915956497192,0.2460140734910965,-1.537484884262085,0.9739089608192444,0.29789233207702637,0.24643099308013916,-1.3957055807113647,0.956788957118988,0.6889832615852356,0.2378717064857483,-1.5362508296966553,0.9744443893432617,0.3121815323829651,0.23832765221595764,-1.4017149209976196,0.958946704864502,0.6739053130149841,0.24735045433044434,-1.4005941152572632,0.9648365378379822,0.32554537057876587,0.24816815555095673,-1.2734487056732178,0.9482418298721313,0.5774291753768921,0.4683845639228821,-0.02317112125456333,0.9998683929443359,0.42888933420181274,0.46713605523109436,0.02293309196829796,0.9997398257255554,0.5860542058944702,0.6698490381240845,-0.10571106523275375,0.994536817073822,0.4184369444847107,0.6716129779815674,-0.056559689342975616,0.9930277466773987,0.6113787889480591,0.8679487705230713,0.11491132527589798,0.9916205406188965,0.39128586649894714,0.8684589862823486,0.1611165702342987,0.9890318512916565,0.5962592363357544,0.8923666477203369,0.11658830940723419,0.845546543598175,0.4054684638977051,0.8932478427886963,0.16465109586715698,0.8096492290496826,0.6157060265541077,0.9328137040138245,-0.25139951705932617,0.9872877597808838,0.36980193853378296,0.9321028590202332,-0.18317046761512756,0.9815455079078674
angry_v7_4.png,angry,0.49830275774002075,0.14085689187049866,-0.5039309859275818,0.999997615814209,0.5091068744659424,0.12083002924919128,-0.45644411444664,0.9999983310699463,0.5186968445777893,0.11979151517152786,-0.45660606026649475,0.9999977350234985,0.5277539491653442,0.11899241805076599,-0.45664823055267334,0.9999980926513672,0.4747837781906128,0.12314575165510178,-0.4705016613006592,0.9999971389770508,0.4606108069419861,0.12369930744171143,-0.4704945385456085,0.9999964237213135,0.4478304088115692,0.12431392073631287,-0.4703253209590912,0.9999963045120239,0.5360687375068665,0.1244875118136406,-0.10582500696182251,0.999996542930603,0.4269980192184448,0.13244348764419556,-0.17345383763313293,0.9999971389770508,0.517056941986084,0.15898606181144714,-0.36866438388824463,0.9999972581863403,0.47390130162239075,0.16222232580184937,-0.3883001208305359,0.9999971389770508,0.5909803509712219,0.20205864310264587,0.051046401262283325,0.9999231100082397,0.38602888584136963,0.21058538556098938,-0.16922563314437866,0.9999659061431885,0.6499130725860596,0.26270854473114014,-0.6336736083030701,0.8326793909072876,0.3330203890800476,0.27241241931915283,-0.8031135201454163,0.9880716800689697,0.695205807685852,0.26840001344680786,-1.5619887113571167,0.9603373408317566,0.3111936151981354,0.2752830982208252,-1.5600067377090454,0.9835866093635559,0.7068749070167542,0.2450723797082901,-1.7426096200942993,0.9598404169082642,0.30226460099220276,0.2512337565422058,-1.7139357328414917,0.9761131405830383,0.6929032206535339,0.23632435500621796,-1.7594900131225586,0.961428165435791,0.3134007155895233,0.24204160273075104,-1.7251642942428589,0.9768948554992676,0.6795471906661987,0.24467012286186218,-1.5990172624588013,0.9507818222045898,0.3255957365036011,0.24942561984062195,-1.5858192443847656,0.9677120447158813,0.5973480343818665,0.4681518077850342,0.11402501165866852,0.9997681975364685,0.46237900853157043,0.47099560499191284,-0.11415577679872513,0.9997889399528503,0.6150991916656494,0.6694767475128174,0.149799183011055,0.9652162790298462,0.4303935766220093,0.6802753806114197,-0.23963609337806702,0.997546374797821,0.6040592193603516,0.8527838587760925,0.45066019892692566,0.9626107811927795,0.3390628695487976,0.8668743968009949,-0.12402275204658508,0.9927511215209961,0.5760664343833923,0.8856176733970642,0.46148452162742615,0.9015538692474365,0.3075929284095764,0.8973265886306763,-0.12928175926208496,0.8290594220161438,0.6964631080627441,0.8993039727210999,0.20543301105499268,0.962417721748352,0.40432438254356384,0.9283689856529236,-0.47344106435775757,0.9846994280815125
angry_v8_1.png,angry,0.5154443979263306,0.18277698755264282,-1.4089388847351074,0.999995231628418,0.5348285436630249,0.16077223420143127,-1.3849562406539917,0.999983549118042,0.5454980134963989,0.15972945094108582,-1.3848730325698853,0.9999843835830688,0.5543800592422485,0.1589619517326355,-1.3849211931228638,0.999982476234436,0.4939061999320984,0.16363200545310974,-1.382951021194458,0.9999825954437256,0.47871923446655273,0.16437292098999023,-1.3831485509872437,0.9999819993972778,0.4659307301044464,0.16468322277069092,-1.3830491304397583,0.9999792575836182,0.5700324177742004,0.15902367234230042,-1.0401102304458618,0.9999715089797974,0.4528985023498535,0.16707468032836914,-1.0316414833068848,0.9999715089797974,0.5381309390068054,0.19979310035705566,-1.263803482055664,0.9999884366989136,0.4909239113330841,0.20228224992752075,-1.2618070840835571,0.9999879598617554,0.6321526765823364,0.248247891664505,-0.6563524007797241,0.9999901056289673,0.3974582552909851,0.2474137544631958,-0.6057395935058594,0.9999804496765137,0.6862055063247681,0.3680211901664734,-0.38728606700897217,0.9929538369178772,0.34688806533813477,0.3655155897140503,-0.2504485249519348,0.9876184463500977,0.7207754254341125,0.4861117899417877,-0.5919316411018372,0.9847577810287476,0.3116542100906372,0.47652506828308105,-0.30882418155670166,0.9730650782585144,0.7260781526565552,0.5164740085601807,-0.6490193009376526,0.9593929052352905,0.30069005489349365,0.5080400705337524,-0.3432072699069977,0.9385138154029846,0.7157503962516785,0.5151970386505127,-0.7663149237632751,0.9634865522384644,0.31196680665016174,0.5077491402626038,-0.4494832754135132,0.9438039660453796,0.7087051272392273,0.5074637532234192,-0.639716625213623,0.9541233777999878,0.3205570876598358,0.5002942681312561,-0.34955471754074097,0.93506920337677,0.5874442458152771,0.47846469283103943,-0.002691159723326564,0.9997231364250183,0.4415445625782013,0.4741838276386261,0.002621859312057495,0.9997684359550476,0.6289108395576477,0.6758265495300293,-0.028053155168890953,0.9948754906654358,0.4079064428806305,0.6787948608398438,-0.044272877275943756,0.9966307282447815,0.6642764210700989,0.8624345660209656,0.290777325630188,0.996015727519989,0.3591514825820923,0.8660669326782227,0.28484973311424255,0.9959982633590698,0.6548322439193726,0.885588526725769,0.29897046089172363,0.9309592843055725,0.36831843852996826,0.8902706503868103,0.29372814297676086,0.9051660299301147,0.6952585577964783,0.9300678372383118,-0.10341907292604446,0.9928225874900818,0.31975165009498596,0.9292051792144775,-0.10156980901956558,0.992111086845398
angry_v8_2.png,angry,0.5168533325195312,0.1930960714817047,-1.4984618425369263,0.9999916553497314,0.5347007513046265,0.1706799864768982,-1.4771504402160645,0.9999732971191406,0.5447589755058289,0.16908147931098938,-1.4770705699920654,0.999972939491272,0.5548091530799866,0.16739168763160706,-1.4771602153778076,0.9999707937240601,0.49419012665748596,0.17437472939491272,-1.473592758178711,0.9999723434448242,0.47878098487854004,0.17469415068626404,-1.473801612854004,0.9999710321426392,0.4651362895965576,0.17469936609268188,-1.4737470149993896,0.9999693632125854,0.5718249678611755,0.16302451491355896,-1.1229099035263062,0.9999561309814453,0.4510214626789093,0.17384964227676392,-1.105189323425293,0.9999561309814453,0.5392729640007019,0.20925253629684448,-1.3465325832366943,0.9999817609786987,0.4928041100502014,0.2127629518508911,-1.3420499563217163,0.999982476234436,0.6355417966842651,0.24631763994693756,-0.7139441967010498,0.9999885559082031,0.39481237530708313,0.24794887006282806,-0.6503577828407288,0.9999761581420898,0.6918044090270996,0.36664509773254395,-0.4483284652233124,0.9917263984680176,0.342324823141098,0.3677387237548828,-0.3272012174129486,0.9870336055755615,0.7239529490470886,0.483490526676178,-0.6677886843681335,0.9799984097480774,0.3074079155921936,0.48344695568084717,-0.4626948833465576,0.9763360619544983,0.7308670282363892,0.5160264372825623,-0.730812668800354,0.9512185454368591,0.29941654205322266,0.5140337944030762,-0.511661946773529,0.9462783336639404,0.7157146334648132,0.514661967754364,-0.8459873795509338,0.9554885029792786,0.31276601552963257,0.5139748454093933,-0.6211337447166443,0.9511152505874634,0.707544207572937,0.5074584484100342,-0.714546799659729,0.9436818957328796,0.3214785158634186,0.5069458484649658,-0.5061526298522949,0.940577507019043,0.5872600674629211,0.47662344574928284,-0.01010608859360218,0.9997275471687317,0.44005143642425537,0.4708636701107025,0.009932576678693295,0.9996974468231201,0.627653181552887,0.6778504252433777,-0.09150202572345734,0.9949660897254944,0.40372365713119507,0.6800597906112671,-0.045964859426021576,0.9953848719596863,0.6688222885131836,0.8627004623413086,0.2840586304664612,0.9953786134719849,0.35843929648399353,0.8687963485717773,0.3023452162742615,0.9949677586555481,0.6627017855644226,0.8858640789985657,0.29790323972702026,0.9013972878456116,0.36804622411727905,0.8934765458106995,0.31400397419929504,0.8938916325569153,0.6904267072677612,0.9288182258605957,-0.11756874620914459,0.9911348819732666,0.31909656524658203,0.9346154928207397,-0.08871062844991684,0.9905238747596741
angry_v8_3.png,angry,0.5186905860900879,0.19321662187576294,-1.4965969324111938,0.9999912977218628,0.535476803779602,0.17095717787742615,-1.4744102954864502,0.9999723434448242,0.5455825328826904,0.16916605830192566,-1.474349021911621,0.999971866607666,0.5558780431747437,0.1672283411026001,-1.4744523763656616,0.9999697208404541,0.49487781524658203,0.17474901676177979,-1.4718679189682007,0.9999706745147705,0.47940793633461,0.17501038312911987,-1.4720733165740967,0.9999691247940063,0.46570104360580444,0.17497509717941284,-1.4720228910446167,0.9999672174453735,0.5723140239715576,0.16225290298461914,-1.1151773929595947,0.9999547004699707,0.45071887969970703,0.17449063062667847,-1.101912021636963,0.9999536275863647,0.5404960513114929,0.2093794345855713,-1.34266197681427,0.9999823570251465,0.49433761835098267,0.2131854146718979,-1.3394553661346436,0.9999825954437256,0.6353511214256287,0.24568261206150055,-0.7012935280799866,0.9999890327453613,0.39595237374305725,0.2481773942708969,-0.6507795453071594,0.9999756813049316,0.6916940212249756,0.3668665885925293,-0.4275535047054291,0.9915764927864075,0.3432961702346802,0.36831173300743103,-0.33928656578063965,0.9875915050506592,0.7247980833053589,0.4847504198551178,-0.6482143998146057,0.9789369702339172,0.3075137138366699,0.4850558042526245,-0.49075210094451904,0.9756019711494446,0.7310037016868591,0.5164490342140198,-0.7114930152893066,0.9483288526535034,0.2992548942565918,0.5153038501739502,-0.5432969927787781,0.944216787815094,0.7157219648361206,0.5147415995597839,-0.8272711038589478,0.9529654383659363,0.3126654326915741,0.5151160955429077,-0.6531736850738525,0.9491719603538513,0.7076495885848999,0.507719874382019,-0.6953873038291931,0.9410009980201721,0.3213749825954437,0.5083301067352295,-0.5348071455955505,0.9379518628120422,0.5861928462982178,0.4773346185684204,-0.006629037670791149,0.9997419714927673,0.43912971019744873,0.4712067246437073,0.0064514195546507835,0.9996895790100098,0.6281465888023376,0.6796540021896362,-0.10059388726949692,0.994391143321991,0.40062543749809265,0.6809803247451782,-0.05350210517644882,0.9947941899299622,0.6672919988632202,0.8643309473991394,0.29009151458740234,0.9948114156723022,0.3593730926513672,0.8668134808540344,0.3122612237930298,0.9943086504936218,0.6606076955795288,0.8885519504547119,0.3055330812931061,0.9015244245529175,0.3702097535133362,0.890317976474762,0.32583776116371155,0.8883429169654846,0.6935875415802002,0.9290949106216431,-0.10949383676052094,0.9901658892631531,0.32424089312553406,0.9331061244010925,-0.07924871146678925,0.9894782900810242
angry_v8_4.png,angry,0.5169228315353394,0.20457105338573456,-1.4715081453323364,0.9999984502792358,0.534504234790802,0.18109095096588135,-1.4546403884887695,0.9999951124191284,0.5450155138969421,0.17896384000778198,-1.4544318914413452,0.9999954700469971,0.5560511350631714,0.17677372694015503,-1.4545048475265503,0.9999947547912598,0.4930744767189026,0.18475854396820068,-1.4547522068023682,0.9999943971633911,0.47758081555366516,0.18493005633354187,-1.4549448490142822,0.9999945163726807,0.4640614092350006,0.18467363715171814,-1.4547231197357178,0.9999932050704956,0.5739041566848755,0.17388495802879333,-1.1198291778564453,0.9999933242797852,0.4486784338951111,0.18382972478866577,-1.1211174726486206,0.9999924898147583,0.5400736331939697,0.22049067914485931,-1.3249735832214355,0.999996542930603,0.4942391514778137,0.2237951010465622,-1.3258898258209229,0.9999955892562866,0.6393455862998962,0.25521594285964966,-0.7047619223594666,0.999996542930603,0.39126691222190857,0.25458192825317383,-0.6420039534568787,0.9999862909317017,0.7100422382354736,0.3667184114456177,-0.3456818461418152,0.9963235855102539,0.3189420700073242,0.36660999059677124,-0.19994021952152252,0.9846929311752319,0.732271134853363,0.48520636558532715,-0.45143383741378784,0.9908342957496643,0.2985576391220093,0.4788224995136261,-0.19982215762138367,0.9734687209129333,0.7379806637763977,0.5159924030303955,-0.4887799322605133,0.9750478863716125,0.2937053442001343,0.5082029700279236,-0.2155216783285141,0.9431003332138062,0.7167938947677612,0.5132595896720886,-0.5985055565834045,0.9774852991104126,0.31073126196861267,0.507424533367157,-0.3235047459602356,0.9472617506980896,0.708635151386261,0.5044823884963989,-0.49082109332084656,0.9715806841850281,0.3194156289100647,0.4999048113822937,-0.2371196746826172,0.9392392635345459,0.5893744826316833,0.47703686356544495,-0.02312026545405388,0.9998431205749512,0.4423377513885498,0.47214275598526,0.02276189997792244,0.9997935891151428,0.6243072748184204,0.681408703327179,-0.07722292095422745,0.99522864818573,0.39544326066970825,0.6794013977050781,-0.04581543430685997,0.9954492449760437,0.6673007607460022,0.8633208274841309,0.25077521800994873,0.9966860413551331,0.3547256588935852,0.8648642897605896,0.2953724265098572,0.9946245551109314,0.6550794839859009,0.8832883238792419,0.26037052273750305,0.9029741287231445,0.36893346905708313,0.8885059356689453,0.3082948625087738,0.9036086797714233,0.682243824005127,0.9336414337158203,-0.1304902583360672,0.9931235909461975,0.32011786103248596,0.9334456920623779,-0.05444183573126793,0.9908905625343323
happy_v1_1.png,happy,0.5199298858642578,0.2560518682003021,-0.6212132573127747,0.9999145269393921,0.529724657535553,0.24378830194473267,-0.5691496133804321,0.9998430013656616,0.5360490083694458,0.24399283528327942,-0.5691372752189636,0.9998427629470825,0.5435640215873718,0.24428172409534454,-0.5692498683929443,0.9998397827148438,0.5062889456748962,0.24343428015708923,-0.5702309012413025,0.9997764229774475,0.49709323048591614,0.24322941899299622,-0.570245087146759,0.999723494052887,0.4869948923587799,0.24329976737499237,-0.5701427459716797,0.9996856451034546,0.5538825392723083,0.2530844509601593,-0.30984577536582947,0.9997356534004211,0.47062966227531433,0.2519935667514801,-0.31044813990592957,0.999440610408783,0.533551037311554,0.2725978493690491,-0.5265579223632812,0.9996542930603027,0.5029920935630798,0.27222082018852234,-0.5266332030296326,0.9995589852333069,0.6077239513397217,0.32088547945022583,-0.24598176777362823,0.9995593428611755,0.4242092967033386,0.321065217256546,-0.23732389509677887,0.9972098469734192,0.6677395701408386,0.23348532617092133,-0.4376900792121887,0.9942307472229004,0.36699387431144714,0.23450621962547302,-0.38114964962005615,0.9936988353729248,0.7235189080238342,0.12921518087387085,-0.7143073678016663,0.993249773979187,0.3086283802986145,0.13029268383979797,-0.6019208431243896,0.9895155429840088,0.7434768676757812,0.10270842909812927,-0.8162025809288025,0.9787641763687134,0.28507766127586365,0.10596966743469238,-0.6945804357528687,0.9680782556533813,0.738563060760498,0.09827756881713867,-0.8549824953079224,0.9787529706954956,0.29123055934906006,0.10088950395584106,-0.722717821598053,0.9684001207351685,0.7291441559791565,0.10690593719482422,-0.7505596876144409,0.9797605872154236,0.30169644951820374,0.10769355297088623,-0.6321188807487488,0.9702811241149902,0.5651509165763855,0.5492261052131653,-0.0064577143639326096,0.9996490478515625,0.44383785128593445,0.5512214303016663,0.006543884985148907,0.9994271993637085,0.5875541567802429,0.7154356837272644,0.026899483054876328,0.995421826839447,0.4281929135322571,0.7174737453460693,0.043364670127630234,0.9945975542068481,0.6146262884140015,0.8802729845046997,0.3263974189758301,0.9930717349052429,0.41491323709487915,0.8817195892333984,0.35071608424186707,0.9912090301513672,0.5937037467956543,0.9025198817253113,0.3365446925163269,0.9204128980636597,0.4282792806625366,0.9035020470619202,0.35991957783699036,0.8926119208335876,0.622792661190033,0.93822181224823,-0.008006002753973007,0.9877563714981079,0.3873309791088104,0.9385894536972046,0.04375803843140602,0.9840542674064636
happy_v1_2.png,happy,0.5145796537399292,0.2581390142440796,-0.6229206323623657,0.9999408721923828,0.5261813998222351,0.2448023557662964,-0.574436604976654,0.9998868703842163,0.5335661172866821,0.24494345486164093,-0.5744175314903259,0.9998960494995117,0.5401512384414673,0.2452564537525177,-0.5745229721069336,0.9998877048492432,0.5018725395202637,0.24542683362960815,-0.5690944790840149,0.9998295307159424,0.4921744167804718,0.24530978500843048,-0.5691184997558594,0.9997959733009338,0.4821881949901581,0.24544228613376617,-0.5690005421638489,0.9997581839561462,0.5523332953453064,0.25361329317092896,-0.3287322521209717,0.999832034111023,0.46770989894866943,0.2536145746707916,-0.2975999414920807,0.9995717406272888,0.5313667058944702,0.2741757333278656,-0.5329020023345947,0.9997701048851013,0.4994851350784302,0.2742363214492798,-0.5239094495773315,0.9996951818466187,0.6088613271713257,0.32357150316238403,-0.28988707065582275,0.9997109770774841,0.42307648062705994,0.32324832677841187,-0.20759518444538116,0.9977506995201111,0.6676506996154785,0.23277577757835388,-0.5300505757331848,0.9961399435997009,0.36227595806121826,0.23093868792057037,-0.3303276300430298,0.994358479976654,0.7253667712211609,0.1288849413394928,-0.8351770639419556,0.9947302341461182,0.29844218492507935,0.1297232210636139,-0.5457988977432251,0.9913166761398315,0.7504851222038269,0.1022748351097107,-0.9444169402122498,0.982919454574585,0.2741605043411255,0.10506606101989746,-0.6359611749649048,0.9717814326286316,0.7439395189285278,0.09861019253730774,-0.9814841747283936,0.9827744364738464,0.28324800729751587,0.09961280226707458,-0.6658175587654114,0.9723127484321594,0.7328035235404968,0.1077381893992424,-0.8712462186813354,0.9836003184318542,0.2951284646987915,0.10649431496858597,-0.5774027705192566,0.9744593501091003,0.5635772943496704,0.549453854560852,-0.03039391338825226,0.9996975660324097,0.4420941174030304,0.5511735081672668,0.03040176071226597,0.9994955062866211,0.5843836069107056,0.7164683938026428,0.012488627806305885,0.9969294667243958,0.426656037569046,0.717560350894928,0.08471725881099701,0.9959554672241211,0.6176710724830627,0.8774575591087341,0.3273187279701233,0.9952505826950073,0.41337648034095764,0.8800424337387085,0.3986678421497345,0.9929856657981873,0.6038404703140259,0.9001829624176025,0.3384365439414978,0.9241559505462646,0.42320194840431213,0.9033277630805969,0.4086383581161499,0.90318363904953,0.614101231098175,0.9368091821670532,-0.018795903772115707,0.9911471009254456,0.3850216865539551,0.9384726285934448,0.09380067884922028,0.9877759218215942
happy_v1_3.png,happy,0.5164465308189392,0.26755452156066895,-0.6176899671554565,0.9999561309814453,0.5288393497467041,0.251586377620697,-0.5711585879325867,0.9999213218688965,0.536349356174469,0.2519943416118622,-0.5711872577667236,0.9999181032180786,0.5447049736976624,0.2523899972438812,-0.571343719959259,0.9999144077301025,0.502178430557251,0.2513272166252136,-0.5636999011039734,0.9998842477798462,0.4922100901603699,0.25092533230781555,-0.5637245774269104,0.9998421669006348,0.4818952679634094,0.25098076462745667,-0.5635727047920227,0.9998146891593933,0.5574332475662231,0.2602160573005676,-0.3267878293991089,0.999852180480957,0.46613237261772156,0.2583339512348175,-0.28811320662498474,0.9996345043182373,0.5333085060119629,0.28405359387397766,-0.5284662842750549,0.999782383441925,0.5011415481567383,0.28312093019485474,-0.5170936584472656,0.9997261166572571,0.609999418258667,0.3244457244873047,-0.27129074931144714,0.9996683597564697,0.42014339566230774,0.32540619373321533,-0.1871798038482666,0.9984021782875061,0.6767975091934204,0.24311167001724243,-0.5103636384010315,0.9958449006080627,0.3469300866127014,0.23862341046333313,-0.28848761320114136,0.9946635961532593,0.7438041567802429,0.14154720306396484,-0.8480609059333801,0.994115948677063,0.2687854468822479,0.14065200090408325,-0.5110402703285217,0.990576982498169,0.7703917026519775,0.1161026656627655,-0.9549296498298645,0.9805607795715332,0.24707907438278198,0.11731776595115662,-0.595875084400177,0.9684509634971619,0.765397846698761,0.11238771677017212,-0.9944093823432922,0.9808502793312073,0.25379231572151184,0.11236198991537094,-0.6231482625007629,0.9692655801773071,0.7550550699234009,0.12115038186311722,-0.8850225210189819,0.9820005297660828,0.26382583379745483,0.11923471093177795,-0.5412622690200806,0.9724115133285522,0.5627842545509338,0.5547930598258972,-0.010974753648042679,0.9997655749320984,0.44038620591163635,0.5567103028297424,0.011117905378341675,0.9996987581253052,0.6323330402374268,0.7156649231910706,-0.03341372683644295,0.9927259683609009,0.39487138390541077,0.720496416091919,-0.0013165301643311977,0.9948658347129822,0.6978286504745483,0.8767545819282532,0.23060867190361023,0.9906541705131531,0.3237834572792053,0.8771094083786011,0.27194875478744507,0.9933445453643799,0.6834365129470825,0.8990756869316101,0.23819708824157715,0.9251188635826111,0.33333471417427063,0.9015015959739685,0.2779362201690674,0.9126701951026917,0.7262140512466431,0.9320501089096069,-0.0923718735575676,0.981147289276123,0.2861221134662628,0.9354283809661865,-0.030353769659996033,0.9836349487304688
happy_v1_4.png,happy,0.5138477087020874,0.24258407950401306,-0.6513280868530273,0.9999641180038452,0.5271936058998108,0.2272898554801941,-0.6100665926933289,0.9999288320541382,0.5368508696556091,0.22710351645946503,-0.6100976467132568,0.9999276399612427,0.5457850098609924,0.22700360417366028,-0.6102556586265564,0.9999257326126099,0.4987683594226837,0.2285856455564499,-0.6039525270462036,0.9998953342437744,0.488911896944046,0.22886769473552704,-0.6039994955062866,0.9998586177825928,0.4795018434524536,0.22917602956295013,-0.6038471460342407,0.9998427629470825,0.5574291944503784,0.23388952016830444,-0.35861676931381226,0.9998762607574463,0.46671774983406067,0.23470520973205566,-0.32615211606025696,0.9997307658195496,0.5322525501251221,0.2568153142929077,-0.5563343167304993,0.9998247027397156,0.49670910835266113,0.2577771544456482,-0.5467115044593811,0.9997782111167908,0.6191115379333496,0.2998608946800232,-0.27453553676605225,0.9997583031654358,0.4232318699359894,0.30642378330230713,-0.19633886218070984,0.998778760433197,0.6989235877990723,0.22513389587402344,-0.5350174903869629,0.9935891628265381,0.35270434617996216,0.235207661986351,-0.2384566217660904,0.9945957064628601,0.776551365852356,0.12988942861557007,-0.9528740644454956,0.9934612512588501,0.25416815280914307,0.13360479474067688,-0.41994374990463257,0.9891672134399414,0.8047939538955688,0.10434731096029282,-1.067558765411377,0.9797331094741821,0.22617867588996887,0.10966578871011734,-0.49724817276000977,0.963902473449707,0.7988024950027466,0.10065492987632751,-1.1174734830856323,0.9805906414985657,0.23192892968654633,0.10491655021905899,-0.5360773801803589,0.9657872915267944,0.7879059910774231,0.10899123549461365,-0.9962563514709473,0.9818182587623596,0.2434617280960083,0.11269351840019226,-0.4528403878211975,0.9685730934143066,0.572258710861206,0.5361894369125366,-0.010865196585655212,0.9997209906578064,0.44633519649505615,0.5343079566955566,0.011038322933018208,0.9996333122253418,0.6198733448982239,0.6997190713882446,-0.02998587302863598,0.9926658272743225,0.40552830696105957,0.706768274307251,0.004822780378162861,0.9957184195518494,0.6662557721138,0.8719660043716431,0.22755032777786255,0.9906594753265381,0.36104193329811096,0.8785783052444458,0.26138126850128174,0.9928770661354065,0.6498472690582275,0.8970238566398621,0.23487459123134613,0.920353889465332,0.37347039580345154,0.9030328392982483,0.26504865288734436,0.9022523164749146,0.6852712631225586,0.9301674962043762,-0.1106797382235527,0.9847834706306458,0.3168093264102936,0.9365911483764648,-0.05882509425282478,0.9853045344352722
happy_v2_1.png,happy,0.5236084461212158,0.1417776644229889,-0.550566554069519,0.999991774559021,0.531585156917572,0.12593773007392883,-0.4934123158454895,0.9999698400497437,0.5378769636154175,0.1257942020893097,-0.4934799075126648,0.9999738931655884,0.5458529591560364,0.125933438539505,-0.4935665726661682,0.9999711513519287,0.5037063956260681,0.12820971012115479,-0.5044103860855103,0.9999548196792603,0.49082139134407043,0.13006946444511414,-0.5044417381286621,0.9999567270278931,0.47872194647789,0.13217458128929138,-0.5042908191680908,0.9999468326568604,0.5551599264144897,0.13572919368743896,-0.19704574346542358,0.9999485015869141,0.4597803056240082,0.1424788534641266,-0.24779273569583893,0.9999064207077026,0.5386679768562317,0.16101419925689697,-0.44356387853622437,0.9999771118164062,0.5029364228248596,0.16379117965698242,-0.45835238695144653,0.9999611377716064,0.6178770065307617,0.22929581999778748,-0.09044956415891647,0.9999731779098511,0.4023594260215759,0.23244772851467133,-0.18294496834278107,0.9995535016059875,0.7502264976501465,0.21223077178001404,-0.31856459379196167,0.9844829440116882,0.25247329473495483,0.21831165254116058,-0.5146270990371704,0.992088258266449,0.8788526654243469,0.18367427587509155,-0.7880221605300903,0.9912729859352112,0.12707221508026123,0.1888309121131897,-1.0780540704727173,0.9851232171058655,0.9234453439712524,0.17311811447143555,-0.8867900371551514,0.9809807538986206,0.08103570342063904,0.18332907557487488,-1.204673409461975,0.9643808603286743,0.9211783409118652,0.16952204704284668,-0.9545813798904419,0.9841127991676331,0.07809308171272278,0.1780797839164734,-1.2440192699432373,0.9692864418029785,0.905284583568573,0.17442938685417175,-0.8365118503570557,0.9849784970283508,0.09448397159576416,0.18178272247314453,-1.1198761463165283,0.9706043004989624,0.5718376636505127,0.4639842212200165,0.025096802040934563,0.9999358654022217,0.434837281703949,0.459974080324173,-0.025458363816142082,0.9998328685760498,0.5715929865837097,0.6313548684120178,-0.04248543456196785,0.9959772229194641,0.4458026885986328,0.6322039365768433,-0.2582136392593384,0.9964415431022644,0.6506609320640564,0.7374531030654907,0.7613125443458557,0.9890031218528748,0.3660418391227722,0.7325695157051086,0.5527864694595337,0.9811760783195496,0.6598448753356934,0.7396143078804016,0.8304243087768555,0.8049010634422302,0.3580406904220581,0.7359031438827515,0.6280955076217651,0.7476392984390259,0.6502485871315002,0.8313313722610474,0.5651541352272034,0.984071671962738,0.3483375310897827,0.8198184967041016,0.39130493998527527,0.9776776432991028
happy_v2_2.png,happy,0.5214916467666626,0.14651763439178467,-0.5679219365119934,0.9999818801879883,0.5315030813217163,0.1313251554965973,-0.5090311169624329,0.9999399185180664,0.5384660959243774,0.131559818983078,-0.5091453790664673,0.9999427795410156,0.5451483726501465,0.1319153904914856,-0.5093703866004944,0.999935507774353,0.5035980343818665,0.13163956999778748,-0.517859697341919,0.9999033212661743,0.49168145656585693,0.13266804814338684,-0.5178892016410828,0.9998992681503296,0.4812454879283905,0.13404986262321472,-0.5177752375602722,0.9998782873153687,0.5544252395629883,0.142042875289917,-0.21633680164813995,0.9998968839645386,0.4640595018863678,0.14742836356163025,-0.2575378119945526,0.9997817873954773,0.5372624397277832,0.16489726305007935,-0.46150100231170654,0.9999502897262573,0.501190185546875,0.16763880848884583,-0.4734475314617157,0.9999107122421265,0.6097708940505981,0.22717568278312683,-0.10873101651668549,0.9999545812606812,0.40508291125297546,0.23057444393634796,-0.1677410751581192,0.999157190322876,0.7504723072052002,0.19019025564193726,-0.20292948186397552,0.988403856754303,0.25801369547843933,0.1940927505493164,-0.320555180311203,0.9925089478492737,0.8770014643669128,0.14752763509750366,-0.5572313070297241,0.9912394881248474,0.13155871629714966,0.14325103163719177,-0.7088918685913086,0.9805684089660645,0.9177745580673218,0.134108304977417,-0.6416308879852295,0.9754906296730042,0.08936590701341629,0.13422444462776184,-0.8102573156356812,0.9472281336784363,0.9142751693725586,0.12951114773750305,-0.7118164896965027,0.9789620041847229,0.08858676999807358,0.1286030411720276,-0.8528498411178589,0.9535455107688904,0.9015430808067322,0.13409119844436646,-0.606092095375061,0.9812729358673096,0.10267195105552673,0.13310986757278442,-0.7485654950141907,0.9560920000076294,0.569128155708313,0.4547423720359802,0.022446177899837494,0.9999359846115112,0.4380621314048767,0.453266441822052,-0.02265378087759018,0.9998325109481812,0.5650166273117065,0.6160919666290283,-0.06666113436222076,0.9904327392578125,0.4621073007583618,0.6200101971626282,-0.0769364982843399,0.9918820261955261,0.6062479019165039,0.6888821721076965,0.8829601407051086,0.9558830857276917,0.40911218523979187,0.6964364051818848,0.7815976738929749,0.9594653844833374,0.6079473495483398,0.6864376068115234,0.9729253649711609,0.7648525834083557,0.4041909873485565,0.6959949731826782,0.8640332221984863,0.7090170979499817,0.6203701496124268,0.7701714038848877,0.7822636961936951,0.9511528611183167,0.3933447599411011,0.7754919528961182,0.6698458790779114,0.9507821202278137
happy_v2_3.png,happy,0.5162608623504639,0.15959659218788147,-0.6673340797424316,0.9999912977218628,0.531674325466156,0.14188885688781738,-0.6198302507400513,0.99996018409729,0.5406920909881592,0.14216893911361694,-0.6198535561561584,0.999963641166687,0.5472607612609863,0.14250317215919495,-0.6199577450752258,0.9999557733535767,0.5009375810623169,0.14230823516845703,-0.6230096817016602,0.9999343156814575,0.48975732922554016,0.14315477013587952,-0.6230610013008118,0.9999313354492188,0.4795982837677002,0.14417237043380737,-0.6229488849639893,0.9999208450317383,0.5596279501914978,0.15102824568748474,-0.33712294697761536,0.9999313354492188,0.4670315086841583,0.15321436524391174,-0.3487831950187683,0.9998735189437866,0.5343617796897888,0.17750397324562073,-0.5600085258483887,0.999975323677063,0.4938664734363556,0.17890390753746033,-0.5634570121765137,0.9999610185623169,0.6161828637123108,0.22940818965435028,-0.19341565668582916,0.9999887943267822,0.40999630093574524,0.2298612892627716,-0.2047656774520874,0.999846339225769,0.7591930627822876,0.19704994559288025,-0.2961808443069458,0.9930840730667114,0.2607285678386688,0.2021363377571106,-0.20971743762493134,0.9966099858283997,0.8900601863861084,0.15749597549438477,-0.716701090335846,0.9927569031715393,0.12654387950897217,0.15494245290756226,-0.47097307443618774,0.9910842180252075,0.9309384226799011,0.14817878603935242,-0.8101718425750732,0.9785560369491577,0.08353304862976074,0.1450774371623993,-0.5521150827407837,0.9702631235122681,0.9281781911849976,0.1426505744457245,-0.885100245475769,0.9814966917037964,0.0839751586318016,0.14028427004814148,-0.6157203912734985,0.9747246503829956,0.9162666201591492,0.14598140120506287,-0.7696179151535034,0.9840789437294006,0.09779494255781174,0.1449311375617981,-0.5147023797035217,0.9767580628395081,0.5724617838859558,0.45495864748954773,0.011400423012673855,0.9999589920043945,0.4393148422241211,0.4497162401676178,-0.011751128360629082,0.999909520149231,0.5729474425315857,0.618899405002594,-0.13014090061187744,0.9935657382011414,0.4442790746688843,0.6183239817619324,-0.16901648044586182,0.9966431856155396,0.6760616898536682,0.6852216124534607,0.8003143072128296,0.9754565358161926,0.3526521623134613,0.6811124682426453,0.6775768995285034,0.9828727841377258,0.6951727867126465,0.6806384325027466,0.8861038088798523,0.7555650472640991,0.3412722945213318,0.678244948387146,0.7589069604873657,0.8273212313652039,0.6729617118835449,0.7736572027206421,0.669236958026886,0.9688831567764282,0.32912030816078186,0.7717322111129761,0.56315016746521,0.9794158935546875
happy_v2_4.png,happy,0.5174986720085144,0.14523297548294067,-0.5757553577423096,0.9999603033065796,0.5315212607383728,0.12936416268348694,-0.5209726095199585,0.9998718500137329,0.5388154983520508,0.1295994520187378,-0.5210493206977844,0.9998773336410522,0.5474420785903931,0.1298905611038208,-0.5211666226387024,0.9998650550842285,0.49914735555648804,0.1296478807926178,-0.5279794931411743,0.9998113512992859,0.4861491322517395,0.13046619296073914,-0.5279801487922668,0.999808132648468,0.47441327571868896,0.1315370798110962,-0.5278512239456177,0.9997920393943787,0.5594610571861267,0.1380717158317566,-0.21782203018665314,0.9997686743736267,0.45789647102355957,0.14177080988883972,-0.24788816273212433,0.9997047781944275,0.5354815721511841,0.16472280025482178,-0.4635144770145416,0.9998788833618164,0.49331143498420715,0.16674599051475525,-0.4719480872154236,0.9998468160629272,0.6187576651573181,0.22087246179580688,-0.07065282762050629,0.9999226331710815,0.4006474018096924,0.2217698097229004,-0.10974712669849396,0.9992316961288452,0.763786792755127,0.18289723992347717,-0.22796767950057983,0.9863734245300293,0.24923062324523926,0.18762773275375366,-0.2305123656988144,0.9955137372016907,0.8925375938415527,0.13968482613563538,-0.7297609448432922,0.9883705377578735,0.1266651153564453,0.137172669172287,-0.659548282623291,0.9887303709983826,0.9346289038658142,0.12903109192848206,-0.8405302166938782,0.970758318901062,0.08434632420539856,0.12223738431930542,-0.7626733779907227,0.9655656218528748,0.9321058392524719,0.12296569347381592,-0.9160629510879517,0.9746856689453125,0.08740121126174927,0.11829769611358643,-0.8274515867233276,0.9697689414024353,0.9181774854660034,0.12683120369911194,-0.7854442000389099,0.9761177897453308,0.10259696841239929,0.1250075101852417,-0.707019031047821,0.9705392122268677,0.5767084360122681,0.45501279830932617,0.009382599964737892,0.9998502731323242,0.43903273344039917,0.4489968717098236,-0.009328719228506088,0.999554455280304,0.5846722722053528,0.6380327343940735,-0.12748904526233673,0.9952314496040344,0.4389922022819519,0.6308858394622803,-0.12274765968322754,0.9943673014640808,0.6003616452217102,0.8170601725578308,0.33284804224967957,0.9917548894882202,0.3370134234428406,0.7461545467376709,0.42527493834495544,0.9789430499076843,0.5884742736816406,0.8260736465454102,0.3592565357685089,0.8362061977386475,0.3242359757423401,0.7481647729873657,0.46418365836143494,0.769416093826294,0.5972645878791809,0.8962014317512512,-0.004419041331857443,0.9856022000312805,0.3195539116859436,0.8384189605712891,0.16866999864578247,0.9730982184410095
happy_v3_1.png,happy,0.508693277835846,0.15939271450042725,-0.3070099353790283,0.9998525381088257,0.526522159576416,0.13488423824310303,-0.25144606828689575,0.9998414516448975,0.5355753302574158,0.1336280107498169,-0.2515334188938141,0.9997939467430115,0.5432099103927612,0.13281017541885376,-0.25157326459884644,0.9998218417167664,0.49080386757850647,0.13897669315338135,-0.26961711049079895,0.999786913394928,0.47754931449890137,0.14004471898078918,-0.26961252093315125,0.9997592568397522,0.466094970703125,0.1411287486553192,-0.26964348554611206,0.9997932314872742,0.5566299557685852,0.14041757583618164,0.07686435431241989,0.9997000694274902,0.4519602060317993,0.15007004141807556,0.003757535945624113,0.9998012185096741,0.5305553078651428,0.17636984586715698,-0.1800425797700882,0.9998039603233337,0.4872935712337494,0.17888706922531128,-0.20161038637161255,0.9997212290763855,0.6276593804359436,0.2354358732700348,0.2586164176464081,0.9995403289794922,0.41903263330459595,0.24110279977321625,-0.019308455288410187,0.999541163444519,0.7324222326278687,0.3285149931907654,-0.18122941255569458,0.9353137016296387,0.5088127851486206,0.33375799655914307,-0.25692224502563477,0.9759804010391235,0.6588652729988098,0.24732878804206848,-0.7572652697563171,0.915314257144928,0.631716251373291,0.24098517000675201,-0.34610486030578613,0.955602765083313,0.6587405204772949,0.2215377688407898,-0.8763427734375,0.8257228136062622,0.6565582752227783,0.2160261869430542,-0.42320457100868225,0.8831580877304077,0.6495292782783508,0.2115030437707901,-0.8427810668945312,0.8192604184150696,0.6507207155227661,0.20428113639354706,-0.40648335218429565,0.8704622983932495,0.6419904828071594,0.22123964130878448,-0.763767421245575,0.785228967666626,0.641203761100769,0.21295760571956635,-0.34107333421707153,0.8202176690101624,0.6214175820350647,0.479543000459671,0.04441500082612038,0.9996695518493652,0.48150506615638733,0.48018336296081543,-0.04384852573275566,0.9996638298034668,0.5947195291519165,0.6828660368919373,0.04542384296655655,0.9806594252586365,0.410004198551178,0.6837928295135498,-0.1025371253490448,0.9922584891319275,0.5852921605110168,0.8674622774124146,0.4182310998439789,0.9838764071464539,0.325353741645813,0.8653011322021484,0.21657875180244446,0.9918100237846375,0.5576236248016357,0.8958961367607117,0.43720516562461853,0.8911784887313843,0.3391629457473755,0.8932533860206604,0.22755220532417297,0.835865318775177,0.619154691696167,0.9237486720085144,0.1032971665263176,0.9780096411705017,0.27463293075561523,0.9253236055374146,-0.14055414497852325,0.9845983982086182
happy_v3_2.png,happy,0.5043817758560181,0.15746751427650452,-0.2915458381175995,0.999913215637207,0.5202370285987854,0.135539710521698,-0.2304331660270691,0.9998620748519897,0.5292194485664368,0.1349239945411682,-0.23045183718204498,0.9997931122779846,0.5384597778320312,0.13436046242713928,-0.23041263222694397,0.9998069405555725,0.4854309558868408,0.13913345336914062,-0.23230862617492676,0.999897837638855,0.4725290536880493,0.14047035574913025,-0.23231880366802216,0.9998897314071655,0.460399866104126,0.1417337954044342,-0.23230567574501038,0.9999220371246338,0.558163046836853,0.14235755801200867,0.08631246536970139,0.9995643496513367,0.44910213351249695,0.14963290095329285,0.07554887235164642,0.9998598098754883,0.5283406376838684,0.17432895302772522,-0.17503997683525085,0.999767005443573,0.4853980839252472,0.1763041913509369,-0.17812345921993256,0.9998624324798584,0.6366126537322998,0.243822380900383,0.19781394302845,0.9992973804473877,0.41382408142089844,0.2549811601638794,0.15068329870700836,0.9997115731239319,0.7517366409301758,0.3155447244644165,-0.1877928376197815,0.9695528149604797,0.34373000264167786,0.3451731204986572,-0.21716026961803436,0.9855664968490601,0.5610033273696899,0.2993147671222687,-0.6411650776863098,0.9449248313903809,0.5092471241950989,0.3059135675430298,-0.6021245121955872,0.9686726331710815,0.5366982817649841,0.27030330896377563,-0.7488436102867126,0.8471483588218689,0.5321558117866516,0.27314066886901855,-0.7030454874038696,0.8982052206993103,0.532067060470581,0.2656627297401428,-0.7025001645088196,0.8343350291252136,0.5294263362884521,0.27000829577445984,-0.6579952836036682,0.8817674517631531,0.5383897423744202,0.2773779034614563,-0.633629322052002,0.7772529125213623,0.5263604521751404,0.2823774814605713,-0.5889570116996765,0.8315722942352295,0.6251847743988037,0.4809418320655823,0.012053612619638443,0.9996353387832642,0.4810512661933899,0.4819025993347168,-0.011864765547215939,0.9997252821922302,0.5965939164161682,0.6815470457077026,0.03172606974840164,0.9782450795173645,0.41125810146331787,0.681005597114563,-0.09404824674129486,0.9902200102806091,0.5870288014411926,0.8682647943496704,0.421986848115921,0.9779214262962341,0.3267998993396759,0.868807852268219,0.21138423681259155,0.9906173348426819,0.5596686601638794,0.8974931240081787,0.44183987379074097,0.8417105674743652,0.34007251262664795,0.8993359208106995,0.22105953097343445,0.8268322944641113,0.6231427788734436,0.9226557016372681,0.10173624008893967,0.9681395888328552,0.26347023248672485,0.9235731959342957,-0.14855505526065826,0.9801571369171143
happy_v3_3.png,happy,0.5071219801902771,0.15702718496322632,-0.3098384141921997,0.9999165534973145,0.523167073726654,0.1355353593826294,-0.24856869876384735,0.9998637437820435,0.5320940017700195,0.13507944345474243,-0.24857480823993683,0.9997938275337219,0.5421838164329529,0.13461819291114807,-0.24852357804775238,0.999805748462677,0.48840826749801636,0.13852837681770325,-0.25086042284965515,0.9999006986618042,0.4758279323577881,0.13942810893058777,-0.25086864829063416,0.9998944997787476,0.46335428953170776,0.14050540328025818,-0.2508538067340851,0.9999262094497681,0.5606914162635803,0.1427600085735321,0.06926561146974564,0.9995550513267517,0.44983816146850586,0.1484445035457611,0.05630754679441452,0.9998641014099121,0.5300828218460083,0.17496925592422485,-0.19299504160881042,0.9997852444648743,0.48746827244758606,0.17598867416381836,-0.1967608481645584,0.9998776912689209,0.6371147632598877,0.24483798444271088,0.17969097197055817,0.9992997646331787,0.41337597370147705,0.2551884949207306,0.13326357305049896,0.9997279047966003,0.7539332509040833,0.31522560119628906,-0.20868268609046936,0.9693098664283752,0.3422020971775055,0.34478116035461426,-0.23812724649906158,0.9873570203781128,0.5623325705528259,0.3002279996871948,-0.6678508520126343,0.9425767660140991,0.5109732151031494,0.3069898188114166,-0.6241011023521423,0.9707992076873779,0.5373789072036743,0.2710695266723633,-0.7759870290756226,0.8423373699188232,0.5343998670578003,0.2753056287765503,-0.725978672504425,0.9036452770233154,0.5328824520111084,0.26660436391830444,-0.7293984889984131,0.8288138508796692,0.5319771766662598,0.2722858786582947,-0.6788607835769653,0.8881884813308716,0.5395496487617493,0.2790735363960266,-0.6602413058280945,0.7713675498962402,0.5288547277450562,0.2848448157310486,-0.6099624037742615,0.8393031358718872,0.6239527463912964,0.4813656508922577,0.010524866171181202,0.9996451139450073,0.4810694456100464,0.4824906289577484,-0.010410403832793236,0.9997265934944153,0.5973889827728271,0.6812551021575928,0.03767429292201996,0.9810379147529602,0.4094143211841583,0.6816063523292542,-0.08490591496229172,0.9912050366401672,0.5885205864906311,0.8660071492195129,0.4622119963169098,0.9798092842102051,0.32794418931007385,0.8672924041748047,0.23928414285182953,0.9911854863166809,0.5600005984306335,0.8959822654724121,0.48600783944129944,0.8397605419158936,0.33975204825401306,0.8970709443092346,0.25141268968582153,0.8295894861221313,0.6251120567321777,0.924076497554779,0.14619693160057068,0.9706140756607056,0.2663247883319855,0.9250726103782654,-0.11856745183467865,0.9813390374183655
happy_v3_4.png,happy,0.5083122253417969,0.1598903238773346,-0.36197736859321594,0.999873161315918,0.5226139426231384,0.13753825426101685,-0.30287474393844604,0.9997876286506653,0.5311129093170166,0.13655677437782288,-0.30289316177368164,0.9996930360794067,0.5407482385635376,0.1356382668018341,-0.3028540015220642,0.999710738658905,0.4894108474254608,0.14180487394332886,-0.3032322824001312,0.9998326301574707,0.47746795415878296,0.14305445551872253,-0.30324214696884155,0.9998263716697693,0.4655809998512268,0.1445232331752777,-0.30324727296829224,0.9998775720596313,0.5588898658752441,0.1427488923072815,0.016158834099769592,0.9994125366210938,0.4508703947067261,0.15267404913902283,0.01359797827899456,0.9997738003730774,0.5310194492340088,0.1781730353832245,-0.24375902116298676,0.9997219443321228,0.49010494351387024,0.17952606081962585,-0.24458687007427216,0.9998223185539246,0.6374592185020447,0.24226905405521393,0.14155805110931396,0.9991996884346008,0.41618597507476807,0.255249559879303,0.10239588469266891,0.9995726943016052,0.7672491073608398,0.3067600131034851,-0.23785021901130676,0.9694917798042297,0.34686434268951416,0.3438907563686371,-0.26703783869743347,0.9857584238052368,0.5713527202606201,0.3011014461517334,-0.6902549862861633,0.9324204325675964,0.5192265510559082,0.311764657497406,-0.6636642217636108,0.9643734097480774,0.5475114583969116,0.2721450924873352,-0.7972268462181091,0.8161538243293762,0.5428152680397034,0.276913046836853,-0.7667145133018494,0.8868146538734436,0.5439211130142212,0.2681420147418976,-0.7498101592063904,0.7997463345527649,0.5394284129142761,0.274788498878479,-0.7206342220306396,0.8693265914916992,0.5490767359733582,0.279106467962265,-0.6819440126419067,0.7372801899909973,0.5355657935142517,0.2870032787322998,-0.6504638195037842,0.8161171078681946,0.6228093504905701,0.48033708333969116,0.0027231744024902582,0.9994878768920898,0.4820665121078491,0.48080381751060486,-0.0025701718404889107,0.9995412826538086,0.5966397523880005,0.6830134391784668,0.010274643078446388,0.9830321073532104,0.4095405638217926,0.6803245544433594,-0.0751982182264328,0.991853654384613,0.5875760912895203,0.8648661375045776,0.44054895639419556,0.9812896847724915,0.3274228274822235,0.8647998571395874,0.25902900099754333,0.9914934635162354,0.5606192946434021,0.8913288116455078,0.46430477499961853,0.8339422345161438,0.33931148052215576,0.8948431015014648,0.2722724676132202,0.8391246795654297,0.6191850900650024,0.9220082759857178,0.11505422741174698,0.972396969795227,0.272005170583725,0.9266946315765381,-0.10250285267829895,0.982108473777771
happy_v4_1.png,happy,0.5267620086669922,0.15883895754814148,-0.6438819169998169,0.9999959468841553,0.5450206398963928,0.13996484875679016,-0.5811840295791626,0.9999945163726807,0.5557806491851807,0.13981428742408752,-0.5810698866844177,0.9999908208847046,0.5657553672790527,0.13993191719055176,-0.5812353491783142,0.9999932050704956,0.5105987191200256,0.1408115029335022,-0.5876524448394775,0.9999918937683105,0.49679824709892273,0.14135760068893433,-0.5877953767776489,0.9999890327453613,0.48374325037002563,0.14205291867256165,-0.5874847769737244,0.9999887943267822,0.579829752445221,0.14854878187179565,-0.22666394710540771,0.9999885559082031,0.46567419171333313,0.15109795331954956,-0.26356881856918335,0.9999696016311646,0.5461066961288452,0.18175390362739563,-0.5134567618370056,0.9999874830245972,0.5035416483879089,0.18063509464263916,-0.5245658159255981,0.9999678134918213,0.6340382695198059,0.2521625757217407,0.029578933492302895,0.999875545501709,0.4211060106754303,0.23876173794269562,-0.06588561087846756,0.999270498752594,0.7501598596572876,0.32539600133895874,0.37795358896255493,0.9861785173416138,0.31740760803222656,0.18700546026229858,-0.28406423330307007,0.9871036410331726,0.6771793961524963,0.40392938256263733,0.5792787671089172,0.984149158000946,0.23672305047512054,0.1190699115395546,-0.7142319679260254,0.9652283787727356,0.6556780934333801,0.42130985856056213,0.6075543165206909,0.9481679797172546,0.21223002672195435,0.0993175208568573,-0.8047727346420288,0.9037641882896423,0.6404533982276917,0.40839797258377075,0.5319347977638245,0.9511747360229492,0.21975593268871307,0.09556680917739868,-0.8159148097038269,0.9004323482513428,0.6435444355010986,0.40252798795700073,0.5615233778953552,0.9313288927078247,0.22942835092544556,0.10291040688753128,-0.7393841743469238,0.8949753046035767,0.6235087513923645,0.4838651716709137,0.03034585528075695,0.9996150732040405,0.484437495470047,0.4853399693965912,-0.030556142330169678,0.9996601343154907,0.5969908237457275,0.6811032295227051,-0.011967755854129791,0.9875180125236511,0.4082551598548889,0.6791115999221802,-0.17658594250679016,0.987235963344574,0.5850047469139099,0.8720284700393677,0.27642056345939636,0.9860621094703674,0.32763364911079407,0.867199182510376,0.06756503134965897,0.9922777414321899,0.5642722249031067,0.8989526033401489,0.28558671474456787,0.9026635885238647,0.3413863778114319,0.8953800201416016,0.07030855864286423,0.878678560256958,0.6277236938476562,0.9244474768638611,-0.029332781210541725,0.9780469536781311,0.27420130372047424,0.9294188022613525,-0.2821328043937683,0.9871269464492798
happy_v4_2.png,happy,0.5012378692626953,0.14147093892097473,-0.5723517537117004,0.9999867677688599,0.518849790096283,0.12162807583808899,-0.5080134868621826,0.99997878074646,0.5273624658584595,0.12161344289779663,-0.5079985857009888,0.9999717473983765,0.535346269607544,0.12157651782035828,-0.5080556273460388,0.9999732971191406,0.4839317500591278,0.1221550703048706,-0.5191113352775574,0.9999727010726929,0.47038912773132324,0.12203413248062134,-0.5192384719848633,0.9999707937240601,0.45829254388809204,0.12192908674478531,-0.5191752314567566,0.9999653100967407,0.5476523637771606,0.1290496289730072,-0.13171452283859253,0.9999701976776123,0.4433683753013611,0.12996116280555725,-0.18258674442768097,0.9999178647994995,0.5214530229568481,0.16008523106575012,-0.4310554265975952,0.9999831914901733,0.47615694999694824,0.1600104570388794,-0.4467600882053375,0.999954342842102,0.6154679656028748,0.23795944452285767,0.12572281062602997,0.999943733215332,0.3896481394767761,0.2205815613269806,-0.11173942685127258,0.9993593096733093,0.7384044528007507,0.33125361800193787,0.17730049788951874,0.9900442361831665,0.3196970820426941,0.21480493247509003,-0.6746379733085632,0.985526442527771,0.6441590785980225,0.40382614731788635,-0.005100917536765337,0.9928841590881348,0.262270987033844,0.14929106831550598,-1.5124669075012207,0.9936087131500244,0.6127676963806152,0.42170074582099915,-0.0444328598678112,0.976097583770752,0.23471865057945251,0.12398912757635117,-1.6837737560272217,0.987103283405304,0.5965480208396912,0.40810003876686096,-0.09840258210897446,0.9772344827651978,0.24814042448997498,0.11374712735414505,-1.6834461688995361,0.9870522618293762,0.6021738052368164,0.4015938937664032,-0.02435324154794216,0.9654427170753479,0.2626747488975525,0.12568902969360352,-1.5366920232772827,0.9810721278190613,0.5700016617774963,0.47762611508369446,0.06789414584636688,0.9997022747993469,0.4217453598976135,0.477605938911438,-0.0682978555560112,0.9996614456176758,0.5847574472427368,0.6701642274856567,-0.00881151482462883,0.9934861063957214,0.40539801120758057,0.6763370633125305,-0.1428608000278473,0.9875055551528931,0.6034655570983887,0.8630176186561584,0.37726008892059326,0.9911477565765381,0.38856208324432373,0.8667529821395874,0.18748319149017334,0.9918197393417358,0.5839026570320129,0.8857253789901733,0.39384976029396057,0.8787125945091248,0.4025370180606842,0.8899459838867188,0.19754359126091003,0.8419325351715088,0.6167453527450562,0.9334606528282166,0.019105125218629837,0.9847806692123413,0.3634676933288574,0.9307437539100647,-0.1977238655090332,0.986922025680542
happy_v4_3.png,happy,0.5050598978996277,0.14207002520561218,-0.5376985669136047,0.9999791383743286,0.5202540159225464,0.1220996081829071,-0.4748258888721466,0.9999678134918213,0.5287930965423584,0.12179910391569138,-0.47481444478034973,0.9999576807022095,0.5377330183982849,0.12148356437683105,-0.47486600279808044,0.9999607801437378,0.48576587438583374,0.12318107485771179,-0.4847409427165985,0.9999570846557617,0.4730033576488495,0.12334313988685608,-0.4848656952381134,0.9999551773071289,0.4603337347507477,0.12350242584943771,-0.48481684923171997,0.9999487400054932,0.5502814054489136,0.1288297474384308,-0.11285887658596039,0.9999557733535767,0.44343823194503784,0.13149353861808777,-0.15726615488529205,0.9998915195465088,0.5255739688873291,0.16090533137321472,-0.4022181034088135,0.9999758005142212,0.4816783368587494,0.16137897968292236,-0.4160420596599579,0.9999377727508545,0.6195635199546814,0.23942925035953522,0.12645593285560608,0.9999394416809082,0.3881070017814636,0.2212904393672943,-0.10474836826324463,0.9993901252746582,0.7401162981987,0.3323778510093689,0.17298465967178345,0.9881286025047302,0.3083127439022064,0.21051117777824402,-0.6581063270568848,0.9920147657394409,0.6424309015274048,0.4060686230659485,-0.005819240584969521,0.9915977716445923,0.25546911358833313,0.13021185994148254,-1.438760757446289,0.9946709275245667,0.6114553213119507,0.42352980375289917,-0.04402746632695198,0.9729913473129272,0.2295176386833191,0.10353893786668777,-1.604485273361206,0.9870941042900085,0.5948044061660767,0.4092825949192047,-0.09630328416824341,0.9743122458457947,0.24855835735797882,0.0910540521144867,-1.5996261835098267,0.9868626594543457,0.6001143455505371,0.40283140540122986,-0.024808097630739212,0.9606737494468689,0.26322126388549805,0.10254383087158203,-1.4604113101959229,0.9813711047172546,0.5705922245979309,0.477344810962677,0.06226478889584541,0.9997147917747498,0.42227357625961304,0.47845226526260376,-0.0626223161816597,0.9996790885925293,0.5856873989105225,0.6697722673416138,-0.008992521092295647,0.9924571514129639,0.405288964509964,0.6765214204788208,-0.13322685658931732,0.9846227765083313,0.6031668186187744,0.8664178252220154,0.3342599868774414,0.9902410507202148,0.3895391523838043,0.8667247891426086,0.17245663702487946,0.9882177710533142,0.5855717062950134,0.8887295126914978,0.3465249240398407,0.8635334968566895,0.4036392569541931,0.8904905915260315,0.18050310015678406,0.8090143203735352,0.6144921779632568,0.9336904287338257,-0.03624577447772026,0.982671320438385,0.364890456199646,0.9318923950195312,-0.21353232860565186,0.9824045300483704
happy_v4_4.png,happy,0.5062500834465027,0.14291158318519592,-0.5996314287185669,0.9999879598617554,0.5216735005378723,0.12295524030923843,-0.5340195298194885,0.9999803304672241,0.5299900770187378,0.12285232543945312,-0.5340149402618408,0.9999736547470093,0.5389955639839172,0.12281104922294617,-0.5340611934661865,0.9999741315841675,0.4881962537765503,0.12355902045965195,-0.5429149270057678,0.9999736547470093,0.475524365901947,0.1236153244972229,-0.5430253744125366,0.9999713897705078,0.46283745765686035,0.1235605999827385,-0.5429430603981018,0.9999661445617676,0.5507086515426636,0.1302746832370758,-0.15682074427604675,0.9999709129333496,0.44434642791748047,0.13089460134506226,-0.19652780890464783,0.9999222755432129,0.5252589583396912,0.16190248727798462,-0.4584631025791168,0.9999843835830688,0.4825406074523926,0.16143682599067688,-0.47079798579216003,0.9999592304229736,0.6177114248275757,0.23863725364208221,0.09381981194019318,0.9999499320983887,0.38897964358329773,0.22006069123744965,-0.11083820462226868,0.9993382096290588,0.7392614483833313,0.33160287141799927,0.1315455585718155,0.9908626079559326,0.315946489572525,0.2137279212474823,-0.6328791379928589,0.9909036755561829,0.6444566249847412,0.4040927290916443,-0.08136224001646042,0.9937244057655334,0.2600937485694885,0.13494640588760376,-1.4265495538711548,0.995462954044342,0.613776683807373,0.42128729820251465,-0.13049918413162231,0.9785617589950562,0.22808337211608887,0.10536179691553116,-1.5941680669784546,0.9896503686904907,0.5979307889938354,0.4075988531112671,-0.18521584570407867,0.9795630574226379,0.2458004504442215,0.09314021468162537,-1.5959886312484741,0.9894948601722717,0.6028959155082703,0.40103083848953247,-0.10249431431293488,0.9690672159194946,0.2629474997520447,0.10480943322181702,-1.450858473777771,0.9847174286842346,0.5699858665466309,0.4765026271343231,0.059656836092472076,0.999728262424469,0.4219757616519928,0.4769928753376007,-0.06004668027162552,0.9996657371520996,0.5862780809402466,0.6719788908958435,-0.017324989661574364,0.9942594766616821,0.4064813256263733,0.6771265864372253,-0.13110122084617615,0.988326370716095,0.6004481911659241,0.8645175695419312,0.37086036801338196,0.9921801090240479,0.389199435710907,0.8664770126342773,0.2028675079345703,0.9908656477928162,0.5822218656539917,0.8861995935440063,0.3875263035297394,0.8812252879142761,0.40294915437698364,0.888626754283905,0.21355824172496796,0.829068124294281,0.6186401844024658,0.9331426620483398,0.007973935455083847,0.9858951568603516,0.36698228120803833,0.9318027496337891,-0.1821320354938507,0.9858862161636353
happy_v5_1.png,happy,0.5167326927185059,0.1986895501613617,-0.8083128333091736,0.9999982118606567,0.5304957628250122,0.18195673823356628,-0.7619152665138245,0.999995231628418,0.5382627248764038,0.18186351656913757,-0.7618923783302307,0.9999940395355225,0.5471540093421936,0.18153417110443115,-0.7619156241416931,0.9999940395355225,0.49782657623291016,0.18336451053619385,-0.7682535648345947,0.9999960660934448,0.48567572236061096,0.1843053698539734,-0.7682908773422241,0.9999958276748657,0.4738371968269348,0.18568068742752075,-0.7681751251220703,0.9999964237213135,0.5556826591491699,0.1888066828250885,-0.4497867226600647,0.9999904632568359,0.45751965045928955,0.19417691230773926,-0.4815559685230255,0.9999945163726807,0.532674252986908,0.2174185812473297,-0.6873411536216736,0.9999978542327881,0.4928086996078491,0.21746321022510529,-0.6969090700149536,0.9999984502792358,0.6117047071456909,0.2912215292453766,-0.20350274443626404,0.9999847412109375,0.3936777710914612,0.28786134719848633,-0.19753995537757874,0.9999332427978516,0.7328287959098816,0.3750390410423279,-0.04302524775266647,0.996996283531189,0.27333158254623413,0.37851887941360474,-0.06358318775892258,0.9885538816452026,0.6422574520111084,0.44533687829971313,-0.2538486123085022,0.9817286133766174,0.36395910382270813,0.4436737298965454,-0.282968670129776,0.9613634943962097,0.6132274270057678,0.46018746495246887,-0.324593186378479,0.9383695125579834,0.3890589475631714,0.46040990948677063,-0.351690411567688,0.905142068862915,0.5984205603599548,0.4473132789134979,-0.3632504642009735,0.9379202723503113,0.40565183758735657,0.44688573479652405,-0.38937902450561523,0.904308021068573,0.6040698885917664,0.4410472810268402,-0.2678864300251007,0.9144918322563171,0.4014551341533661,0.44032612442970276,-0.295846164226532,0.8715196847915649,0.5699434876441956,0.5151351094245911,-0.01916373521089554,0.9994311928749084,0.4358161985874176,0.5112032294273376,0.01892411895096302,0.9992326498031616,0.5799909234046936,0.6923287510871887,-0.05077832192182541,0.9932824373245239,0.4231431484222412,0.6949729323387146,-0.03721097856760025,0.9909762740135193,0.600246787071228,0.8684711456298828,0.2824593484401703,0.9949511289596558,0.4030509293079376,0.8723347187042236,0.28783684968948364,0.9937751293182373,0.5890269875526428,0.8900852203369141,0.2953678369522095,0.8932952880859375,0.4168647825717926,0.8947098851203918,0.302448034286499,0.9034031629562378,0.6100373268127441,0.932171106338501,-0.04420186206698418,0.9902601838111877,0.3733702301979065,0.9301356077194214,-0.024807123467326164,0.988695502281189
happy_v5_2.png,happy,0.5029939413070679,0.1917954385280609,-0.8376412987709045,0.9999955892562866,0.5221797823905945,0.1762751340866089,-0.792285680770874,0.9999889135360718,0.5317837595939636,0.17622816562652588,-0.7921887636184692,0.9999872446060181,0.5399652123451233,0.17655128240585327,-0.7921958565711975,0.9999872446060181,0.4894663691520691,0.1770886778831482,-0.7982049584388733,0.9999910593032837,0.47713497281074524,0.17773759365081787,-0.7982873320579529,0.9999909400939941,0.46672382950782776,0.17830392718315125,-0.7981380820274353,0.999991774559021,0.554090678691864,0.18607383966445923,-0.49523240327835083,0.99997878074646,0.45483872294425964,0.18760371208190918,-0.525094747543335,0.9999860525131226,0.524034321308136,0.21062473952770233,-0.723976731300354,0.9999933242797852,0.4800378978252411,0.2102513164281845,-0.7330635786056519,0.9999943971633911,0.6129397749900818,0.2950327396392822,-0.2615947425365448,0.999955415725708,0.3910035490989685,0.2948763966560364,-0.2626858651638031,0.9998461008071899,0.7458571195602417,0.3732730746269226,-0.10342907160520554,0.993454098701477,0.2632893919944763,0.3770124316215515,-0.09792128205299377,0.9671236276626587,0.6307742595672607,0.4447084665298462,-0.21001701056957245,0.931678295135498,0.37612026929855347,0.44838184118270874,-0.17216072976589203,0.8094038367271423,0.5999220609664917,0.460942804813385,-0.25734052062034607,0.7945809960365295,0.4011441171169281,0.46082109212875366,-0.21460330486297607,0.6511437296867371,0.5879793167114258,0.45265331864356995,-0.27884870767593384,0.7894995808601379,0.4138445258140564,0.45191389322280884,-0.23926079273223877,0.6429648399353027,0.5949957370758057,0.44732850790023804,-0.21452897787094116,0.7383507490158081,0.4080139100551605,0.4470377564430237,-0.17687253654003143,0.5878171324729919,0.5729565620422363,0.5167868733406067,-0.011217951774597168,0.9993492960929871,0.4374409317970276,0.5146142244338989,0.010919961147010326,0.9991350769996643,0.6081585884094238,0.6959474682807922,-0.017316125333309174,0.993317723274231,0.41304445266723633,0.6981716156005859,-0.004887112416327,0.9925582408905029,0.6580787301063538,0.8736441731452942,0.24230265617370605,0.9962999224662781,0.37553954124450684,0.8745990991592407,0.26812615990638733,0.9954935312271118,0.6460297107696533,0.8966131806373596,0.24806839227676392,0.9048433303833008,0.3851359188556671,0.9004435539245605,0.276803582906723,0.9008950591087341,0.6773965358734131,0.9303160905838013,-0.09623584896326065,0.9924577474594116,0.3464033603668213,0.9294739961624146,-0.050018008798360825,0.9907269477844238
happy_v5_3.png,happy,0.5037264823913574,0.1894409954547882,-0.8379526138305664,0.9999979734420776,0.5215085744857788,0.17380529642105103,-0.7890777587890625,0.9999943971633911,0.5306211113929749,0.17373916506767273,-0.7889769673347473,0.999993085861206,0.5381699800491333,0.1740296185016632,-0.7889496684074402,0.9999932050704956,0.49009037017822266,0.17516359686851501,-0.7951642870903015,0.9999958276748657,0.47848761081695557,0.17595088481903076,-0.795224666595459,0.9999958276748657,0.46820560097694397,0.1766791045665741,-0.7950572967529297,0.9999963045120239,0.5529565215110779,0.18436935544013977,-0.4840310215950012,0.9999865293502808,0.4561883509159088,0.18599194288253784,-0.5157936215400696,0.9999934434890747,0.5242348909378052,0.20816075801849365,-0.7226510643959045,0.9999969005584717,0.48159879446029663,0.20795004069805145,-0.7321208715438843,0.9999977350234985,0.615728497505188,0.2916557192802429,-0.25354474782943726,0.9999767541885376,0.38822078704833984,0.2910732626914978,-0.2462024688720703,0.9999244213104248,0.751396119594574,0.37084755301475525,-0.12564969062805176,0.9975862503051758,0.2584797143936157,0.3761262893676758,-0.09596341103315353,0.9866905212402344,0.6406233310699463,0.4405442178249359,-0.31548166275024414,0.978486955165863,0.36845165491104126,0.44169881939888,-0.22950829565525055,0.9422887563705444,0.6105523109436035,0.45512592792510986,-0.38183116912841797,0.9151450991630554,0.39362260699272156,0.4565751254558563,-0.2850925028324127,0.8577587008476257,0.5943240523338318,0.441868394613266,-0.39972984790802,0.9126816987991333,0.4129784107208252,0.44333165884017944,-0.3086187243461609,0.8533869981765747,0.6008164882659912,0.43582573533058167,-0.320162832736969,0.8803943991661072,0.40910202264785767,0.43710410594940186,-0.23443466424942017,0.8114492893218994,0.5704599618911743,0.5171842575073242,-0.015140140429139137,0.9994531273841858,0.43603020906448364,0.5125111937522888,0.014702853746712208,0.9993487000465393,0.6071030497550964,0.6940083503723145,0.0027226689271628857,0.9941304326057434,0.4117853343486786,0.6980042457580566,0.010086927562952042,0.9927212595939636,0.6568283438682556,0.8717479705810547,0.2833631634712219,0.9965395927429199,0.37490612268447876,0.8731838464736938,0.3135576844215393,0.9955831170082092,0.6454125046730042,0.8934380412101746,0.29146096110343933,0.9169564247131348,0.38718438148498535,0.8952575922012329,0.32545244693756104,0.9088094234466553,0.6771000623703003,0.932377278804779,-0.04779132083058357,0.9929735660552979,0.346823513507843,0.9315176606178284,0.0014557765098288655,0.9912080764770508
happy_v5_4.png,happy,0.4995114505290985,0.1358119547367096,-0.9133340716362,0.9999982118606567,0.5196212530136108,0.11814204603433609,-0.8644213676452637,0.9999949932098389,0.5305062532424927,0.11773192882537842,-0.8643475770950317,0.999994158744812,0.5376848578453064,0.11778512597084045,-0.8643603324890137,0.9999940395355225,0.4828319847583771,0.12034472823143005,-0.8681030869483948,0.9999960660934448,0.47022852301597595,0.12162673473358154,-0.8681742548942566,0.9999959468841553,0.4600825607776642,0.12249532341957092,-0.8680262565612793,0.9999963045120239,0.5515124797821045,0.127115398645401,-0.5374159216880798,0.9999904632568359,0.44798627495765686,0.1326146125793457,-0.5567580461502075,0.9999939203262329,0.5214741230010986,0.15519028902053833,-0.7873259782791138,0.9999974966049194,0.47467929124832153,0.15636727213859558,-0.7933120727539062,0.9999979734420776,0.6192965507507324,0.24092841148376465,-0.2766934335231781,0.9999815225601196,0.37889665365219116,0.2382468283176422,-0.2584989070892334,0.9999334812164307,0.7537782192230225,0.33160829544067383,-0.1172502189874649,0.9975016713142395,0.2404414564371109,0.333167165517807,-0.11435236036777496,0.9881276488304138,0.64527827501297,0.4093171954154968,-0.3163262903690338,0.9776538014411926,0.3478240668773651,0.4086762070655823,-0.320319801568985,0.9537461996078491,0.6127946972846985,0.42366573214530945,-0.3869662880897522,0.9181579947471619,0.37500718235969543,0.420247346162796,-0.38738080859184265,0.8858568072319031,0.5984230637550354,0.40971839427948,-0.41703280806541443,0.917323112487793,0.39274561405181885,0.4069879651069641,-0.4199470579624176,0.8838170170783997,0.6048082709312439,0.40278369188308716,-0.3252798318862915,0.8878064751625061,0.38729116320610046,0.40132761001586914,-0.33011066913604736,0.8425206542015076,0.5687151551246643,0.48027631640434265,-0.022238392382860184,0.9994122982025146,0.42051708698272705,0.4741641581058502,0.021856285631656647,0.9992358684539795,0.586093008518219,0.6711454391479492,-0.09237867593765259,0.9914759397506714,0.40763363242149353,0.6724188327789307,-0.04243708774447441,0.9887583255767822,0.6015084385871887,0.8650730848312378,0.19545429944992065,0.9953011274337769,0.3877826929092407,0.8658726215362549,0.2621205747127533,0.9927732348442078,0.582952618598938,0.8918820023536682,0.2029004842042923,0.9099693298339844,0.4015926718711853,0.8914403915405273,0.27297937870025635,0.8926144242286682,0.6139291524887085,0.9307389259338379,-0.16551530361175537,0.99136883020401,0.3603842258453369,0.9284688234329224,-0.07223211973905563,0.9868500232696533
happy_v6_1.png,happy,0.5091866850852966,0.147721529006958,-0.6742265820503235,0.9999637603759766,0.5283418893814087,0.12745997309684753,-0.628978967666626,0.9999358654022217,0.5392624139785767,0.1257331669330597,-0.629072904586792,0.9999362230300903,0.5469782948493958,0.12431412935256958,-0.6291255354881287,0.9999139308929443,0.4924392104148865,0.13173994421958923,-0.6173156499862671,0.9999431371688843,0.4797442555427551,0.13278424739837646,-0.6173136830329895,0.9999421834945679,0.4691777229309082,0.13402068614959717,-0.6173009276390076,0.9999406337738037,0.565226674079895,0.13020864129066467,-0.31491801142692566,0.9999085664749146,0.45910391211509705,0.14118415117263794,-0.25856897234916687,0.9998862743377686,0.5334269404411316,0.16509473323822021,-0.5515804886817932,0.9999039173126221,0.4890316128730774,0.16757428646087646,-0.536684513092041,0.9999160766601562,0.6292157173156738,0.23593269288539886,-0.17577947676181793,0.9997219443321228,0.408943772315979,0.24115711450576782,0.006803019437938929,0.9994159936904907,0.7001065015792847,0.3619014024734497,-0.47806698083877563,0.9869979619979858,0.3233601450920105,0.3597923517227173,-0.27867743372917175,0.9568126201629639,0.5376771688461304,0.3043642044067383,-0.9195719361305237,0.9528076648712158,0.48403504490852356,0.30357569456100464,-0.826282262802124,0.9510330557823181,0.5140883326530457,0.2718621492385864,-1.027756690979004,0.8815129995346069,0.5066676139831543,0.2712668180465698,-0.9369242787361145,0.8765494227409363,0.5140458941459656,0.26311057806015015,-0.994312047958374,0.8695232272148132,0.5049592852592468,0.2655372619628906,-0.9097965359687805,0.8581978678703308,0.5197076201438904,0.2731301784515381,-0.9133504033088684,0.8085483312606812,0.5013522505760193,0.2762467861175537,-0.8253558278083801,0.8067784309387207,0.5821897387504578,0.48077985644340515,-0.12217818945646286,0.998935878276825,0.4418170750141144,0.4793837368488312,0.12227209657430649,0.9983717799186707,0.589631199836731,0.6748154759407043,-0.16438579559326172,0.992746889591217,0.439167320728302,0.6731677055358887,0.09960000216960907,0.969658613204956,0.6150931119918823,0.8736072778701782,0.08917036652565002,0.9926360249519348,0.42833763360977173,0.8568176031112671,0.3803463280200958,0.9812156558036804,0.6269513368606567,0.9050342440605164,0.0918392688035965,0.8811796307563782,0.4471379816532135,0.8857113718986511,0.3890942633152008,0.9015950560569763,0.5487781763076782,0.9304787516593933,-0.29036465287208557,0.9875822067260742,0.33733639121055603,0.9113789796829224,0.053371720016002655,0.9743008017539978
happy_v6_2.png,happy,0.5107277035713196,0.1519225537776947,-0.7035683989524841,0.9999797344207764,0.5303351283073425,0.1315743327140808,-0.6614495515823364,0.9999655485153198,0.5412059426307678,0.12991943955421448,-0.6615954041481018,0.9999673366546631,0.5489383935928345,0.12859392166137695,-0.6616727709770203,0.9999556541442871,0.4935253858566284,0.13536804914474487,-0.6510543823242188,0.9999618530273438,0.4810826778411865,0.13595053553581238,-0.6510219573974609,0.999958872795105,0.4709208607673645,0.13686338067054749,-0.6510061025619507,0.9999532699584961,0.5659158825874329,0.1348726749420166,-0.35029494762420654,0.9999568462371826,0.45980554819107056,0.14418092370033264,-0.30020731687545776,0.9999092817306519,0.5320614576339722,0.16960549354553223,-0.5810520648956299,0.9999492168426514,0.48983997106552124,0.17069175839424133,-0.5678985714912415,0.9999454021453857,0.625261127948761,0.242675319314003,-0.203812375664711,0.9998325109481812,0.4087284803390503,0.2453545182943344,-0.012413221411406994,0.9993427395820618,0.6539161205291748,0.37958258390426636,-0.4538918733596802,0.9802162051200867,0.34444713592529297,0.3703356981277466,-0.26161661744117737,0.8885841965675354,0.5174269676208496,0.31562340259552,-0.9061186909675598,0.959316611289978,0.4665902256965637,0.3172222375869751,-0.8450984954833984,0.9073230624198914,0.5001925230026245,0.2809014916419983,-1.0158741474151611,0.9102464914321899,0.4862494468688965,0.2836655378341675,-0.9590510129928589,0.8206069469451904,0.5045943856239319,0.27076345682144165,-1.0040967464447021,0.9048754572868347,0.48466813564300537,0.2741106152534485,-0.9494931101799011,0.8019681572914124,0.5092267394065857,0.27907827496528625,-0.9087640047073364,0.8543481826782227,0.48137685656547546,0.2831314206123352,-0.8534647226333618,0.7437788844108582,0.5744049549102783,0.48265019059181213,-0.11143159866333008,0.9988085031509399,0.4418230950832367,0.48214253783226013,0.11154603213071823,0.9982022047042847,0.5915737748146057,0.674135148525238,-0.11115124821662903,0.9935945868492126,0.44014081358909607,0.676470935344696,0.14012762904167175,0.9762157201766968,0.6100348234176636,0.8693106770515442,0.1683582216501236,0.9935078620910645,0.42903631925582886,0.8585242033004761,0.4550270438194275,0.9850127696990967,0.624313473701477,0.9013400673866272,0.1721736341714859,0.865928590297699,0.44932496547698975,0.8871870636940002,0.4663967490196228,0.9116793870925903,0.5499638915061951,0.931991696357727,-0.2209276556968689,0.9891391396522522,0.33106112480163574,0.912109375,0.1324489563703537,0.9793830513954163
happy_v6_3.png,happy,0.48973971605300903,0.15170502662658691,-0.7021677494049072,0.9999780654907227,0.5103811621665955,0.1311798095703125,-0.6671642065048218,0.99996018409729,0.5242189764976501,0.12939518690109253,-0.6673344373703003,0.9999629259109497,0.5344783067703247,0.12807109951972961,-0.6673969626426697,0.9999457597732544,0.47435450553894043,0.13441351056098938,-0.650373637676239,0.9999616146087646,0.46477121114730835,0.1354336142539978,-0.6503679752349854,0.9999562501907349,0.45665818452835083,0.1363748013973236,-0.6503740549087524,0.999946117401123,0.5559502840042114,0.13603654503822327,-0.37071770429611206,0.9999569654464722,0.45066753029823303,0.14455536007881165,-0.29146403074264526,0.9998929500579834,0.5161494016647339,0.16933998465538025,-0.5833589434623718,0.999945878982544,0.4718005657196045,0.17062833905220032,-0.5617967247962952,0.9999358654022217,0.6140163540840149,0.24069298803806305,-0.24446022510528564,0.9997715353965759,0.40843868255615234,0.24570481479167938,0.02329043671488762,0.9995219707489014,0.6100292205810547,0.38259926438331604,-0.4490448534488678,0.9663565754890442,0.35491713881492615,0.3815215528011322,-0.1802203208208084,0.8094584345817566,0.4693131744861603,0.3202627897262573,-0.8517497777938843,0.9160321354866028,0.4046156406402588,0.3278086483478546,-0.7947394847869873,0.8544664978981018,0.443123996257782,0.29220062494277954,-0.957854688167572,0.8630580902099609,0.41336295008659363,0.30483049154281616,-0.9114844799041748,0.7819381952285767,0.44973650574684143,0.27938008308410645,-0.9640944004058838,0.8595544695854187,0.41264164447784424,0.29356324672698975,-0.923279345035553,0.7694873809814453,0.4560854732990265,0.28540393710136414,-0.859639048576355,0.7975612282752991,0.4139827489852905,0.29893195629119873,-0.8146815299987793,0.7168273329734802,0.569757878780365,0.4854094684123993,-0.12093032151460648,0.9989404082298279,0.43411678075790405,0.48445120453834534,0.12115911394357681,0.99854975938797,0.5953971147537231,0.6770915389060974,-0.17330874502658844,0.9941976070404053,0.4377322793006897,0.6722525358200073,0.20586219429969788,0.9777658581733704,0.6070871949195862,0.8687325119972229,0.057107992470264435,0.9935639500617981,0.4299846887588501,0.8602293729782104,0.5385839343070984,0.9859673380851746,0.622286856174469,0.9017111659049988,0.055647112429142,0.8878667950630188,0.44925057888031006,0.8912994861602783,0.5507420897483826,0.9254212975502014,0.5482881665229797,0.9325358867645264,-0.33669254183769226,0.9900984168052673,0.33401763439178467,0.9123043417930603,0.2298542857170105,0.9801592826843262
happy_v6_4.png,happy,0.5058924555778503,0.14942070841789246,-0.7364537715911865,0.9999628067016602,0.5248427391052246,0.12911191582679749,-0.6914061307907104,0.9999405145645142,0.5328934788703918,0.12914574146270752,-0.6915483474731445,0.9999344348907471,0.5420809388160706,0.12929648160934448,-0.6916161179542542,0.9999250173568726,0.48994818329811096,0.13050484657287598,-0.6919481158256531,0.9999229907989502,0.477289080619812,0.1309325397014618,-0.691939651966095,0.9999120235443115,0.46476107835769653,0.1314953863620758,-0.6919311881065369,0.9999145269393921,0.557349443435669,0.13774141669273376,-0.35351720452308655,0.9999067783355713,0.4490923583507538,0.1388683319091797,-0.35316482186317444,0.9998483657836914,0.5241236686706543,0.16967353224754333,-0.6034373641014099,0.9999473094940186,0.4817695915699005,0.1697099804878235,-0.6041774153709412,0.9999449253082275,0.6180578470230103,0.24193918704986572,-0.1258060187101364,0.9997982382774353,0.3923192024230957,0.24343030154705048,-0.11329243332147598,0.9994909763336182,0.6471933126449585,0.38162410259246826,-0.3549042344093323,0.9618712663650513,0.35515546798706055,0.3805854320526123,-0.34748849272727966,0.9231306314468384,0.5163714289665222,0.32096222043037415,-0.898464560508728,0.9382672309875488,0.4816887378692627,0.320501446723938,-0.9169811606407166,0.9080304503440857,0.5031648874282837,0.2882190942764282,-1.01531982421875,0.8623257875442505,0.5025796890258789,0.29314154386520386,-1.037896752357483,0.8258619904518127,0.5051090121269226,0.2809803783893585,-1.0053770542144775,0.8562345504760742,0.49713289737701416,0.2858976721763611,-1.0323854684829712,0.8093646168708801,0.5077345371246338,0.28888893127441406,-0.9044526219367981,0.7934937477111816,0.4907994270324707,0.29250574111938477,-0.9247902631759644,0.7370342016220093,0.5659942626953125,0.4791448712348938,-0.002845454728230834,0.9990647435188293,0.41878587007522583,0.47533324360847473,0.002812976948916912,0.9985585808753967,0.5858584046363831,0.6752979159355164,-0.05353648588061333,0.9933313727378845,0.41020703315734863,0.6757131218910217,-0.010503691621124744,0.9923700094223022,0.5998591780662537,0.8630822896957397,0.3824072778224945,0.9939471483230591,0.3866150677204132,0.8666645288467407,0.40392664074897766,0.9926888346672058,0.5835252404212952,0.8895750641822815,0.4027838706970215,0.8960022926330566,0.3997580111026764,0.8929126858711243,0.4236563742160797,0.8761313557624817,0.6180652976036072,0.9322142601013184,-0.014227787964046001,0.9902200102806091,0.3651122450828552,0.9290490746498108,0.0216656643897295,0.9874761700630188
happy_v7_1.png,happy,0.506720244884491,0.14887648820877075,-0.6174178123474121,0.9999998807907104,0.5288599133491516,0.13139736652374268,-0.5855649709701538,0.9999996423721313,0.5387099385261536,0.13214823603630066,-0.5854476094245911,0.9999996423721313,0.5480129718780518,0.13289666175842285,-0.5854805707931519,0.9999994039535522,0.49720799922943115,0.12927377223968506,-0.5592530369758606,0.9999995231628418,0.4865228235721588,0.12834325432777405,-0.5592683553695679,0.9999995231628418,0.47654861211776733,0.1273999810218811,-0.5590417981147766,0.9999994039535522,0.5657163858413696,0.14088815450668335,-0.3297666013240814,0.9999996423721313,0.47138479351997375,0.13304367661476135,-0.2159508913755417,0.9999988079071045,0.5270601511001587,0.16671913862228394,-0.5163590908050537,0.9999992847442627,0.48464882373809814,0.16422590613365173,-0.4847022294998169,0.9999988079071045,0.6106276512145996,0.23460708558559418,-0.27073079347610474,0.9999972581863403,0.4285060167312622,0.23699210584163666,0.17461204528808594,0.9999904632568359,0.6972620487213135,0.3390352725982666,-0.1877206265926361,0.9996090531349182,0.3276662826538086,0.332559734582901,-0.03917849808931351,0.9875941872596741,0.7813646793365479,0.43747198581695557,-0.2489132583141327,0.9985126852989197,0.27701905369758606,0.2456596940755844,-0.7224592566490173,0.997438907623291,0.8127405643463135,0.46756380796432495,-0.273581862449646,0.9948112964630127,0.26427963376045227,0.22144418954849243,-0.8052937388420105,0.9931365251541138,0.8004611730575562,0.47081002593040466,-0.3314121961593628,0.9955161213874817,0.27609488368034363,0.2132817804813385,-0.8246978521347046,0.9931799173355103,0.786865770816803,0.4632336497306824,-0.26594477891921997,0.9941543936729431,0.2843219041824341,0.22119219601154327,-0.7465188503265381,0.9902651309967041,0.5838039517402649,0.45212462544441223,-0.22534003853797913,0.9999731779098511,0.5017750859260559,0.4597247540950775,0.22489264607429504,0.9999840259552002,0.3356543481349945,0.4885067045688629,-0.5271682739257812,0.9988831877708435,0.5265921354293823,0.6476453542709351,0.11213897913694382,0.9645163416862488,0.5192018747329712,0.6400660872459412,-0.05871669203042984,0.9974391460418701,0.580216646194458,0.8367021083831787,0.34578201174736023,0.9954588413238525,0.5595917105674744,0.6521660685539246,-0.014092881232500076,0.9872158169746399,0.623334527015686,0.8504385352134705,0.35473746061325073,0.989972710609436,0.48671266436576843,0.727267861366272,-0.07093057781457901,0.9977942705154419,0.527655303478241,0.9097777605056763,0.15609611570835114,0.9946368336677551
happy_v7_2.png,happy,0.5093799829483032,0.1489812731742859,-0.6432388424873352,0.9999998807907104,0.5328408479690552,0.1312422752380371,-0.6082589626312256,0.9999996423721313,0.5425695180892944,0.13193339109420776,-0.6082280278205872,0.9999996423721313,0.551447868347168,0.13245010375976562,-0.6083303689956665,0.9999995231628418,0.4998359978199005,0.1291791796684265,-0.5805297493934631,0.9999996423721313,0.4887796938419342,0.12841367721557617,-0.5804774761199951,0.9999995231628418,0.47884395718574524,0.12768647074699402,-0.5801613926887512,0.9999994039535522,0.5664253234863281,0.1398606300354004,-0.34351828694343567,0.9999997615814209,0.4716062843799591,0.13414788246154785,-0.22179026901721954,0.999998927116394,0.5292294025421143,0.16607391834259033,-0.5397264361381531,0.9999995231628418,0.48609310388565063,0.16387951374053955,-0.5053086876869202,0.9999990463256836,0.6105486154556274,0.23103520274162292,-0.28334420919418335,0.9999988079071045,0.4268498718738556,0.2368025779724121,0.19576264917850494,0.9999896287918091,0.7167509198188782,0.32101988792419434,-0.2210812270641327,0.9997929930686951,0.32522639632225037,0.3324669897556305,0.012298021465539932,0.9892856478691101,0.8365253806114197,0.3962319493293762,-0.35688358545303345,0.9995300769805908,0.27713680267333984,0.24560783803462982,-0.667564332485199,0.9984617233276367,0.8744269609451294,0.42239612340927124,-0.3952235281467438,0.9981967806816101,0.2643059194087982,0.22127960622310638,-0.7471053600311279,0.9952968955039978,0.8650765419006348,0.4260520935058594,-0.4599856734275818,0.9985163807868958,0.27560514211654663,0.21364882588386536,-0.7665563821792603,0.9954264760017395,0.8504540920257568,0.4192778766155243,-0.37971410155296326,0.9979939460754395,0.2838631868362427,0.22149315476417542,-0.6918832659721375,0.993453860282898,0.5801162719726562,0.4521496593952179,-0.2281941920518875,0.9999701976776123,0.50295490026474,0.45914021134376526,0.2279832512140274,0.9999793767929077,0.3372357487678528,0.4889879822731018,-0.5663794279098511,0.9988743662834167,0.5259435176849365,0.6453405618667603,0.11474534869194031,0.9706798791885376,0.5189522504806519,0.6386274099349976,-0.06032141298055649,0.996971607208252,0.5809828639030457,0.8364035487174988,0.3499853014945984,0.9952775239944458,0.5590401887893677,0.6498854756355286,-0.01183400023728609,0.9828348159790039,0.6227935552597046,0.8492969274520874,0.35893866419792175,0.989584743976593,0.48657670617103577,0.7259908318519592,-0.06430449336767197,0.9972444772720337,0.5294560194015503,0.9094216227531433,0.16792012751102448,0.9948200583457947
happy_v7_3.png,happy,0.5101722478866577,0.1496715545654297,-0.6712223887443542,0.9999998807907104,0.5344937443733215,0.1313956379890442,-0.6372202634811401,0.9999998807907104,0.5442649126052856,0.13189375400543213,-0.6371896266937256,0.9999998807907104,0.5535123348236084,0.13232582807540894,-0.637305736541748,0.9999997615814209,0.5001199841499329,0.12979406118392944,-0.6091932058334351,0.9999998807907104,0.48850369453430176,0.12913042306900024,-0.6091488599777222,0.9999997615814209,0.4782477617263794,0.12854281067848206,-0.6088345646858215,0.9999997615814209,0.568048894405365,0.13983356952667236,-0.36806562542915344,0.9999998807907104,0.47024571895599365,0.13583052158355713,-0.2466106414794922,0.9999996423721313,0.5291522145271301,0.1667502224445343,-0.5655295848846436,0.9999997615814209,0.4856613576412201,0.16536813974380493,-0.5311985015869141,0.9999995231628418,0.6106756925582886,0.23105312883853912,-0.2955554723739624,0.9999988079071045,0.42581138014793396,0.2351963222026825,0.17359106242656708,0.9999936819076538,0.7181409597396851,0.32081514596939087,-0.2316504269838333,0.9998273849487305,0.32714322209358215,0.3324079215526581,-0.0307474285364151,0.9909170269966125,0.8393632173538208,0.3982897996902466,-0.36611446738243103,0.9995718598365784,0.27663376927375793,0.24545526504516602,-0.7466310262680054,0.9987500905990601,0.8767596483230591,0.4228789508342743,-0.4051279127597809,0.9982840418815613,0.2619723975658417,0.22154542803764343,-0.8322984576225281,0.9962116479873657,0.8681323528289795,0.4263145923614502,-0.47274482250213623,0.9985949397087097,0.2730870842933655,0.21261993050575256,-0.8547359704971313,0.9962916374206543,0.8538435101509094,0.4195677936077118,-0.39013972878456116,0.9981175661087036,0.28064507246017456,0.2199585884809494,-0.7727915048599243,0.9946763515472412,0.5756093263626099,0.451045423746109,-0.22420915961265564,0.9999715089797974,0.5062715411186218,0.45913001894950867,0.2240360975265503,0.9999850988388062,0.33849918842315674,0.48957452178001404,-0.5008086562156677,0.9987637996673584,0.527421772480011,0.6472748517990112,0.12210297584533691,0.973425030708313,0.5168050527572632,0.641103982925415,-0.050275180488824844,0.9967257976531982,0.5772826671600342,0.8472722768783569,0.3276832699775696,0.995681881904602,0.5567917823791504,0.6523004174232483,-0.0071085295639932156,0.9882820248603821,0.6208698749542236,0.8652342557907104,0.33306676149368286,0.9908943176269531,0.4839732348918915,0.7281538248062134,-0.04709462448954582,0.9973132014274597,0.5327415466308594,0.9074029326438904,0.14071032404899597,0.9947265982627869
happy_v7_4.png,happy,0.5118149518966675,0.14869338274002075,-0.6327283978462219,0.9999998807907104,0.5364561080932617,0.13095256686210632,-0.5939623713493347,0.9999998807907104,0.5453274846076965,0.1315270960330963,-0.593936026096344,0.9999998807907104,0.5541465878486633,0.13214966654777527,-0.5940746068954468,0.9999997615814209,0.5018230080604553,0.12898164987564087,-0.5716383457183838,0.9999998807907104,0.4900434911251068,0.12833374738693237,-0.5715667009353638,0.9999998807907104,0.4795365035533905,0.12782642245292664,-0.5712236166000366,0.9999997615814209,0.5687775611877441,0.1401316225528717,-0.3127523362636566,0.9999998807907104,0.47094690799713135,0.13521727919578552,-0.21919365227222443,0.9999996423721313,0.5302971005439758,0.1658012866973877,-0.523462176322937,0.9999997615814209,0.486017107963562,0.1642836332321167,-0.49717310070991516,0.9999995231628418,0.6085765957832336,0.23019805550575256,-0.2363680899143219,0.9999990463256836,0.42637524008750916,0.234758660197258,0.17804326117038727,0.9999935626983643,0.7137924432754517,0.31544867157936096,-0.15446224808692932,0.999874472618103,0.3293330669403076,0.33074092864990234,-0.06395576894283295,0.9911479949951172,0.8362154960632324,0.39572587609291077,-0.27538618445396423,0.9997571110725403,0.27735430002212524,0.24403657019138336,-0.8112438917160034,0.9989089965820312,0.8773433566093445,0.4213213324546814,-0.3095475733280182,0.9989069700241089,0.26312166452407837,0.22072432935237885,-0.9049636721611023,0.9967093467712402,0.8675548434257507,0.4247944951057434,-0.3793741464614868,0.9991161227226257,0.2749529480934143,0.21285614371299744,-0.9272181987762451,0.9968199729919434,0.8528785705566406,0.4190196692943573,-0.29944488406181335,0.9987984895706177,0.28367915749549866,0.22035497426986694,-0.83754962682724,0.9953300952911377,0.5783770084381104,0.44331684708595276,-0.20796866714954376,0.9999796152114868,0.5069654583930969,0.45249325037002563,0.20784619450569153,0.9999896287918091,0.31741663813591003,0.44587066769599915,-0.45377394556999207,0.9989228844642639,0.5231917500495911,0.6344853639602661,0.09312606602907181,0.982394278049469,0.48513320088386536,0.5991783738136292,-0.01679125428199768,0.9955301880836487,0.5760543346405029,0.8391448259353638,0.23818452656269073,0.9962169528007507,0.5309770703315735,0.6152151226997375,0.025012604892253876,0.9849022030830383,0.6159241795539856,0.8648510575294495,0.23871548473834991,0.9907416105270386,0.4570184051990509,0.6864778995513916,-0.0028356921393424273,0.9964690208435059,0.5231806635856628,0.9000731110572815,0.049193933606147766,0.9949555993080139
happy_v8_1.png,happy,0.5207558274269104,0.15300989151000977,-0.7260857820510864,0.9999897480010986,0.5412838459014893,0.1351342499256134,-0.6848227977752686,0.9999641180038452,0.5505650043487549,0.13494423031806946,-0.6849679946899414,0.9999690055847168,0.5590075254440308,0.13502386212348938,-0.6850446462631226,0.9999690055847168,0.5053033828735352,0.13605624437332153,-0.6861096024513245,0.9999409914016724,0.49278220534324646,0.13676950335502625,-0.6860942244529724,0.9999366998672485,0.48082032799720764,0.1374584138393402,-0.6860613226890564,0.9999270439147949,0.5701976418495178,0.14177045226097107,-0.3828824460506439,0.9999459981918335,0.46631890535354614,0.14467737078666687,-0.39073115587234497,0.9998377561569214,0.5413231253623962,0.1711755096912384,-0.607466459274292,0.9999819993972778,0.4951658546924591,0.17113831639289856,-0.6099411249160767,0.999969482421875,0.6270875334739685,0.24868962168693542,-0.1782040297985077,0.9999890327453613,0.4069833755493164,0.24791169166564941,-0.13087403774261475,0.9998714923858643,0.6541293859481812,0.36991357803344727,-0.0777449756860733,0.9841771125793457,0.3731625974178314,0.3743499517440796,0.018991010263562202,0.9477877616882324,0.7306259274482727,0.47182339429855347,-0.39727407693862915,0.987586259841919,0.30718621611595154,0.4724283814430237,-0.22972989082336426,0.9450226426124573,0.7602224349975586,0.5020273923873901,-0.4821743667125702,0.9748691916465759,0.27219367027282715,0.505226731300354,-0.304360032081604,0.9100959897041321,0.7557759881019592,0.503313422203064,-0.5855605006217957,0.9777007699012756,0.2736985683441162,0.5048092603683472,-0.4112589359283447,0.9195520281791687,0.745995044708252,0.4942778944969177,-0.44691017270088196,0.9722508788108826,0.2893480658531189,0.4952920377254486,-0.2806721031665802,0.9131439924240112,0.5822312831878662,0.48938313126564026,-0.016953786835074425,0.9997233748435974,0.4430883824825287,0.48515087366104126,0.016939952969551086,0.9995232820510864,0.5615732669830322,0.6871575117111206,-0.06104167178273201,0.9912703037261963,0.4657108187675476,0.6861845254898071,-0.025379525497555733,0.9865478873252869,0.5611472129821777,0.8693675994873047,0.34818360209465027,0.9909381866455078,0.47639715671539307,0.8677206039428711,0.3695673942565918,0.9852259755134583,0.548610270023346,0.8871361613273621,0.3669830858707428,0.8387030959129333,0.4855223000049591,0.8877748847007751,0.3874002695083618,0.7930147647857666,0.5663149356842041,0.9337411522865295,-0.005292712710797787,0.9861944913864136,0.45621877908706665,0.9323400259017944,0.025876086205244064,0.9807664155960083
happy_v8_2.png,happy,0.516014575958252,0.15541601181030273,-0.8422388434410095,0.9999980926513672,0.5364505052566528,0.13611799478530884,-0.8047043085098267,0.9999935626983643,0.5455629229545593,0.13648730516433716,-0.8048957586288452,0.9999938011169434,0.5546140074729919,0.13701683282852173,-0.8050316572189331,0.9999939203262329,0.4995363652706146,0.13497042655944824,-0.8055471777915955,0.9999895095825195,0.4871007800102234,0.13451996445655823,-0.8055770397186279,0.9999877214431763,0.4762391746044159,0.1346549689769745,-0.8055453896522522,0.9999856948852539,0.5689510107040405,0.14451920986175537,-0.5024235248565674,0.9999898672103882,0.46758031845092773,0.14308729767799377,-0.5111954808235168,0.9999713897705078,0.5350627303123474,0.17488935589790344,-0.7225066423416138,0.9999953508377075,0.49286046624183655,0.17553487420082092,-0.7250539064407349,0.999992847442627,0.6242486834526062,0.25018787384033203,-0.2672187089920044,0.9999935626983643,0.40879958868026733,0.24911540746688843,-0.23146679997444153,0.9999316930770874,0.7014057636260986,0.36511868238449097,-0.13940060138702393,0.9914202690124512,0.3233301639556885,0.36292141675949097,-0.09301083534955978,0.9617558717727661,0.8281472325325012,0.4445708096027374,-0.42645853757858276,0.992980420589447,0.20373816788196564,0.44380298256874084,-0.35822176933288574,0.96986985206604,0.8716102838516235,0.46976402401924133,-0.49070948362350464,0.9837669134140015,0.16110867261886597,0.46911177039146423,-0.4224208891391754,0.9462828040122986,0.8737097978591919,0.46881288290023804,-0.6112996935844421,0.9863522052764893,0.15905451774597168,0.4664967656135559,-0.5415973663330078,0.9546181559562683,0.8583436012268066,0.46031755208969116,-0.4821152091026306,0.9842750430107117,0.1734795868396759,0.45972347259521484,-0.41504135727882385,0.9524414539337158,0.5791410207748413,0.4903862476348877,-0.011000809259712696,0.999642014503479,0.44443726539611816,0.48765480518341064,0.010937812738120556,0.9993778467178345,0.5625494718551636,0.6904366612434387,-0.016755178570747375,0.9872037768363953,0.4684358537197113,0.6895695924758911,-0.009332895278930664,0.9836329817771912,0.5611050724983215,0.8679460883140564,0.30380985140800476,0.9903068542480469,0.47714316844940186,0.8698645234107971,0.3187897801399231,0.9867013096809387,0.5487332344055176,0.8884885907173157,0.31263864040374756,0.864953339099884,0.48825982213020325,0.8898858428001404,0.3298780024051666,0.8317589163780212,0.5708609819412231,0.9349073767662048,-0.04579184949398041,0.985291600227356,0.4600882828235626,0.9305242896080017,-0.01763997972011566,0.9828072786331177
happy_v8_3.png,happy,0.5161218643188477,0.1518729329109192,-0.40612727403640747,0.9999996423721313,0.5359322428703308,0.13397005200386047,-0.35934627056121826,0.9999990463256836,0.5451666116714478,0.13451319932937622,-0.3595465123653412,0.9999990463256836,0.5535255074501038,0.13526347279548645,-0.3596780002117157,0.999998927116394,0.49998870491981506,0.13184788823127747,-0.355277419090271,0.9999982118606567,0.4875195324420929,0.1311497986316681,-0.3552490472793579,0.9999978542327881,0.4770234227180481,0.1308848261833191,-0.35503530502319336,0.9999974966049194,0.5690965056419373,0.14357641339302063,-0.07176725566387177,0.9999991655349731,0.4676569700241089,0.13943204283714294,-0.05851396173238754,0.9999969005584717,0.5329003930091858,0.17242377996444702,-0.29772940278053284,0.9999994039535522,0.4910735785961151,0.17243844270706177,-0.2939584255218506,0.9999990463256836,0.6248244047164917,0.248937726020813,0.07799302041530609,0.9999971389770508,0.40424472093582153,0.24601177871227264,0.18707185983657837,0.9999631643295288,0.7008867263793945,0.3627423942089081,-0.06509070098400116,0.9966448545455933,0.3262619376182556,0.3626672923564911,0.060257766395807266,0.9818788170814514,0.8198421001434326,0.28519004583358765,-0.5144413709640503,0.9989049434661865,0.21444746851921082,0.2824249267578125,-0.5193811058998108,0.9976892471313477,0.866124153137207,0.2713201344013214,-0.6037766933441162,0.9966505169868469,0.16930654644966125,0.26690536737442017,-0.6152711510658264,0.994756817817688,0.8636661171913147,0.25960564613342285,-0.6456965208053589,0.9967761635780334,0.1717931628227234,0.2571156620979309,-0.6590967178344727,0.9950752854347229,0.8452076315879822,0.2628776729106903,-0.5436395406723022,0.9957605004310608,0.19051313400268555,0.2599334120750427,-0.5552017688751221,0.9938003420829773,0.5814957022666931,0.48839741945266724,-0.037973806262016296,0.9998435974121094,0.44981634616851807,0.4886230230331421,0.03822597861289978,0.999742329120636,0.563395619392395,0.6861134171485901,-0.06521144509315491,0.9953483939170837,0.4616898000240326,0.6870871186256409,-0.015155967324972153,0.9930918216705322,0.5573480129241943,0.8707602620124817,0.362144410610199,0.9921630024909973,0.47675931453704834,0.868948221206665,0.36164891719818115,0.9917140007019043,0.5428029298782349,0.8910584449768066,0.385322242975235,0.8768527507781982,0.48891767859458923,0.8911713361740112,0.3808805048465729,0.8968507051467896,0.566542387008667,0.9303684234619141,0.06108751520514488,0.9884431958198547,0.45635125041007996,0.9287167191505432,0.05985099449753761,0.9886809587478638
happy_v8_4.png,happy,0.5203500986099243,0.15063825249671936,-0.9151208996772766,0.9999940395355225,0.5390576720237732,0.132203608751297,-0.8740044236183167,0.9999803304672241,0.5478296279907227,0.13263431191444397,-0.8741443753242493,0.9999814033508301,0.5557969808578491,0.13321813941001892,-0.8742131590843201,0.9999806880950928,0.5023638606071472,0.13100600242614746,-0.8748347163200378,0.9999706745147705,0.4896058738231659,0.13083571195602417,-0.874873161315918,0.9999649524688721,0.47834232449531555,0.13119611144065857,-0.8749462962150574,0.9999574422836304,0.568317711353302,0.1414387822151184,-0.5586788654327393,0.9999699592590332,0.467036634683609,0.14134913682937622,-0.5660392642021179,0.9998992681503296,0.5376507639884949,0.1715576946735382,-0.7908053398132324,0.9999885559082031,0.49469369649887085,0.17235994338989258,-0.7931511998176575,0.9999804496765137,0.6225168108940125,0.2536504864692688,-0.31551027297973633,0.9999771118164062,0.40995532274246216,0.2524248957633972,-0.28516799211502075,0.9998457431793213,0.6576195359230042,0.3746429681777954,-0.18385975062847137,0.9878502488136292,0.37168359756469727,0.3763071298599243,-0.12309182435274124,0.939895510673523,0.7389102578163147,0.4732629358768463,-0.4963579773902893,0.9913820624351501,0.298478364944458,0.4748566448688507,-0.38111284375190735,0.9407342076301575,0.7739631533622742,0.5026385188102722,-0.5720626711845398,0.9810276031494141,0.26097947359085083,0.5071081519126892,-0.4512419104576111,0.9053119421005249,0.7711775302886963,0.5045582056045532,-0.6859089136123657,0.9833391904830933,0.26132744550704956,0.5083499550819397,-0.5619136095046997,0.9166824817657471,0.7574433088302612,0.4956519305706024,-0.5478752851486206,0.9791557192802429,0.2758721113204956,0.4994545578956604,-0.4326478838920593,0.9112566709518433,0.5818729400634766,0.4870609939098358,-0.006412192713469267,0.9990180730819702,0.44592761993408203,0.4839578866958618,0.006343481596559286,0.9990440011024475,0.562968909740448,0.6815025806427002,-0.015727991238236427,0.9860792756080627,0.4659401476383209,0.6855186223983765,-0.02641328237950802,0.9840695261955261,0.5517159700393677,0.8334898948669434,0.47432470321655273,0.978808581829071,0.47444868087768555,0.8665722012519836,0.3580627143383026,0.9832134246826172,0.5398669242858887,0.8493435978889465,0.5022233724594116,0.7997826933860779,0.4808931052684784,0.8878880739212036,0.3745728135108948,0.7870453000068665,0.5752784609794617,0.9004589915275574,0.1647113710641861,0.9727221727371216,0.46073663234710693,0.9283132553100586,0.0026316449511796236,0.9748839139938354
sad_v1_1.png,sad,0.5165433287620544,0.31003713607788086,-1.115659236907959,0.9999687671661377,0.5269352197647095,0.29754990339279175,-1.1464165449142456,0.9998635053634644,0.5352137088775635,0.295400470495224,-1.1462419033050537,0.9998905658721924,0.543408215045929,0.2930159866809845,-1.1463210582733154,0.9998998641967773,0.5023577809333801,0.2981114983558655,-1.1415907144546509,0.9998125433921814,0.4936484098434448,0.2964622378349304,-1.1418126821517944,0.9998075366020203,0.48515161871910095,0.29453355073928833,-1.1419907808303833,0.9997687935829163,0.5494801998138428,0.2766268253326416,-1.0079535245895386,0.9998550415039062,0.46769851446151733,0.28081345558166504,-0.9876734614372253,0.9996438026428223,0.5317163467407227,0.3106845021247864,-1.031820297241211,0.999958872795105,0.5008760690689087,0.3103463649749756,-1.0271918773651123,0.9999188184738159,0.6262330412864685,0.29006677865982056,-0.7422818541526794,0.9999942779541016,0.40344083309173584,0.29289311170578003,-0.6457020044326782,0.999971866607666,0.6406456232070923,0.4272492825984955,-0.5771111845970154,0.9950739741325378,0.39862504601478577,0.4307820200920105,-0.42297443747520447,0.980513870716095,0.6444633603096008,0.561082124710083,-0.6744544506072998,0.9959586262702942,0.39036449790000916,0.5568406581878662,-0.4780672788619995,0.9829285144805908,0.6479010581970215,0.5991454124450684,-0.7122440934181213,0.9894483089447021,0.3846161365509033,0.5970662236213684,-0.502673327922821,0.9648857712745667,0.6270045042037964,0.5966810584068298,-0.7866862416267395,0.99082350730896,0.4059544503688812,0.596078634262085,-0.5727389454841614,0.969028890132904,0.6180962920188904,0.5863248109817505,-0.6972351670265198,0.9876973032951355,0.4157743453979492,0.5840022563934326,-0.5015376210212708,0.9622715711593628,0.5813809633255005,0.47754740715026855,-0.025984754785895348,0.9999035596847534,0.4674097001552582,0.48115912079811096,0.025597555562853813,0.9998821020126343,0.5585841536521912,0.6679900288581848,-0.14350612461566925,0.9460284113883972,0.4723808765411377,0.6699419021606445,-0.08087243139743805,0.9287352561950684,0.5620054006576538,0.8667046427726746,-0.00592980720102787,0.9719603657722473,0.4721616804599762,0.8701714873313904,0.056559812277555466,0.9547942876815796,0.5523788928985596,0.8872368931770325,-0.008570883423089981,0.7844979763031006,0.48227208852767944,0.8934388756752014,0.054338593035936356,0.6750612854957581,0.5686873197555542,0.9347659945487976,-0.28676286339759827,0.9719736576080322,0.46538761258125305,0.9339123368263245,-0.21771034598350525,0.9627860188484192
sad_v1_2.png,sad,0.4701743423938751,0.3065730929374695,-1.0432367324829102,0.999975323677063,0.4725548028945923,0.2869892716407776,-1.0626912117004395,0.9998270869255066,0.48140209913253784,0.2812122702598572,-1.062560796737671,0.9998677968978882,0.4890559911727905,0.27539727091789246,-1.0625689029693604,0.9998558759689331,0.4457165002822876,0.29844069480895996,-1.0483077764511108,0.99982088804245,0.43678396940231323,0.300387978553772,-1.0486195087432861,0.9998489618301392,0.42782172560691833,0.3020969033241272,-1.0489451885223389,0.9998140931129456,0.5009273290634155,0.2562244236469269,-0.9289617538452148,0.99972003698349,0.4164468050003052,0.2939842939376831,-0.8632780909538269,0.9997795224189758,0.498319536447525,0.3080372214317322,-0.9720706343650818,0.9999648332595825,0.46656253933906555,0.32098233699798584,-0.9536740183830261,0.9999563694000244,0.6058313846588135,0.29266464710235596,-0.6805447340011597,0.9999929666519165,0.4020410478115082,0.3336174488067627,-0.6095824241638184,0.9999885559082031,0.6227434277534485,0.441828191280365,-0.5696348547935486,0.9932944178581238,0.394034206867218,0.462944895029068,-0.42553284764289856,0.9953631162643433,0.6142074465751648,0.5702482461929321,-0.6369965076446533,0.9952906370162964,0.3846242129802704,0.5848671793937683,-0.4662124216556549,0.9937278032302856,0.6199146509170532,0.6066597700119019,-0.667911171913147,0.9903792142868042,0.38267725706100464,0.6250698566436768,-0.4843229651451111,0.9861423373222351,0.5921788215637207,0.6033902168273926,-0.7223725318908691,0.9905617833137512,0.4036949872970581,0.6226493120193481,-0.5417503118515015,0.9863126873970032,0.5827328562736511,0.5926352143287659,-0.6516598463058472,0.9866090416908264,0.41127854585647583,0.6105015277862549,-0.48453792929649353,0.9834659099578857,0.5841012597084045,0.48602136969566345,0.02183280512690544,0.9999369382858276,0.4741710424423218,0.49371588230133057,-0.022693689912557602,0.9999479055404663,0.5625448226928711,0.6855133175849915,-0.0032347594387829304,0.910159707069397,0.48895472288131714,0.6875928640365601,-0.18707449734210968,0.9735848903656006,0.5668988823890686,0.8711568117141724,0.14901743829250336,0.9644572734832764,0.40035009384155273,0.8647087216377258,-0.09992263466119766,0.9751653075218201,0.5448426604270935,0.8913450837135315,0.15030692517757416,0.7398829460144043,0.37679925560951233,0.8899378776550293,-0.10278742760419846,0.7320889830589294,0.5636619925498962,0.9338895678520203,-0.07693474739789963,0.9624404907226562,0.44054895639419556,0.928061842918396,-0.3501758277416229,0.9765788316726685
sad_v1_3.png,sad,0.512768030166626,0.32603734731674194,-1.2700453996658325,0.9999858140945435,0.5239115953445435,0.30800849199295044,-1.2890934944152832,0.9999233484268188,0.5319165587425232,0.30546385049819946,-1.2889325618743896,0.9999383687973022,0.5397754311561584,0.3028026819229126,-1.2889935970306396,0.9999361038208008,0.494828999042511,0.31168872117996216,-1.2872499227523804,0.999907374382019,0.48364752531051636,0.31155794858932495,-1.2875795364379883,0.9999157190322876,0.4728468060493469,0.3112112283706665,-1.2878127098083496,0.999890923500061,0.5474348664283752,0.2856055200099945,-1.109073281288147,0.9998977184295654,0.4474451541900635,0.29904302954673767,-1.1034154891967773,0.9998964071273804,0.5276666283607483,0.3337554335594177,-1.175356149673462,0.9999817609786987,0.4954530596733093,0.33856040239334106,-1.1746349334716797,0.9999772310256958,0.6096426844596863,0.318273663520813,-0.7846886515617371,0.9999955892562866,0.4033098816871643,0.3219441771507263,-0.7548990845680237,0.9999895095825195,0.6255195736885071,0.4602641761302948,-0.6150944232940674,0.9957640171051025,0.40073856711387634,0.461516410112381,-0.5438932776451111,0.9948189854621887,0.621016263961792,0.5866876840591431,-0.7272470593452454,0.9973781108856201,0.3964759409427643,0.5858193039894104,-0.6466571092605591,0.9928277134895325,0.6258885860443115,0.624564528465271,-0.7717689871788025,0.9937323927879333,0.3967927098274231,0.6257805824279785,-0.6827948093414307,0.9845177531242371,0.6010034084320068,0.6218482255935669,-0.8439470529556274,0.9942136406898499,0.42150160670280457,0.6239190101623535,-0.7580131888389587,0.9856294989585876,0.5905108451843262,0.612362265586853,-0.7498524188995361,0.9916436076164246,0.42804574966430664,0.6121242642402649,-0.6721524596214294,0.9820114374160767,0.5770635008811951,0.4857446551322937,0.02719593234360218,0.9999598264694214,0.47633689641952515,0.4848288893699646,-0.02763439528644085,0.9999669790267944,0.5604711771011353,0.6804388761520386,-0.00967992190271616,0.9265615940093994,0.4822866916656494,0.6822059154510498,-0.22561277449131012,0.9714367389678955,0.5613120198249817,0.8688843846321106,0.19264934957027435,0.9649127721786499,0.40289705991744995,0.8659180998802185,-0.12183689326047897,0.9716149568557739,0.5480434894561768,0.8914239406585693,0.195194810628891,0.7550298571586609,0.3804817497730255,0.895248532295227,-0.12849177420139313,0.7060732841491699,0.5612836480140686,0.9320961833000183,-0.0710759088397026,0.9651676416397095,0.4423863887786865,0.9271591901779175,-0.4256990849971771,0.9743651747703552
sad_v1_4.png,sad,0.5150834321975708,0.33771392703056335,-1.0835716724395752,0.9999933242797852,0.5273507833480835,0.3212067484855652,-1.1170867681503296,0.9999518394470215,0.5359744429588318,0.31857460737228394,-1.1169064044952393,0.9999642372131348,0.5442761182785034,0.31575095653533936,-1.1169862747192383,0.9999595880508423,0.500380277633667,0.32408592104911804,-1.1119672060012817,0.9999390840530396,0.4905468225479126,0.3232251703739166,-1.1122685670852661,0.9999477863311768,0.48059025406837463,0.32182401418685913,-1.1124827861785889,0.9999260902404785,0.5534890294075012,0.3003329634666443,-1.0078850984573364,0.9999325275421143,0.46136316657066345,0.3077135384082794,-0.9872274994850159,0.999930739402771,0.5306177139282227,0.34136107563972473,-1.0147173404693604,0.9999902248382568,0.49804946780204773,0.3439640998840332,-1.0099132061004639,0.9999868869781494,0.6204079985618591,0.3269702196121216,-0.7542158961296082,0.9999954700469971,0.4030088484287262,0.3276430368423462,-0.6961683630943298,0.9999881982803345,0.6329352855682373,0.4581827223300934,-0.6114585995674133,0.9967778325080872,0.3976714015007019,0.4645802080631256,-0.5076459646224976,0.9968440532684326,0.6248586177825928,0.5869863033294678,-0.6496407985687256,0.997044026851654,0.39880651235580444,0.5917090177536011,-0.5330201387405396,0.9951099753379822,0.6301960349082947,0.6225595474243164,-0.6762889623641968,0.9929445385932922,0.394203782081604,0.6273368000984192,-0.5504521727561951,0.9889167547225952,0.607654869556427,0.6188976168632507,-0.7376007437705994,0.9934579730033875,0.4169747829437256,0.6250970959663391,-0.6037920713424683,0.9895654916763306,0.5962522625923157,0.6108002066612244,-0.6671984791755676,0.991214394569397,0.42621833086013794,0.6155940890312195,-0.548571765422821,0.9870300889015198,0.5745338201522827,0.4891214072704315,0.0029075799975544214,0.9999721050262451,0.46796929836273193,0.48968133330345154,-0.003695150837302208,0.9999643564224243,0.5579600930213928,0.6788818836212158,-0.05254743620753288,0.9648365378379822,0.4766072928905487,0.6850600242614746,-0.056508421897888184,0.9726187586784363,0.564606785774231,0.871322512626648,0.05742732435464859,0.9833479523658752,0.4010554552078247,0.8627128005027771,0.05393543466925621,0.9782595634460449,0.5570342540740967,0.8887466192245483,0.05333210900425911,0.8382182121276855,0.3864787220954895,0.8856744170188904,0.04918026179075241,0.7289338111877441,0.5631577968597412,0.9363630414009094,-0.17412914335727692,0.9830228686332703,0.43647342920303345,0.9237916469573975,-0.1859670728445053,0.9799314141273499
sad_v2_1.png,sad,0.535224974155426,0.29186761379241943,-0.6129627227783203,0.9994188547134399,0.5488012433052063,0.2749170660972595,-0.612091600894928,0.9988503456115723,0.5568177700042725,0.27381932735443115,-0.6120343208312988,0.9989100694656372,0.5649825930595398,0.2723345458507538,-0.6120058298110962,0.998677670955658,0.5201775431632996,0.2741747498512268,-0.6199140548706055,0.9988279938697815,0.5073630809783936,0.2728748321533203,-0.6201658248901367,0.998924195766449,0.49545419216156006,0.27137190103530884,-0.6203689575195312,0.9990323781967163,0.5713693499565125,0.2597346007823944,-0.3736139237880707,0.9994632601737976,0.4654623866081238,0.26306283473968506,-0.40256020426750183,0.9994144439697266,0.5456825494766235,0.3020939826965332,-0.4969828128814697,0.9995821118354797,0.511133074760437,0.3003537058830261,-0.5071882605552673,0.9995368719100952,0.6163878440856934,0.28850996494293213,-0.15507592260837555,0.9999786615371704,0.39295414090156555,0.3051914572715759,-0.17007505893707275,0.9999494552612305,0.584394633769989,0.38169217109680176,-0.19468112289905548,0.9113307595252991,0.44211462140083313,0.4047364592552185,-0.40410369634628296,0.9746683835983276,0.45061129331588745,0.3560289144515991,-0.3756265938282013,0.8500574231147766,0.5785419344902039,0.3615284264087677,-0.7992472648620605,0.9565275311470032,0.40749087929725647,0.3517856001853943,-0.4265154004096985,0.7577994465827942,0.6174859404563904,0.35290542244911194,-0.8878535628318787,0.8994268774986267,0.4080986976623535,0.34031543135643005,-0.4177841544151306,0.746550440788269,0.6170561909675598,0.33929604291915894,-0.8683956265449524,0.8920356035232544,0.4266536831855774,0.34312814474105835,-0.3695145547389984,0.6794366240501404,0.605980634689331,0.3423188328742981,-0.7961319088935852,0.8382465243339539,0.5749557018280029,0.5026282072067261,-0.019438348710536957,0.9997003078460693,0.43900254368782043,0.5059797167778015,0.019792165607213974,0.9994787573814392,0.5500755310058594,0.6982295513153076,-0.13350807130336761,0.9930958151817322,0.47187313437461853,0.6957418322563171,-0.06562432646751404,0.978919506072998,0.5530902147293091,0.8753953576087952,0.14586420357227325,0.990199089050293,0.45454391837120056,0.8725495338439941,0.190567746758461,0.9722436666488647,0.5451022982597351,0.89784836769104,0.15499339997768402,0.7475638389587402,0.4553067088127136,0.8935414552688599,0.20041689276695251,0.7402867078781128,0.5315055251121521,0.9359956383705139,-0.20799604058265686,0.9856097102165222,0.4660298824310303,0.9337232708930969,-0.118645079433918,0.9724894165992737
sad_v2_2.png,sad,0.5381293892860413,0.2882136106491089,-0.4033603370189667,0.9977343082427979,0.5510608553886414,0.2712472677230835,-0.3921875059604645,0.996377170085907,0.5598674416542053,0.2695532441139221,-0.39221879839897156,0.9965212345123291,0.5688198804855347,0.26746654510498047,-0.39227452874183655,0.9962655901908875,0.5213932991027832,0.27178746461868286,-0.4016757011413574,0.9956998825073242,0.5077179670333862,0.27075523138046265,-0.40187007188796997,0.995789110660553,0.4943965971469879,0.2694343030452728,-0.4020424783229828,0.9965909719467163,0.5728048086166382,0.2558813989162445,-0.15348584949970245,0.99800044298172,0.4623197019100189,0.26392048597335815,-0.18703150749206543,0.997464656829834,0.5491937398910522,0.30135059356689453,-0.29227912425994873,0.9982985854148865,0.5131224989891052,0.30058926343917847,-0.30353978276252747,0.9979062080383301,0.606694757938385,0.2939947843551636,0.01718834601342678,0.9999186992645264,0.4046287536621094,0.3101544976234436,0.00029108289163559675,0.9997755885124207,0.5767301321029663,0.37851566076278687,-0.11376967281103134,0.7924064993858337,0.4594060480594635,0.39691340923309326,-0.18771259486675262,0.946108877658844,0.45694178342819214,0.3528141379356384,-0.35186830163002014,0.6859447956085205,0.5812492370605469,0.34654706716537476,-0.46806174516677856,0.9052016735076904,0.42156702280044556,0.3458915054798126,-0.4154200553894043,0.5919328927993774,0.6153432726860046,0.3363688588142395,-0.5403332114219666,0.8149867653846741,0.42323240637779236,0.33908551931381226,-0.40081986784935,0.5761123299598694,0.6140661835670471,0.3258296847343445,-0.5265109539031982,0.8019793033599854,0.4363461136817932,0.34228843450546265,-0.34850338101387024,0.5147140622138977,0.6050513982772827,0.32988297939300537,-0.4660797417163849,0.7376558184623718,0.5726367831230164,0.5051422715187073,-0.017351211979985237,0.9994093179702759,0.43916019797325134,0.5076650381088257,0.017802737653255463,0.9989075660705566,0.5449784994125366,0.6983445882797241,-0.15974992513656616,0.9904898405075073,0.46833527088165283,0.6945562958717346,-0.09098609536886215,0.976561427116394,0.5558089017868042,0.874923825263977,0.11231847107410431,0.9865192770957947,0.45236727595329285,0.8747749924659729,0.14132855832576752,0.966947078704834,0.5483695268630981,0.8945602178573608,0.12190619111061096,0.6722794771194458,0.45219138264656067,0.8957991003990173,0.14965873956680298,0.6906289458274841,0.5303348302841187,0.9362945556640625,-0.23298755288124084,0.9791651964187622,0.4618636667728424,0.9339709877967834,-0.16738173365592957,0.9635945558547974
sad_v2_3.png,sad,0.5423255562782288,0.29651370644569397,-0.6742647290229797,0.9996528625488281,0.5531476736068726,0.28041911125183105,-0.6830531358718872,0.9993470311164856,0.5615882277488708,0.27903515100479126,-0.6829902529716492,0.9994022846221924,0.5706029534339905,0.27715247869491577,-0.682955801486969,0.999267041683197,0.5265237092971802,0.28020089864730835,-0.6863895654678345,0.9992160797119141,0.514233410358429,0.27901726961135864,-0.6866171360015869,0.9992357492446899,0.5019282102584839,0.2776865065097809,-0.6868004202842712,0.9992305040359497,0.5751705765724182,0.26382243633270264,-0.4707094728946686,0.9997356534004211,0.46867072582244873,0.26988688111305237,-0.4800005257129669,0.9995286464691162,0.5544853210449219,0.30566567182540894,-0.5659857392311096,0.9997792840003967,0.5222731828689575,0.3051249086856842,-0.5707510113716125,0.9996873140335083,0.6201779842376709,0.2892097532749176,-0.25169482827186584,0.9999858140945435,0.40094494819641113,0.3024280369281769,-0.24221672117710114,0.9999537467956543,0.5882869958877563,0.39422327280044556,-0.325032502412796,0.95858234167099,0.44451212882995605,0.4024611711502075,-0.49102452397346497,0.9709650874137878,0.45309022068977356,0.35199475288391113,-0.5154212713241577,0.9311156272888184,0.574738621711731,0.3518030047416687,-0.8915421962738037,0.948070764541626,0.41179317235946655,0.34526485204696655,-0.5648823380470276,0.8574262857437134,0.6143739223480225,0.3406555652618408,-0.9745334982872009,0.8781325817108154,0.4126167297363281,0.33265846967697144,-0.549177348613739,0.8486087918281555,0.6133245229721069,0.3287540674209595,-0.9497174024581909,0.8674694299697876,0.4283307194709778,0.334734708070755,-0.5050879716873169,0.7953251600265503,0.6032196283340454,0.3318270742893219,-0.8867650032043457,0.8072930574417114,0.5726930499076843,0.5018795132637024,-0.01433932688087225,0.9998231530189514,0.43954023718833923,0.5028419494628906,0.014655767008662224,0.9997203946113586,0.5497742891311646,0.694765567779541,-0.13717693090438843,0.9937600493431091,0.46987470984458923,0.693891704082489,-0.062419574707746506,0.9874091148376465,0.5535005331039429,0.8746458888053894,0.15237367153167725,0.9902806282043457,0.4397246837615967,0.8728883266448975,0.1799360066652298,0.9830090403556824,0.5378158688545227,0.8938963413238525,0.16398218274116516,0.8053712844848633,0.44548141956329346,0.8942463397979736,0.1889180839061737,0.7940775752067566,0.5519875288009644,0.9385141134262085,-0.17754356563091278,0.988097608089447,0.4440556466579437,0.93452388048172,-0.12322935461997986,0.9826179146766663
sad_v2_4.png,sad,0.5382388830184937,0.2992633283138275,-0.8735504150390625,0.9995311498641968,0.5501194000244141,0.2830355763435364,-0.8887496590614319,0.9991554021835327,0.5583900213241577,0.28107935190200806,-0.8887043595314026,0.9991781115531921,0.5669340491294861,0.27857595682144165,-0.8887323141098022,0.9990240335464478,0.5199266076087952,0.283433735370636,-0.8897241950035095,0.998993456363678,0.5073002576828003,0.28213292360305786,-0.8899880051612854,0.9990105628967285,0.4943805932998657,0.2806258797645569,-0.8901614546775818,0.9990453124046326,0.5734078884124756,0.2632284462451935,-0.6768718361854553,0.9996604919433594,0.4684579074382782,0.2703261375427246,-0.6756926774978638,0.9995439648628235,0.5515402555465698,0.3047526478767395,-0.7630113959312439,0.9997943043708801,0.5180935859680176,0.3052397072315216,-0.7647393941879272,0.9997153878211975,0.6215643882751465,0.2798578441143036,-0.4279400110244751,0.999990701675415,0.39933133125305176,0.2982466220855713,-0.3949127495288849,0.9999622106552124,0.6055505275726318,0.38743072748184204,-0.5016122460365295,0.9626237154006958,0.4262670576572418,0.40345674753189087,-0.5803118944168091,0.973127007484436,0.4521355926990509,0.36758220195770264,-0.7177898287773132,0.9218962788581848,0.5707921385765076,0.3620840311050415,-0.913645327091217,0.9543923735618591,0.40703433752059937,0.3623505234718323,-0.7781543135643005,0.8442367315292358,0.6086139678955078,0.35706639289855957,-0.9920364022254944,0.8968437314033508,0.40631210803985596,0.35077932476997375,-0.7662688493728638,0.8345058560371399,0.6105005145072937,0.34774893522262573,-0.9739057421684265,0.8902801871299744,0.42172667384147644,0.35199201107025146,-0.7090445160865784,0.7778304219245911,0.5992298126220703,0.3490395247936249,-0.9090444445610046,0.836004912853241,0.5745934844017029,0.4959142804145813,-0.024700257927179337,0.9998723268508911,0.4387074410915375,0.495482861995697,0.02508244477212429,0.9997593760490417,0.5572319030761719,0.6969763040542603,-0.14404219388961792,0.9919479489326477,0.4549960792064667,0.693324863910675,-0.014066999778151512,0.9836116433143616,0.5611329674720764,0.8740056753158569,0.1628420352935791,0.9872862696647644,0.4441940188407898,0.8735591769218445,0.23868156969547272,0.9783622622489929,0.5399180054664612,0.89522784948349,0.17647916078567505,0.7705492973327637,0.45132654905319214,0.8933621048927307,0.24945230782032013,0.7732374668121338,0.5537881255149841,0.9389181733131409,-0.16232934594154358,0.9838261008262634,0.4410318434238434,0.9372186660766602,-0.0501522533595562,0.9775525331497192
sad_v3_1.png,sad,0.5418478846549988,0.24424587190151215,-0.5760009288787842,0.9999412298202515,0.5572243928909302,0.22430023550987244,-0.5566519498825073,0.9998101592063904,0.5663530826568604,0.22363607585430145,-0.5567565560340881,0.9998370409011841,0.5759844779968262,0.22292464971542358,-0.5568263530731201,0.9998118281364441,0.524361252784729,0.22437244653701782,-0.551899790763855,0.9996991157531738,0.5102161169052124,0.22405940294265747,-0.5517715215682983,0.999642014503479,0.4985440969467163,0.2235819399356842,-0.5518115162849426,0.9995935559272766,0.5878970623016357,0.22068382799625397,-0.2795701026916504,0.9996914863586426,0.4791930913925171,0.220856174826622,-0.2598349153995514,0.9997010827064514,0.5572830438613892,0.25799211859703064,-0.45505499839782715,0.9999228715896606,0.5181170105934143,0.260202556848526,-0.45038872957229614,0.9999414682388306,0.6337578296661377,0.2832062244415283,-0.08665589243173599,0.9999912977218628,0.41364312171936035,0.28300368785858154,0.044514819979667664,0.9999781847000122,0.5864373445510864,0.41158008575439453,-0.33304163813591003,0.9810583591461182,0.3962833881378174,0.41210371255874634,0.21358390152454376,0.9336707592010498,0.5518646240234375,0.3007216453552246,-0.8667053580284119,0.9929008483886719,0.39661189913749695,0.5314517617225647,0.05805770307779312,0.9011702537536621,0.5497193932533264,0.2729409635066986,-0.9825263619422913,0.986093282699585,0.38870948553085327,0.5714151859283447,0.022596245631575584,0.837801456451416,0.56404048204422,0.2626752555370331,-0.9793630242347717,0.9859471321105957,0.4131997227668762,0.5718283653259277,-0.04875355213880539,0.8421527147293091,0.5616633296012878,0.2720617949962616,-0.8778669834136963,0.9760820269584656,0.4221460521221161,0.5602733492851257,0.0300364438444376,0.8147435784339905,0.5749889612197876,0.5104030966758728,-0.018210113048553467,0.9996080994606018,0.4516342580318451,0.5093704462051392,0.018355797976255417,0.9992440938949585,0.559114933013916,0.6958887577056885,-0.08003146946430206,0.9835431575775146,0.4602578282356262,0.6947160959243774,-0.05821039900183678,0.9843399524688721,0.5574526786804199,0.8712558746337891,0.2537771165370941,0.9806405305862427,0.4529540538787842,0.86967933177948,0.2768392264842987,0.9691466689109802,0.5512229800224304,0.8899686932563782,0.27214157581329346,0.775237500667572,0.4538664221763611,0.8897405862808228,0.29400259256362915,0.732365071773529,0.5463780164718628,0.9334741830825806,-0.06925072520971298,0.9735136032104492,0.4785396158695221,0.9316979050636292,-0.038325559347867966,0.9606377482414246
sad_v3_2.png,sad,0.5412700176239014,0.25041961669921875,-0.6907427310943604,0.9998971223831177,0.5552552938461304,0.23221832513809204,-0.6775606274604797,0.9996793270111084,0.5641809105873108,0.2310177981853485,-0.677617609500885,0.999713122844696,0.5729318261146545,0.22980362176895142,-0.6777176260948181,0.9996545314788818,0.5233148336410522,0.23376893997192383,-0.6705302000045776,0.9995575547218323,0.5099498629570007,0.23357921838760376,-0.6704720854759216,0.9994874000549316,0.4970434606075287,0.23321381211280823,-0.6705359220504761,0.9994578957557678,0.583305299282074,0.22695283591747284,-0.40798187255859375,0.9994648098945618,0.47444212436676025,0.22959204018115997,-0.37650713324546814,0.9996174573898315,0.5567499995231628,0.26210224628448486,-0.5698374509811401,0.9998395442962646,0.5174610018730164,0.2658003270626068,-0.5617656707763672,0.9998908042907715,0.6322250366210938,0.2831345200538635,-0.19017022848129272,0.9999765157699585,0.41119512915611267,0.292232871055603,-0.043305207043886185,0.999977707862854,0.5743463635444641,0.41208615899086,-0.3993355929851532,0.9444146156311035,0.3964620530605316,0.4241600036621094,0.1529930830001831,0.9267306327819824,0.5555311441421509,0.3136028051376343,-0.8981907367706299,0.9719565510749817,0.39460891485214233,0.5420089960098267,0.02419555000960827,0.8902007937431335,0.5500161051750183,0.2905026972293854,-1.0009270906448364,0.9542466998100281,0.38583898544311523,0.5813806653022766,-0.0011597786797210574,0.8183357119560242,0.5664042830467224,0.2794187068939209,-0.9994416832923889,0.9538787603378296,0.4074137508869171,0.5821508169174194,-0.07103293389081955,0.8237980604171753,0.5649941563606262,0.28581440448760986,-0.9088353514671326,0.9286297559738159,0.41696086525917053,0.5686447024345398,-0.002152505563572049,0.7952187657356262,0.5781225562095642,0.5054869055747986,-0.029298432171344757,0.9993957281112671,0.4560316205024719,0.5084298849105835,0.029371099546551704,0.9991244673728943,0.5572632551193237,0.6958650350570679,-0.09360241889953613,0.9820433259010315,0.4630003571510315,0.6967593431472778,-0.0491267666220665,0.9818547964096069,0.5560870170593262,0.8707427978515625,0.24534502625465393,0.9794745445251465,0.4551771581172943,0.8696181178092957,0.29447412490844727,0.9642988443374634,0.5485477447509766,0.8881063461303711,0.263982355594635,0.7410903573036194,0.45795202255249023,0.8889463543891907,0.3127797842025757,0.6987294554710388,0.5422556400299072,0.935023844242096,-0.07510653883218765,0.9688811898231506,0.4743937849998474,0.9341123700141907,-0.014112230390310287,0.9546078443527222
sad_v3_3.png,sad,0.5406258702278137,0.2455419898033142,-0.48770710825920105,0.9997759461402893,0.5556668043136597,0.22757036983966827,-0.4691184163093567,0.9991896748542786,0.5641672015190125,0.22635102272033691,-0.4692094027996063,0.9993242025375366,0.5722013711929321,0.2251826375722885,-0.4692695736885071,0.9992241859436035,0.5258601903915405,0.2294653207063675,-0.46211346983909607,0.9987866282463074,0.513676106929779,0.22938120365142822,-0.46202200651168823,0.9986327290534973,0.5019240379333496,0.22891607880592346,-0.4621782600879669,0.9985713958740234,0.5820536017417908,0.22205135226249695,-0.20367921888828278,0.9985906481742859,0.4829486310482025,0.22355598211288452,-0.17348098754882812,0.9988293051719666,0.5597281455993652,0.2546277940273285,-0.3719629645347595,0.9996896982192993,0.5230590105056763,0.2577582895755768,-0.3644138276576996,0.9997707009315491,0.636471152305603,0.28531360626220703,-0.03449569270014763,0.9999750852584839,0.4170670509338379,0.28023579716682434,0.10874868929386139,0.9999632835388184,0.5910592079162598,0.4076679050922394,-0.29905787110328674,0.9684938192367554,0.3972877264022827,0.4116456210613251,0.25440770387649536,0.9294847249984741,0.5758453607559204,0.2902224659919739,-0.8401623964309692,0.9879482388496399,0.39666569232940674,0.5286758542060852,0.08485210686922073,0.8972899913787842,0.5692064166069031,0.26032257080078125,-0.9575737118721008,0.977573812007904,0.3885023891925812,0.5689816474914551,0.04682280123233795,0.8340835571289062,0.579689621925354,0.2507624328136444,-0.9575538039207458,0.9773675799369812,0.41252651810646057,0.5691034197807312,-0.022083699703216553,0.8386087417602539,0.5817448496818542,0.2615818977355957,-0.8539812564849854,0.9629616141319275,0.42183417081832886,0.5581550598144531,0.05657725781202316,0.8116846084594727,0.5763424634933472,0.5117174386978149,-0.03029973991215229,0.9994091987609863,0.45222562551498413,0.5102912783622742,0.030481277033686638,0.9991626739501953,0.5582680702209473,0.6982202529907227,-0.12022320181131363,0.9883506298065186,0.4595210552215576,0.6980820894241333,-0.0776897519826889,0.987373411655426,0.5592812895774841,0.8717484474182129,0.22773559391498566,0.9843035340309143,0.4520525634288788,0.8708840608596802,0.26779118180274963,0.9721763134002686,0.5534339547157288,0.8901058435440063,0.24780485033988953,0.7870302796363831,0.4544185400009155,0.8901069760322571,0.2858968675136566,0.7155008316040039,0.5460031628608704,0.9352539777755737,-0.10607545077800751,0.9776719212532043,0.47204476594924927,0.9324242472648621,-0.057069823145866394,0.9622761607170105
sad_v3_4.png,sad,0.54381263256073,0.2582279145717621,-0.6146207451820374,0.9998170733451843,0.5583638548851013,0.2410406768321991,-0.603840708732605,0.9993734955787659,0.5667165517807007,0.23942747712135315,-0.6038587093353271,0.9994608759880066,0.5744107365608215,0.23786230385303497,-0.6038919687271118,0.999356210231781,0.5286926031112671,0.24329137802124023,-0.5989004969596863,0.9991458654403687,0.5163871049880981,0.24313876032829285,-0.5988797545433044,0.9990639090538025,0.5046955347061157,0.24245378375053406,-0.5990606546401978,0.9990456700325012,0.5812986493110657,0.23298673331737518,-0.35035160183906555,0.9988512992858887,0.4833453595638275,0.23516841232776642,-0.3308895230293274,0.9992565512657166,0.5602467656135559,0.26691848039627075,-0.5003079175949097,0.9997214674949646,0.5256968140602112,0.2686775028705597,-0.4959063231945038,0.9998175501823425,0.6370635032653809,0.2938973903656006,-0.15626652538776398,0.9999616146087646,0.4123981297016144,0.29049816727638245,-0.024198194965720177,0.9999765157699585,0.5818279981613159,0.4197688102722168,-0.3773723840713501,0.9394035935401917,0.3986097574234009,0.41943415999412537,0.14425963163375854,0.9399053454399109,0.5727329850196838,0.308180034160614,-0.8950671553611755,0.9760046601295471,0.3967898190021515,0.5383200645446777,0.01112693827599287,0.9177035689353943,0.5697864294052124,0.2786116898059845,-0.9981781840324402,0.9611842632293701,0.3882710337638855,0.578650951385498,-0.014327089302241802,0.8597139120101929,0.5786893367767334,0.2687162160873413,-1.0006870031356812,0.9611014723777771,0.41102102398872375,0.5792264342308044,-0.07870394736528397,0.8644741177558899,0.579240083694458,0.27867311239242554,-0.9080905914306641,0.9395651817321777,0.4204683303833008,0.5669071674346924,-0.012859798036515713,0.8376169204711914,0.5792495012283325,0.5107024908065796,-0.030759934335947037,0.9991441965103149,0.45528313517570496,0.5109356641769409,0.03074384666979313,0.9990655779838562,0.5546914339065552,0.6980229020118713,-0.12088564783334732,0.9822878837585449,0.46480923891067505,0.6987738013267517,-0.06716971844434738,0.9798417091369629,0.5567451119422913,0.8708827495574951,0.20340614020824432,0.978220522403717,0.44955506920814514,0.8722009658813477,0.25583788752555847,0.9609323740005493,0.5514939427375793,0.8890908360481262,0.2211802899837494,0.7346238493919373,0.452394038438797,0.8909257054328918,0.2722708284854889,0.6769002079963684,0.5416204333305359,0.935387909412384,-0.11545869708061218,0.9696536064147949,0.47015181183815,0.933976948261261,-0.0550834983587265,0.9510403871536255
sad_v4_1.png,sad,0.5214128494262695,0.34754031896591187,-1.3478630781173706,0.9999954700469971,0.5358608365058899,0.3330075144767761,-1.3651859760284424,0.9999804496765137,0.5450802445411682,0.3310718834400177,-1.365037441253662,0.9999825954437256,0.5536113977432251,0.32852810621261597,-1.3652269840240479,0.9999829530715942,0.5056688189506531,0.33347898721694946,-1.366158127784729,0.9999779462814331,0.4937061369419098,0.3319903612136841,-1.366478443145752,0.9999783039093018,0.4824759364128113,0.32985156774520874,-1.3666317462921143,0.9999754428863525,0.5671825408935547,0.3118159770965576,-1.1751023530960083,0.9999788999557495,0.4623178243637085,0.3154482841491699,-1.1788063049316406,0.9999771118164062,0.536830484867096,0.35560449957847595,-1.247986912727356,0.9999955892562866,0.5005528330802917,0.3551074266433716,-1.2501531839370728,0.9999939203262329,0.6278020143508911,0.3488377034664154,-0.8435307741165161,0.9999954700469971,0.39378589391708374,0.3559528589248657,-0.8402567505836487,0.9999881982803345,0.6452332735061646,0.4808453321456909,-0.6789728999137878,0.9962890148162842,0.39019960165023804,0.48769307136535645,-0.676270067691803,0.9944103360176086,0.625596821308136,0.6167932152748108,-0.7543763518333435,0.993035078048706,0.4082188308238983,0.6087720990180969,-0.7592014074325562,0.9897081851959229,0.6324116587638855,0.6604690551757812,-0.7975279688835144,0.9819483757019043,0.39760106801986694,0.6514794826507568,-0.8043596148490906,0.9750808477401733,0.6126887202262878,0.6570782661437988,-0.8683643341064453,0.9837839007377625,0.4261881113052368,0.6470845341682434,-0.8715068101882935,0.9775670170783997,0.6027553677558899,0.6466490030288696,-0.7785470485687256,0.9801703691482544,0.4368855655193329,0.6356860399246216,-0.7826982736587524,0.9733085036277771,0.5664284229278564,0.4964945912361145,-0.00935779232531786,0.999900221824646,0.4556039869785309,0.4979771077632904,0.009027807042002678,0.9998775720596313,0.5457919239997864,0.6859658360481262,-0.07211343199014664,0.9653691649436951,0.47609463334083557,0.6836533546447754,-0.060321658849716187,0.953218400478363,0.5531277060508728,0.8749983310699463,0.10260368138551712,0.9794939756393433,0.45831406116485596,0.8746719360351562,0.0951048880815506,0.968182384967804,0.5438643097877502,0.8914754390716553,0.10188473761081696,0.7647292613983154,0.46016278862953186,0.8935258388519287,0.09465689212083817,0.711920440196991,0.5329564213752747,0.9353209137916565,-0.17793479561805725,0.976054310798645,0.47154730558395386,0.9337373375892639,-0.18188676238059998,0.9709774255752563
sad_v4_2.png,sad,0.513200581073761,0.5403318405151367,-1.1989949941635132,0.9984685778617859,0.5255805253982544,0.5337263345718384,-1.208810806274414,0.9991971850395203,0.5342355370521545,0.5310497283935547,-1.2089275121688843,0.9989073276519775,0.5426000952720642,0.5286411046981812,-1.209282398223877,0.9989340901374817,0.5045032501220703,0.5374451875686646,-1.2055480480194092,0.9989670515060425,0.4975627064704895,0.5371827483177185,-1.2057032585144043,0.9985969662666321,0.49019140005111694,0.5370738506317139,-1.2057878971099854,0.9988082647323608,0.5604606866836548,0.5100769400596619,-1.0634002685546875,0.9957114458084106,0.46222710609436035,0.5154502391815186,-1.0484226942062378,0.998196542263031,0.5287222266197205,0.5344501733779907,-1.124895453453064,0.9969659447669983,0.5015220642089844,0.5376219749450684,-1.120278239250183,0.995796799659729,0.6296873688697815,0.4934840500354767,-0.7555558681488037,0.9918808341026306,0.40512406826019287,0.4938850998878479,-0.7884238362312317,0.9873621463775635,0.6537700295448303,0.5873264074325562,-0.7054432034492493,0.8472931385040283,0.39780348539352417,0.5970850586891174,-0.7036775946617126,0.8224656581878662,0.6144998073577881,0.6959722638130188,-0.9304719567298889,0.9724773168563843,0.4094051718711853,0.6932144165039062,-0.8441038727760315,0.9685251116752625,0.6301475167274475,0.7234232425689697,-1.0540181398391724,0.9632397294044495,0.40030908584594727,0.7268112897872925,-0.9598382115364075,0.9657874703407288,0.6020048260688782,0.7264204025268555,-1.099908709526062,0.963916003704071,0.42197808623313904,0.726961612701416,-1.0072309970855713,0.9652191996574402,0.589673638343811,0.7147223949432373,-0.9628344178199768,0.9400558471679688,0.4352169632911682,0.7138874530792236,-0.8729390501976013,0.9552172422409058,0.5570883750915527,0.416748046875,0.011914893984794617,0.9988553524017334,0.45622318983078003,0.4217897355556488,-0.011589577421545982,0.998988926410675,0.5991893410682678,0.5144310593605042,0.3326278030872345,0.04194771870970726,0.4471607506275177,0.5377124547958374,0.30686861276626587,0.09305820614099503,0.5545340180397034,0.5103113055229187,1.041969895362854,0.026963474228978157,0.4704764783382416,0.5159185528755188,1.055955171585083,0.02934524416923523,0.542877733707428,0.5042145252227783,1.1136245727539062,0.02296537719666958,0.47689351439476013,0.5067873597145081,1.132330298423767,0.02763398550450802,0.5531397461891174,0.5372640490531921,1.052427053451538,0.07306487113237381,0.4652690291404724,0.5369445085525513,1.0895477533340454,0.06182873994112015
sad_v4_3.png,sad,0.5221304297447205,0.4863419234752655,-0.7000146508216858,0.9948115348815918,0.5253053307533264,0.48761627078056335,-0.7164523601531982,0.9981786012649536,0.527060866355896,0.4879366159439087,-0.7163925766944885,0.9974439144134521,0.5287954807281494,0.4881863594055176,-0.7166056632995605,0.997391939163208,0.5182701945304871,0.48678505420684814,-0.717311441898346,0.9982435703277588,0.516496479511261,0.4864441454410553,-0.7175097465515137,0.9976668357849121,0.5147063136100769,0.48612385988235474,-0.7175371050834656,0.997943103313446,0.5338529348373413,0.48359110951423645,-0.6462733745574951,0.9972568154335022,0.5097696781158447,0.48160141706466675,-0.648188054561615,0.9985170960426331,0.5255013108253479,0.4825691878795624,-0.6567071676254272,0.9962369203567505,0.5191365480422974,0.48176518082618713,-0.6574815511703491,0.9972104430198669,0.5688623785972595,0.4667258858680725,-0.403018981218338,0.9964720010757446,0.47629690170288086,0.463392049074173,-0.45054376125335693,0.9968206882476807,0.5308093428611755,0.43133091926574707,-0.14837363362312317,0.05538070946931839,0.49492496252059937,0.4325464069843292,-0.17303311824798584,0.12893369793891907,0.4868941903114319,0.3969239890575409,0.028125381097197533,0.05877497419714928,0.51729816198349,0.431769996881485,0.05949239432811737,0.12152398377656937,0.47792431712150574,0.39214298129081726,0.0388590432703495,0.07143667340278625,0.5150532722473145,0.43421003222465515,0.07328105717897415,0.1441735476255417,0.4766407608985901,0.3904297351837158,0.009317250922322273,0.07858982682228088,0.5261077284812927,0.4352359175682068,0.051775671541690826,0.14769235253334045,0.4783489406108856,0.39274466037750244,0.02119128592312336,0.07161394506692886,0.5297901034355164,0.43352213501930237,0.058519039303064346,0.15645599365234375,0.5406939387321472,0.38612160086631775,0.015987688675522804,0.9957515001296997,0.4766668975353241,0.38612422347068787,-0.015900583937764168,0.997559666633606,0.5508399605751038,0.4574887156486511,0.26935794949531555,0.1442519724369049,0.4629350006580353,0.4795324206352234,0.20845283567905426,0.16773225367069244,0.5400260090827942,0.48680534958839417,0.6636238098144531,0.08835560083389282,0.4741114377975464,0.49878036975860596,0.608610987663269,0.05489916354417801,0.5343379974365234,0.4876180589199066,0.7031069993972778,0.0815558210015297,0.4725334942340851,0.49903738498687744,0.6523007154464722,0.05039707571268082,0.5466568470001221,0.5092014670372009,0.673801600933075,0.13120843470096588,0.48430177569389343,0.5146902203559875,0.6422598361968994,0.08052530884742737
sad_v4_4.png,sad,0.513200581073761,0.5403318405151367,-1.1989949941635132,0.9984685778617859,0.5255805253982544,0.5337263345718384,-1.208810806274414,0.9991971850395203,0.5342355370521545,0.5310497283935547,-1.2089275121688843,0.9989073276519775,0.5426000952720642,0.5286411046981812,-1.209282398223877,0.9989340901374817,0.5045032501220703,0.5374451875686646,-1.2055480480194092,0.9989670515060425,0.4975627064704895,0.5371827483177185,-1.2057032585144043,0.9985969662666321,0.49019140005111694,0.5370738506317139,-1.2057878971099854,0.9988082647323608,0.5604606866836548,0.5100769400596619,-1.0634002685546875,0.9957114458084106,0.46222710609436035,0.5154502391815186,-1.0484226942062378,0.998196542263031,0.5287222266197205,0.5344501733779907,-1.124895453453064,0.9969659447669983,0.5015220642089844,0.5376219749450684,-1.120278239250183,0.995796799659729,0.6296873688697815,0.4934840500354767,-0.7555558681488037,0.9918808341026306,0.40512406826019287,0.4938850998878479,-0.7884238362312317,0.9873621463775635,0.6537700295448303,0.5873264074325562,-0.7054432034492493,0.8472931385040283,0.39780348539352417,0.5970850586891174,-0.7036775946617126,0.8224656581878662,0.6144998073577881,0.6959722638130188,-0.9304719567298889,0.9724773168563843,0.4094051718711853,0.6932144165039062,-0.8441038727760315,0.9685251116752625,0.6301475167274475,0.7234232425689697,-1.0540181398391724,0.9632397294044495,0.40030908584594727,0.7268112897872925,-0.9598382115364075,0.9657874703407288,0.6020048260688782,0.7264204025268555,-1.099908709526062,0.963916003704071,0.42197808623313904,0.726961612701416,-1.0072309970855713,0.9652191996574402,0.589673638343811,0.7147223949432373,-0.9628344178199768,0.9400558471679688,0.4352169632911682,0.7138874530792236,-0.8729390501976013,0.9552172422409058,0.5570883750915527,0.416748046875,0.011914893984794617,0.9988553524017334,0.45622318983078003,0.4217897355556488,-0.011589577421545982,0.998988926410675,0.5991893410682678,0.5144310593605042,0.3326278030872345,0.04194771870970726,0.4471607506275177,0.5377124547958374,0.30686861276626587,0.09305820614099503,0.5545340180397034,0.5103113055229187,1.041969895362854,0.026963474228978157,0.4704764783382416,0.5159185528755188,1.055955171585083,0.02934524416923523,0.542877733707428,0.5042145252227783,1.1136245727539062,0.02296537719666958,0.47689351439476013,0.5067873597145081,1.132330298423767,0.02763398550450802,0.5531397461891174,0.5372640490531921,1.052427053451538,0.07306487113237381,0.4652690291404724,0.5369445085525513,1.0895477533340454,0.06182873994112015
sad_v5_1.png,sad,0.5143235325813293,0.31337523460388184,-1.2600592374801636,0.9998672008514404,0.5318797826766968,0.2948479652404785,-1.2534147500991821,0.9997840523719788,0.5412579774856567,0.293764591217041,-1.2534804344177246,0.999790608882904,0.551023006439209,0.2922680974006653,-1.2537323236465454,0.9997515082359314,0.4966402053833008,0.29535380005836487,-1.2479392290115356,0.9997381567955017,0.48378920555114746,0.2944728434085846,-1.2481850385665894,0.9997283816337585,0.4729207754135132,0.2931857705116272,-1.2483348846435547,0.9997343420982361,0.5708765983581543,0.28247207403182983,-0.9492966532707214,0.999819815158844,0.45759260654449463,0.28495538234710693,-0.9201610684394836,0.9997842907905579,0.5318253040313721,0.32477763295173645,-1.1221383810043335,0.9999262094497681,0.49542543292045593,0.3253908157348633,-1.1151764392852783,0.9999251365661621,0.6236294507980347,0.3353440463542938,-0.5975037813186646,0.9999653100967407,0.3999243676662445,0.33416813611984253,-0.5503081679344177,0.9999200105667114,0.6651339530944824,0.4625532329082489,-0.7581426501274109,0.9740963578224182,0.368998646736145,0.46233469247817993,-0.6980913877487183,0.9667291045188904,0.5690370202064514,0.450044184923172,-1.289101004600525,0.8963192701339722,0.4382554590702057,0.44658637046813965,-1.2603002786636353,0.9209553003311157,0.5464972257614136,0.4465515613555908,-1.402430534362793,0.8029406070709229,0.46609407663345337,0.44099751114845276,-1.3729114532470703,0.8557581901550293,0.5446838140487671,0.4284856915473938,-1.4164551496505737,0.7975431084632874,0.469218373298645,0.42311540246009827,-1.3886005878448486,0.8473619818687439,0.5495150089263916,0.4280480146408081,-1.3012758493423462,0.7130024433135986,0.4644450545310974,0.42267000675201416,-1.2745330333709717,0.7757834792137146,0.5702797174453735,0.5311357378959656,-0.021363751962780952,0.9975427389144897,0.44407403469085693,0.5301012992858887,0.02147771790623665,0.9966307282447815,0.5474849939346313,0.7053732872009277,-0.05872137099504471,0.981336772441864,0.4658313989639282,0.7038776874542236,0.021618803963065147,0.9754722714424133,0.554387092590332,0.8730785250663757,0.3218861520290375,0.9753992557525635,0.45322442054748535,0.8715348839759827,0.3674779534339905,0.9611598253250122,0.5468915104866028,0.8907470703125,0.3406873047351837,0.7138883471488953,0.45553144812583923,0.8894804120063782,0.3854394853115082,0.7051279544830322,0.5337364077568054,0.93556809425354,-0.03138294070959091,0.9628115296363831,0.47066280245780945,0.9311168789863586,0.03454623743891716,0.948137640953064
sad_v5_2.png,sad,0.5131352543830872,0.2997111678123474,-1.1872583627700806,0.999841570854187,0.5329005122184753,0.2778431475162506,-1.1779731512069702,0.9997629523277283,0.5435726642608643,0.27683907747268677,-1.1780478954315186,0.9997950196266174,0.554928719997406,0.27580952644348145,-1.1782357692718506,0.9997468590736389,0.4946247339248657,0.2780728340148926,-1.1700674295425415,0.9996453523635864,0.48130691051483154,0.2777455151081085,-1.1702847480773926,0.9996395111083984,0.4702652096748352,0.2774433493614197,-1.170465350151062,0.9996010661125183,0.5766250491142273,0.27078068256378174,-0.882071316242218,0.9998152852058411,0.4528559446334839,0.27521464228630066,-0.8412114381790161,0.9996057152748108,0.5332062244415283,0.3158419132232666,-1.0539978742599487,0.9999268054962158,0.49347829818725586,0.3158608376979828,-1.0438487529754639,0.999906063079834,0.6281391978263855,0.32972997426986694,-0.5611929893493652,0.9999644756317139,0.3958197236061096,0.33405014872550964,-0.4786076247692108,0.9998458623886108,0.6623042821884155,0.46515968441963196,-0.7659284472465515,0.9785196185112,0.3731023371219635,0.4658041298389435,-0.6463249325752258,0.9662736654281616,0.5688176155090332,0.40175414085388184,-1.296566367149353,0.9555208086967468,0.44901248812675476,0.4027935564517975,-1.2018615007400513,0.9516213536262512,0.5506836175918579,0.37761688232421875,-1.3980566263198853,0.9014660716056824,0.47420212626457214,0.3768123984336853,-1.305889368057251,0.8980709910392761,0.5494821667671204,0.3640766143798828,-1.3984397649765015,0.8950107097625732,0.4743680953979492,0.3627103567123413,-1.3037538528442383,0.8878591060638428,0.5519901514053345,0.36993706226348877,-1.3021535873413086,0.8373127579689026,0.47229066491127014,0.36766570806503296,-1.2097389698028564,0.8246913552284241,0.5703872442245483,0.5291757583618164,-0.021689116954803467,0.9984319806098938,0.4417359232902527,0.5286033749580383,0.021741755306720734,0.9970996379852295,0.5519915223121643,0.7046429514884949,-0.13096259534358978,0.9819600582122803,0.46201270818710327,0.7055959701538086,-0.05114152282476425,0.9789397120475769,0.55986487865448,0.8725506067276001,0.31107190251350403,0.9756568670272827,0.4484909176826477,0.8719959259033203,0.33627551794052124,0.9673173427581787,0.5529378652572632,0.8880148530006409,0.3366726338863373,0.7066510319709778,0.4500427842140198,0.8886519074440002,0.3590274453163147,0.7182128429412842,0.5420197248458862,0.9311148524284363,-0.030937612056732178,0.9645320773124695,0.4722890257835388,0.9288207292556763,0.0016229012981057167,0.9596607685089111
sad_v5_3.png,sad,0.5330425500869751,0.3333371579647064,-0.8648887276649475,0.9998531341552734,0.5428454875946045,0.3195786774158478,-0.8803130984306335,0.9996916055679321,0.5502676963806152,0.31690293550491333,-0.8803514838218689,0.9996621608734131,0.5575049519538879,0.313808798789978,-0.880554735660553,0.9996901750564575,0.5180901885032654,0.3207070231437683,-0.883901059627533,0.999639630317688,0.5075523853302002,0.31889110803604126,-0.8841573596000671,0.9995887875556946,0.4970862865447998,0.3162171244621277,-0.8843865394592285,0.9997039437294006,0.5654140114784241,0.29300999641418457,-0.6883342862129211,0.9997407793998718,0.4693329334259033,0.2966116666793823,-0.700981080532074,0.9997865557670593,0.542756199836731,0.33524289727211,-0.762924313545227,0.9999102354049683,0.5154863595962524,0.33658066391944885,-0.7675591707229614,0.999927282333374,0.6320692300796509,0.3212687373161316,-0.4069778025150299,0.9999920129776001,0.3952600061893463,0.32986631989479065,-0.3961024582386017,0.9999819993972778,0.6438876390457153,0.44447818398475647,-0.3220357596874237,0.9684123992919922,0.37322503328323364,0.44583752751350403,-0.30500394105911255,0.9797991514205933,0.5735695362091064,0.5027377009391785,-0.6195094585418701,0.9319537281990051,0.4519714117050171,0.5017300844192505,-0.5710045695304871,0.9671646952629089,0.551985502243042,0.5215528011322021,-0.7113977074623108,0.8842344284057617,0.479065477848053,0.5224533081054688,-0.6460559964179993,0.9350122213363647,0.5412542223930359,0.5045828223228455,-0.7648981809616089,0.8931917548179626,0.48992830514907837,0.5069957971572876,-0.6982373595237732,0.9425039291381836,0.5440970063209534,0.4954555928707123,-0.6435301899909973,0.8508508801460266,0.4842891991138458,0.49615252017974854,-0.5905784368515015,0.9216917753219604,0.5725953578948975,0.5293747782707214,-0.022064585238695145,0.9990991353988647,0.45037224888801575,0.5282067060470581,0.02262442372739315,0.999041736125946,0.5501507520675659,0.7041348218917847,-0.1243111714720726,0.9734911322593689,0.4645915627479553,0.7008339166641235,-0.07535695284605026,0.9225925207138062,0.5571186542510986,0.8780937790870667,0.044753119349479675,0.9595384001731873,0.45398688316345215,0.877348780632019,0.09356748312711716,0.8929299116134644,0.5507329702377319,0.8907705545425415,0.04314759001135826,0.5099318623542786,0.45773056149482727,0.890335738658905,0.0958220362663269,0.5381434559822083,0.5170751214027405,0.9336562156677246,-0.2629665434360504,0.9386799335479736,0.47264429926872253,0.907845675945282,-0.18473273515701294,0.8851059079170227
sad_v5_4.png,sad,0.5235845446586609,0.3292897045612335,-1.2412997484207153,0.9999665021896362,0.5396190881729126,0.3111236095428467,-1.2375725507736206,0.9999514818191528,0.5492531657218933,0.3096051812171936,-1.2375982999801636,0.9999504089355469,0.5583452582359314,0.3076603412628174,-1.237839937210083,0.9999467134475708,0.5029641389846802,0.3117780089378357,-1.2421209812164307,0.9999327659606934,0.48925426602363586,0.3109491765499115,-1.2424871921539307,0.9999324083328247,0.4767778217792511,0.30989891290664673,-1.2426177263259888,0.9999411106109619,0.5708957314491272,0.29251909255981445,-0.9232392907142639,0.999969482421875,0.4553544819355011,0.29966259002685547,-0.9379013180732727,0.9999681711196899,0.5379364490509033,0.3406980037689209,-1.095715880393982,0.9999865293502808,0.5024552345275879,0.3428008556365967,-1.1012110710144043,0.9999849796295166,0.6266090869903564,0.3281126022338867,-0.5739167928695679,0.999993085861206,0.39438021183013916,0.33415141701698303,-0.5999625325202942,0.9999712705612183,0.6309491395950317,0.441731333732605,-0.8040381073951721,0.9752188324928284,0.38709545135498047,0.4482087194919586,-0.8026626706123352,0.9809920191764832,0.5729487538337708,0.4672960340976715,-1.4214057922363281,0.9287601113319397,0.4602492153644562,0.4604034423828125,-1.3676414489746094,0.963605523109436,0.5525755286216736,0.48011454939842224,-1.570341944694519,0.8844856023788452,0.48109960556030273,0.4726921319961548,-1.4999943971633911,0.9422903656959534,0.5434960722923279,0.45732951164245605,-1.6000103950500488,0.8870111107826233,0.48737066984176636,0.45199328660964966,-1.531493067741394,0.9432992339134216,0.5460636615753174,0.4510679244995117,-1.4461036920547485,0.8336799740791321,0.4847943186759949,0.44685113430023193,-1.3891469240188599,0.9115557074546814,0.5727458000183105,0.5297178030014038,-0.022092407569289207,0.9993975162506104,0.4507106840610504,0.525257408618927,0.022501859813928604,0.9991328120231628,0.543489933013916,0.7064161896705627,-0.06925391405820847,0.9907122254371643,0.4678649306297302,0.7037667036056519,0.0008962393621914089,0.9743261337280273,0.5520145893096924,0.8735194206237793,0.3115973472595215,0.9815226793289185,0.4534550905227661,0.872596263885498,0.3422270119190216,0.9514948725700378,0.5430511236190796,0.8930911421775818,0.3301190733909607,0.6836557388305664,0.4555613696575165,0.8917150497436523,0.3598420321941376,0.6256762146949768,0.5255937576293945,0.9356955885887146,-0.0404144749045372,0.969089925289154,0.46481531858444214,0.9344391822814941,0.009314605966210365,0.9333577752113342
sad_v6_1.png,sad,0.5144961476325989,0.28770673274993896,-1.3991725444793701,0.9999724626541138,0.531139612197876,0.26925233006477356,-1.391640543937683,0.9998987913131714,0.5415952205657959,0.2682088017463684,-1.3915289640426636,0.9999003410339355,0.5515354871749878,0.26695716381073,-1.3915863037109375,0.9998924732208252,0.4946897327899933,0.2694403827190399,-1.3875107765197754,0.9998874664306641,0.4807484447956085,0.26888537406921387,-1.3877726793289185,0.999894380569458,0.46881240606307983,0.2679470479488373,-1.387929916381836,0.9998908042907715,0.5693941116333008,0.2576400935649872,-1.103798508644104,0.9998052716255188,0.45300939679145813,0.25949591398239136,-1.0891836881637573,0.9998465776443481,0.5329471826553345,0.30280959606170654,-1.2692439556121826,0.9999622106552124,0.493647962808609,0.30284184217453003,-1.2656710147857666,0.9999662637710571,0.626758337020874,0.3159552812576294,-0.7395069003105164,0.9999841451644897,0.39614394307136536,0.31556040048599243,-0.702075719833374,0.9999749660491943,0.6460925340652466,0.44729799032211304,-0.5282678604125977,0.9911121726036072,0.3837796449661255,0.4496946632862091,-0.49309200048446655,0.9852614998817444,0.643494188785553,0.5713844299316406,-0.7002168297767639,0.9854127764701843,0.37543776631355286,0.568063497543335,-0.6941744089126587,0.9801946878433228,0.6459577679634094,0.6086824536323547,-0.7613256573677063,0.9659992456436157,0.373182088136673,0.6076365113258362,-0.7562116980552673,0.9596620798110962,0.6234520673751831,0.6051542162895203,-0.849425733089447,0.9690291285514832,0.3910215497016907,0.6056972146034241,-0.8476174473762512,0.9634582996368408,0.6149787902832031,0.5936262607574463,-0.7330419421195984,0.9602592587471008,0.3987724184989929,0.5918624401092529,-0.7299391031265259,0.9549795389175415,0.5728928446769714,0.5235486030578613,-0.005001007579267025,0.9994664788246155,0.4596421420574188,0.5240311622619629,0.004693728405982256,0.9992641806602478,0.5535637736320496,0.7051901817321777,-0.05004667118191719,0.9717022180557251,0.4692637324333191,0.7005061507225037,-0.08069363236427307,0.964944064617157,0.5601019859313965,0.8737655878067017,0.29563215374946594,0.9795437455177307,0.44911596179008484,0.872890830039978,0.2523801922798157,0.9691718816757202,0.5538045763969421,0.891123354434967,0.3101711571216583,0.8207665085792542,0.4524398446083069,0.8913596272468567,0.26859259605407715,0.7500115633010864,0.5447238087654114,0.9322775602340698,-0.024247821420431137,0.9705624580383301,0.47333937883377075,0.9324749112129211,-0.07276688516139984,0.9651364684104919
sad_v6_2.png,sad,0.5182936787605286,0.2967517077922821,-1.1640480756759644,0.9999939203262329,0.534291684627533,0.278484970331192,-1.1720260381698608,0.9999680519104004,0.5443618893623352,0.27751970291137695,-1.1718227863311768,0.9999715089797974,0.5543622374534607,0.27633020281791687,-1.171764850616455,0.9999657869338989,0.4987630844116211,0.2783898115158081,-1.1689263582229614,0.9999650716781616,0.48590460419654846,0.27759724855422974,-1.1692109107971191,0.9999700784683228,0.47315841913223267,0.2764803171157837,-1.1693307161331177,0.9999656677246094,0.5704953074455261,0.26821863651275635,-0.9734337329864502,0.9999316930770874,0.4544685482978821,0.26935309171676636,-0.9611672759056091,0.9999555349349976,0.5327632427215576,0.3108755350112915,-1.0667692422866821,0.9999901056289673,0.4955216348171234,0.31132757663726807,-1.064023494720459,0.9999901056289673,0.6263231039047241,0.3230714201927185,-0.7048848867416382,0.9999949932098389,0.3949347138404846,0.32647255063056946,-0.638721227645874,0.9999902248382568,0.6441003084182739,0.45243677496910095,-0.5658835172653198,0.9959635734558105,0.39193594455718994,0.4594098925590515,-0.4779873788356781,0.9944461584091187,0.640641987323761,0.5765578150749207,-0.7123859524726868,0.9924100637435913,0.3860311210155487,0.5809640884399414,-0.611383318901062,0.990053653717041,0.6447795033454895,0.6173749566078186,-0.7681148648262024,0.9812063574790955,0.3821147680282593,0.6208520531654358,-0.6532330513000488,0.9785229563713074,0.6211326122283936,0.6142897009849548,-0.8282609581947327,0.9825198650360107,0.40559515357017517,0.6205838322639465,-0.7226060032844543,0.9802249073982239,0.6108067035675049,0.6015204787254333,-0.7338061928749084,0.9793038368225098,0.41397857666015625,0.6077334880828857,-0.6351836323738098,0.9780583381652832,0.5808708071708679,0.5151726603507996,-0.049690164625644684,0.9999078512191772,0.46747398376464844,0.5163427591323853,0.049105312675237656,0.9999308586120605,0.5512420535087585,0.7068570256233215,-0.09290049225091934,0.9839932918548584,0.46779292821884155,0.7033945918083191,-0.02571832947432995,0.962557315826416,0.6630938053131104,0.8677273392677307,0.16472658514976501,0.9911285638809204,0.3750208020210266,0.8663991689682007,0.18578873574733734,0.9792161583900452,0.6899659633636475,0.8913009166717529,0.17598973214626312,0.8455260992050171,0.34755122661590576,0.887391209602356,0.19281022250652313,0.7828835844993591,0.5968708395957947,0.9266592860221863,-0.0631425753235817,0.9820507764816284,0.4112384617328644,0.9275537133216858,-0.06843939423561096,0.9677603840827942
sad_v6_3.png,sad,0.5115300416946411,0.3303930163383484,-1.2442377805709839,0.9999953508377075,0.5268132090568542,0.3137863278388977,-1.2651182413101196,0.9999734163284302,0.5368449091911316,0.31194424629211426,-1.2648816108703613,0.9999783039093018,0.5463585257530212,0.30987945199012756,-1.2648979425430298,0.9999740123748779,0.49685582518577576,0.31413495540618896,-1.2614407539367676,0.999963641166687,0.48657354712486267,0.3126019537448883,-1.2617526054382324,0.9999662637710571,0.4763745069503784,0.3105417490005493,-1.2619118690490723,0.9999568462371826,0.5611444711685181,0.29592737555503845,-1.0802984237670898,0.9999630451202393,0.4602643847465515,0.29696211218833923,-1.0643765926361084,0.9999557733535767,0.5291012525558472,0.3384096324443817,-1.1453453302383423,0.9999934434890747,0.49414271116256714,0.3377300500869751,-1.1421757936477661,0.9999909400939941,0.6293380856513977,0.32929790019989014,-0.7744126915931702,0.9999977350234985,0.39580589532852173,0.33549201488494873,-0.6908673644065857,0.9999920129776001,0.6520445346832275,0.4560433030128479,-0.5905213952064514,0.9973227381706238,0.39144179224967957,0.46605542302131653,-0.47045883536338806,0.9950554370880127,0.6421401500701904,0.5820911526679993,-0.7372236251831055,0.9959626793861389,0.3855606019496918,0.5881085991859436,-0.5748308300971985,0.9934177398681641,0.6464512944221497,0.6233764886856079,-0.782767117023468,0.9901268482208252,0.3820617198944092,0.6264569163322449,-0.6069945693016052,0.9853206276893616,0.6241873502731323,0.6189536452293396,-0.8591682314872742,0.9911871552467346,0.40331903100013733,0.6248316764831543,-0.6820878982543945,0.9867700338363647,0.6131210923194885,0.609022319316864,-0.7634220123291016,0.9884441494941711,0.4127953052520752,0.6147021055221558,-0.5999465584754944,0.9841317534446716,0.5662704110145569,0.5078715085983276,-0.04745939001441002,0.9999650716781616,0.4593399167060852,0.5055565237998962,0.04682345688343048,0.9999642372131348,0.5535410642623901,0.7104811668395996,-0.1365927904844284,0.9855000376701355,0.47089871764183044,0.706056535243988,-0.02644030936062336,0.9646856188774109,0.659670889377594,0.8663530945777893,0.17330977320671082,0.9905017614364624,0.3781268894672394,0.8658761978149414,0.2483663707971573,0.9792951345443726,0.6845276951789856,0.8870894908905029,0.19020138680934906,0.8574262857437134,0.35468173027038574,0.8884819149971008,0.26065653562545776,0.7974614500999451,0.5921505093574524,0.9274989366531372,-0.0604526586830616,0.9840911030769348,0.4249163269996643,0.9260347485542297,-0.012311479076743126,0.9721423983573914
sad_v6_4.png,sad,0.5083223581314087,0.33221518993377686,-1.2331328392028809,0.9999960660934448,0.5231732130050659,0.31394779682159424,-1.2549360990524292,0.9999768733978271,0.5336565971374512,0.3118024468421936,-1.2547177076339722,0.9999806880950928,0.5431487560272217,0.30930906534194946,-1.2547317743301392,0.9999765157699585,0.49062615633010864,0.31436392664909363,-1.250222086906433,0.9999715089797974,0.47948870062828064,0.3125807046890259,-1.2505394220352173,0.9999741315841675,0.4695613980293274,0.3104153871536255,-1.250704050064087,0.9999685287475586,0.5588491559028625,0.2938748598098755,-1.0738667249679565,0.9999619722366333,0.4566723108291626,0.29644984006881714,-1.0527902841567993,0.9999667406082153,0.528812050819397,0.3393520712852478,-1.1360551118850708,0.9999940395355225,0.4909852147102356,0.3399665653705597,-1.1312733888626099,0.9999932050704956,0.6319122314453125,0.32930636405944824,-0.7612211108207703,0.9999966621398926,0.3938501179218292,0.332808256149292,-0.6926314234733582,0.9999943971633911,0.6500409245491028,0.45669257640838623,-0.5859198570251465,0.9966843724250793,0.38095879554748535,0.46618521213531494,-0.4819578528404236,0.9956800937652588,0.6419066190719604,0.5853803157806396,-0.7275964617729187,0.993316650390625,0.379214346408844,0.5874281525611877,-0.5995391607284546,0.9934701919555664,0.6459241509437561,0.6243823170661926,-0.7725504040718079,0.9838511347770691,0.3742462694644928,0.6245861649513245,-0.6356549859046936,0.9850658774375916,0.6239590048789978,0.6206062436103821,-0.8479260802268982,0.9855067729949951,0.3963150680065155,0.6231227517127991,-0.7087022662162781,0.986548125743866,0.613836407661438,0.6111322045326233,-0.7540702223777771,0.9814795851707458,0.40681135654449463,0.6135882139205933,-0.6241352558135986,0.9837262034416199,0.5665838718414307,0.5097489953041077,-0.038251738995313644,0.9999561309814453,0.459053635597229,0.508770227432251,0.03758721798658371,0.9999645948410034,0.5527948141098022,0.7073245644569397,-0.07611902803182602,0.9858065843582153,0.4719100594520569,0.703473687171936,-0.050971951335668564,0.9749220013618469,0.6603764295578003,0.867759108543396,0.18924640119075775,0.992408037185669,0.37873151898384094,0.8665006756782532,0.1670859456062317,0.9837814569473267,0.6853414177894592,0.8891343474388123,0.20024961233139038,0.857722818851471,0.3550797700881958,0.8893996477127075,0.17289896309375763,0.8016834259033203,0.5896923542022705,0.9295181035995483,-0.061794351786375046,0.9868152737617493,0.4262576997280121,0.9284021854400635,-0.1078515574336052,0.9782811403274536
sad_v7_1.png,sad,0.505449652671814,0.31571274995803833,-0.9565644264221191,0.9998804330825806,0.5215388536453247,0.29906460642814636,-0.962890088558197,0.9994857311248779,0.5314070582389832,0.2974897623062134,-0.962753176689148,0.9995168447494507,0.5403509140014648,0.2953398823738098,-0.9627513289451599,0.9994828701019287,0.488717257976532,0.29791459441185,-0.9569426774978638,0.9993547797203064,0.47715020179748535,0.2957228720188141,-0.9572688937187195,0.9994243383407593,0.4668649733066559,0.29325076937675476,-0.9574925303459167,0.9994655251502991,0.5559508800506592,0.28081855177879333,-0.7560968995094299,0.999392032623291,0.46002882719039917,0.28046512603759766,-0.7288709282875061,0.9987242817878723,0.5238290429115295,0.32586848735809326,-0.8555333614349365,0.9997672438621521,0.4889383614063263,0.32442376017570496,-0.8494870066642761,0.9997074007987976,0.6209855675697327,0.33013084530830383,-0.46292993426322937,0.9999680519104004,0.40679842233657837,0.32372212409973145,-0.4193890690803528,0.9999010562896729,0.6405758857727051,0.4527089595794678,-0.27790769934654236,0.9703942537307739,0.36151713132858276,0.4534606337547302,-0.5985803604125977,0.9657925963401794,0.6395321488380432,0.5796487331390381,-0.350534051656723,0.9434090256690979,0.4112754166126251,0.35478609800338745,-1.0990134477615356,0.9835452437400818,0.6457116007804871,0.6182428598403931,-0.3626970946788788,0.8862498998641968,0.43429476022720337,0.33235058188438416,-1.1833597421646118,0.967132568359375,0.6278276443481445,0.613623321056366,-0.4326551854610443,0.8893229365348816,0.4392796456813812,0.32281768321990967,-1.1831964254379272,0.9656162858009338,0.6194917559623718,0.6005350947380066,-0.36930084228515625,0.8683151602745056,0.43527013063430786,0.32929420471191406,-1.104384183883667,0.9446866512298584,0.5675323009490967,0.5245168209075928,-0.010982249863445759,0.9996786117553711,0.4486691355705261,0.5224742293357849,0.010499309748411179,0.9997206330299377,0.555355966091156,0.7074956297874451,-0.04588794708251953,0.991051971912384,0.4564017057418823,0.7024703621864319,-0.17893458902835846,0.9891322255134583,0.6636208295822144,0.8703339695930481,0.3223727345466614,0.9906548857688904,0.3782622218132019,0.8702802062034607,0.03467854484915733,0.9872503280639648,0.6850609183311462,0.8934057950973511,0.33982813358306885,0.6871682405471802,0.3560016453266144,0.8929304480552673,0.04156382381916046,0.7785487174987793,0.5982508063316345,0.9298828840255737,0.011048025451600552,0.979889452457428,0.4239324629306793,0.9304758310317993,-0.2906333804130554,0.9812617897987366
sad_v7_2.png,sad,0.5166653394699097,0.3154641389846802,-0.7803248167037964,0.9998133778572083,0.5320308208465576,0.29756057262420654,-0.7848662734031677,0.9992062449455261,0.5417319536209106,0.2957257628440857,-0.7847467660903931,0.9992551207542419,0.5504385232925415,0.29349204897880554,-0.7847209572792053,0.9991928935050964,0.5001018643379211,0.2980107367038727,-0.780467689037323,0.998960018157959,0.48918840289115906,0.296456515789032,-0.7807233929634094,0.9990647435188293,0.4786766767501831,0.2945393919944763,-0.7808915972709656,0.9991492033004761,0.5642287135124207,0.2803950309753418,-0.590286374092102,0.9990780353546143,0.4682506024837494,0.2825416028499603,-0.5695372819900513,0.9977855682373047,0.5333707332611084,0.3257310390472412,-0.6852368712425232,0.9996234178543091,0.5007436275482178,0.3251662254333496,-0.6808258295059204,0.9995075464248657,0.6241754293441772,0.32980233430862427,-0.34035515785217285,0.999962329864502,0.4096382260322571,0.32542192935943604,-0.29536375403404236,0.9998496770858765,0.6396588683128357,0.4502321481704712,-0.18699710071086884,0.9561309218406677,0.3733054995536804,0.45528939366340637,-0.4809686243534088,0.9491967558860779,0.6344109177589417,0.5775511860847473,-0.2757261097431183,0.9247101545333862,0.4095608592033386,0.35646581649780273,-0.9691267609596252,0.9793375730514526,0.6396952867507935,0.6164348125457764,-0.2918517291545868,0.8619080781936646,0.43506354093551636,0.33411455154418945,-1.0538636445999146,0.962309718132019,0.6210781335830688,0.612086296081543,-0.3568248152732849,0.8650146126747131,0.43936774134635925,0.32431161403656006,-1.0533772706985474,0.9612275958061218,0.6133145093917847,0.5990030169487,-0.2941853702068329,0.846045732498169,0.43486058712005615,0.3299376964569092,-0.9752607345581055,0.9401847124099731,0.5657840967178345,0.5255957841873169,-0.014694008976221085,0.9996353387832642,0.4472527503967285,0.5236673355102539,0.014247682876884937,0.9996181726455688,0.5548611879348755,0.7080410718917847,-0.0691370815038681,0.9929711222648621,0.45657503604888916,0.7045332193374634,-0.15777252614498138,0.9906127452850342,0.6599489450454712,0.868172287940979,0.2819054424762726,0.9929888844490051,0.37927719950675964,0.867634654045105,0.0669640451669693,0.9893130660057068,0.6840469837188721,0.8899774551391602,0.2985296845436096,0.7239558100700378,0.3578663766384125,0.8887635469436646,0.0757615864276886,0.8051139116287231,0.591571569442749,0.9310531616210938,-0.02151501551270485,0.9839015603065491,0.4213762879371643,0.9298394918441772,-0.24075525999069214,0.9828663468360901
sad_v7_3.png,sad,0.5258491635322571,0.3342992067337036,-1.0105327367782593,0.9997498393058777,0.5398658514022827,0.3201048970222473,-1.0252063274383545,0.9990910291671753,0.5482632517814636,0.3181704580783844,-1.025105595588684,0.9992167949676514,0.556631863117218,0.3156777620315552,-1.025179386138916,0.9992250204086304,0.5106936097145081,0.3200076222419739,-1.0267338752746582,0.998772919178009,0.49971315264701843,0.31824010610580444,-1.0271145105361938,0.9989062547683716,0.4889995753765106,0.31615370512008667,-1.0273345708847046,0.9989637136459351,0.5671178102493286,0.2981003522872925,-0.8337637782096863,0.9992541670799255,0.4693911373615265,0.3010846674442291,-0.838091254234314,0.9981462955474854,0.5392994284629822,0.3428569436073303,-0.9112836718559265,0.9996213912963867,0.5070618987083435,0.3422924876213074,-0.9143220782279968,0.9994650483131409,0.6255543231964111,0.3324327766895294,-0.5388138890266418,0.9999693632125854,0.40573132038116455,0.3301534652709961,-0.5166222453117371,0.9998051524162292,0.6444078683853149,0.4555340111255646,-0.39397332072257996,0.9811012744903564,0.359576940536499,0.45927661657333374,-0.6622044444084167,0.9782747030258179,0.6386524438858032,0.5813330411911011,-0.5065276026725769,0.9622999429702759,0.42072656750679016,0.36109721660614014,-1.1013978719711304,0.9876135587692261,0.6479902863502502,0.6217911839485168,-0.5325290560722351,0.9134340286254883,0.4516987204551697,0.3431198298931122,-1.1821404695510864,0.9724659323692322,0.6319103240966797,0.6181680560112,-0.6014696955680847,0.9172590374946594,0.45728084444999695,0.33395513892173767,-1.182332992553711,0.971462070941925,0.6227753758430481,0.6037267446517944,-0.527232825756073,0.8979488611221313,0.4513329565525055,0.3382825255393982,-1.1048165559768677,0.9532728791236877,0.5669642686843872,0.5196099281311035,-0.008142232894897461,0.9996309280395508,0.4481448829174042,0.521982729434967,0.0078062210232019424,0.9995253086090088,0.5616397261619568,0.7074987888336182,-0.06562264263629913,0.9905980229377747,0.45523616671562195,0.7045489549636841,-0.0931716337800026,0.9831658601760864,0.6632011532783508,0.8717110753059387,0.2008325606584549,0.9904277324676514,0.37831076979637146,0.8706483244895935,0.1282399296760559,0.9814860224723816,0.6840916872024536,0.8953133225440979,0.20811830461025238,0.6251242756843567,0.356351763010025,0.8908528089523315,0.13673503696918488,0.7159707546234131,0.5870954990386963,0.9299347400665283,-0.11397688835859299,0.9804667830467224,0.418287456035614,0.9266388416290283,-0.16947458684444427,0.9746944308280945
sad_v7_4.png,sad,0.5194522738456726,0.32449856400489807,-0.828586757183075,0.9998524188995361,0.5378344655036926,0.30934059619903564,-0.8471709489822388,0.9994229078292847,0.5467601418495178,0.30754926800727844,-0.8470268845558167,0.9994884729385376,0.5552219748497009,0.3053990602493286,-0.8470321297645569,0.9994964599609375,0.5064725875854492,0.30764585733413696,-0.8438405990600586,0.9992209672927856,0.4946313798427582,0.304670125246048,-0.8441469669342041,0.9992734789848328,0.4837101399898529,0.3014378249645233,-0.844322144985199,0.9993621706962585,0.5664886832237244,0.2912192642688751,-0.6867157816886902,0.9994940757751465,0.46795016527175903,0.28592807054519653,-0.6696493625640869,0.9985829591751099,0.5369348526000977,0.33403480052948,-0.7413475513458252,0.9997305274009705,0.5020616054534912,0.33211201429367065,-0.7381916642189026,0.9996428489685059,0.6222625970840454,0.330985963344574,-0.4394548237323761,0.9999724626541138,0.4031076431274414,0.3172922134399414,-0.36170637607574463,0.9998893737792969,0.641400158405304,0.45942020416259766,-0.30556759238243103,0.9759514331817627,0.35452204942703247,0.45431408286094666,-0.4850804805755615,0.9669276475906372,0.6363903880119324,0.5814607739448547,-0.41937240958213806,0.9554772973060608,0.4234495460987091,0.36980241537094116,-0.9117162227630615,0.9837132692337036,0.6448588967323303,0.6215550899505615,-0.4438824951648712,0.9029971957206726,0.45279768109321594,0.351698637008667,-0.9852359890937805,0.9637119174003601,0.6253155469894409,0.6181835532188416,-0.5102733373641968,0.9077883362770081,0.45398157835006714,0.33744359016418457,-0.9813052415847778,0.9632520079612732,0.6165345311164856,0.6058963537216187,-0.43889743089675903,0.8881391882896423,0.44879767298698425,0.3410326838493347,-0.9138922691345215,0.9425207376480103,0.5683280825614929,0.5190394520759583,-0.020105747506022453,0.9995245933532715,0.4496585726737976,0.5183203816413879,0.019659999758005142,0.9995781779289246,0.5610960721969604,0.7064473628997803,-0.03628555312752724,0.9894832968711853,0.4556175470352173,0.7039414644241333,-0.10639151930809021,0.9859358072280884,0.662382185459137,0.8708238005638123,0.21557940542697906,0.989030659198761,0.3761447072029114,0.87165766954422,0.08314117044210434,0.9817381501197815,0.684680700302124,0.8933740854263306,0.22142265737056732,0.5968590378761292,0.35324835777282715,0.8921469449996948,0.08873673528432846,0.7196688055992126,0.5975753664970398,0.9285740852355957,-0.10100217908620834,0.9782865047454834,0.4153914451599121,0.9280152320861816,-0.21589206159114838,0.9768725633621216
sad_v8_1.png,sad,0.5285004377365112,0.3269617557525635,-0.4648118317127228,0.9998773336410522,0.542756199836731,0.3078802227973938,-0.4695359766483307,0.9995274543762207,0.5521352291107178,0.3060910105705261,-0.46953722834587097,0.9995669722557068,0.5601794123649597,0.30401137471199036,-0.4695884883403778,0.9995224475860596,0.5079975128173828,0.30836859345436096,-0.4700668156147003,0.9995050430297852,0.49375391006469727,0.3068007230758667,-0.4702000617980957,0.9994956254959106,0.4808944761753082,0.3049076199531555,-0.47025513648986816,0.9995623230934143,0.5713220834732056,0.29098767042160034,-0.29525312781333923,0.9995162487030029,0.46440914273262024,0.29389482736587524,-0.28853675723075867,0.9996320009231567,0.5447085499763489,0.33478879928588867,-0.3753215968608856,0.9997867941856384,0.5085722208023071,0.3379451334476471,-0.37488049268722534,0.9998101592063904,0.6313022375106812,0.32838836312294006,-0.08550232648849487,0.9999895095825195,0.4033908545970917,0.32696956396102905,-0.07954499125480652,0.9999532699584961,0.6812968850135803,0.44602614641189575,-0.0640445351600647,0.9685246348381042,0.36592578887939453,0.4446779489517212,-0.025580186396837234,0.9762750267982483,0.5112442970275879,0.47607147693634033,-0.20358806848526,0.9274103045463562,0.5365365147590637,0.4488277733325958,-0.08080539107322693,0.9423729181289673,0.4736708104610443,0.4853251874446869,-0.2540578246116638,0.8557228446006775,0.5812464356422424,0.44272518157958984,-0.12219509482383728,0.8762862682342529,0.46917039155960083,0.4723568558692932,-0.25053873658180237,0.8487367630004883,0.5832862854003906,0.43143609166145325,-0.11511590331792831,0.8691795468330383,0.4785279631614685,0.46633026003837585,-0.1995563954114914,0.8018094301223755,0.5730787515640259,0.43115127086639404,-0.07219843566417694,0.8235854506492615,0.5700088739395142,0.5115275979042053,-0.013505663722753525,0.9997702240943909,0.45305758714675903,0.511166512966156,0.01388881728053093,0.9996869564056396,0.5461921095848083,0.7064091563224792,-0.06422469019889832,0.9923325777053833,0.47217392921447754,0.7035127282142639,-0.09685377776622772,0.9924996495246887,0.6613986492156982,0.8694050312042236,0.11528732627630234,0.9927822351455688,0.37822675704956055,0.8713890910148621,0.06038172170519829,0.9898990988731384,0.6848843097686768,0.8925164341926575,0.11855132132768631,0.7617388367652893,0.35317325592041016,0.891572117805481,0.06345343589782715,0.8212390542030334,0.6066880822181702,0.9273126125335693,-0.18455997109413147,0.9862712621688843,0.4205058217048645,0.9309471249580383,-0.22177700698375702,0.983983039855957
sad_v8_2.png,sad,0.5219302177429199,0.324228435754776,-0.8373149633407593,0.9995856881141663,0.5378553867340088,0.30508431792259216,-0.8563088774681091,0.998848557472229,0.5485218167304993,0.3024710416793823,-0.8563467264175415,0.9991198182106018,0.5580708384513855,0.299771785736084,-0.8563851714134216,0.9989099502563477,0.5028491020202637,0.3076704144477844,-0.857631266117096,0.998618483543396,0.489576131105423,0.3067780137062073,-0.8579326272010803,0.9985970854759216,0.4779192805290222,0.3051029443740845,-0.8581395149230957,0.998412013053894,0.5742022395133972,0.28678932785987854,-0.685844898223877,0.9993314743041992,0.4608302116394043,0.2938564419746399,-0.6793017387390137,0.9990297555923462,0.5409308075904846,0.33286625146865845,-0.743209719657898,0.9995515942573547,0.5039225816726685,0.3374282717704773,-0.7434443235397339,0.9993071556091309,0.6292331218719482,0.30720481276512146,-0.44224247336387634,0.999988317489624,0.40382319688796997,0.32169848680496216,-0.4061168134212494,0.9998695850372314,0.6308634281158447,0.4309590458869934,-0.3753094971179962,0.9707893133163452,0.4233533442020416,0.4364006519317627,-0.2931867837905884,0.9286231994628906,0.4398094415664673,0.41548633575439453,-0.416744202375412,0.912105143070221,0.5657415390014648,0.42369404435157776,-0.23183703422546387,0.7197460532188416,0.3951641321182251,0.4112015664577484,-0.4390539228916168,0.824570894241333,0.6008320450782776,0.4171757400035858,-0.2420511245727539,0.5555379390716553,0.3955349028110504,0.39641863107681274,-0.4351275563240051,0.8129242062568665,0.5983297228813171,0.40189865231513977,-0.23130957782268524,0.5230722427368164,0.4101044833660126,0.39729297161102295,-0.40596848726272583,0.74042809009552,0.5818793177604675,0.3997047543525696,-0.2187010794878006,0.44466128945350647,0.5712178945541382,0.517265260219574,-0.012491090223193169,0.9996497631072998,0.4435478150844574,0.515274167060852,0.012796838767826557,0.9993165731430054,0.5511071085929871,0.7068922519683838,-0.06713134050369263,0.9905829429626465,0.4688105583190918,0.7036262154579163,-0.05128294229507446,0.9853856563568115,0.6608784794807434,0.8709201216697693,0.13836202025413513,0.9893416166305542,0.3799169063568115,0.87186598777771,0.13120248913764954,0.9778101444244385,0.6816897988319397,0.8917436003684998,0.14185172319412231,0.7244107127189636,0.36220693588256836,0.8926905393600464,0.13456110656261444,0.7393879890441895,0.5991780757904053,0.929202675819397,-0.18955960869789124,0.9821332097053528,0.42211222648620605,0.9292184114456177,-0.1675160974264145,0.9732864499092102
sad_v8_3.png,sad,0.5214903354644775,0.27922314405441284,-0.6071721315383911,0.9998329877853394,0.5399590134620667,0.2561206519603729,-0.6050309538841248,0.9996480941772461,0.5494167804718018,0.2544626295566559,-0.6051324605941772,0.9997065663337708,0.5593026876449585,0.2529473304748535,-0.6052684187889099,0.9996702671051025,0.5034873485565186,0.2575015425682068,-0.5971779227256775,0.9993621706962585,0.48953285813331604,0.2568293809890747,-0.5972590446472168,0.9992828965187073,0.47753268480300903,0.2559511959552765,-0.597369909286499,0.9992369413375854,0.5768051147460938,0.24701280891895294,-0.3712102174758911,0.9997797608375549,0.4618789255619049,0.24916695058345795,-0.32647058367729187,0.9991208910942078,0.5412564873695374,0.2925386428833008,-0.49567779898643494,0.9998914003372192,0.5036599636077881,0.2909453511238098,-0.4847143590450287,0.9997814297676086,0.6381593346595764,0.30426329374313354,-0.14568279683589935,0.9999885559082031,0.3958972990512848,0.3059596121311188,-0.03703269734978676,0.9998996257781982,0.6415186524391174,0.43240806460380554,-0.3487784266471863,0.9727680683135986,0.3920566439628601,0.44024425745010376,-0.2152843475341797,0.869303286075592,0.5612533688545227,0.3650001883506775,-0.7910991311073303,0.9551712274551392,0.47085708379745483,0.3615713119506836,-0.7265512347221375,0.9009324312210083,0.5438085794448853,0.337555468082428,-0.8678964376449585,0.90350741147995,0.48940861225128174,0.33626753091812134,-0.8090243339538574,0.8205350637435913,0.545661211013794,0.3274974822998047,-0.8447556495666504,0.8993110656738281,0.48163720965385437,0.32305270433425903,-0.8031456470489502,0.8087342977523804,0.5477899312973022,0.33376747369766235,-0.7852011919021606,0.8514715433120728,0.4816057085990906,0.3287769556045532,-0.7334403395652771,0.7502081990242004,0.5702362656593323,0.5148233771324158,-0.029514016583561897,0.9992799162864685,0.44612136483192444,0.513827383518219,0.02958509884774685,0.9986461997032166,0.5453110337257385,0.7068480253219604,-0.17303119599819183,0.9920284152030945,0.4728032648563385,0.707719087600708,-0.11064035445451736,0.9836323857307434,0.6589702367782593,0.8677929043769836,0.25225138664245605,0.9879633188247681,0.37554094195365906,0.8685159683227539,0.28205716609954834,0.9784462451934814,0.678309440612793,0.8905453085899353,0.27754783630371094,0.7019549012184143,0.353299081325531,0.8886528611183167,0.30644750595092773,0.7773725986480713,0.5849116444587708,0.9284904599189758,-0.07464130967855453,0.974980354309082,0.42534905672073364,0.9294569492340088,-0.030874252319335938,0.9693538546562195
sad_v8_4.png,sad,0.5170158743858337,0.283855140209198,-0.6432454586029053,0.9998722076416016,0.5361076593399048,0.2637856900691986,-0.6432571411132812,0.9997026324272156,0.5464767813682556,0.2626253366470337,-0.6433054208755493,0.9997478127479553,0.5553001165390015,0.2615475058555603,-0.6434072256088257,0.9997277855873108,0.4982917010784149,0.26395654678344727,-0.6347441673278809,0.9994760155677795,0.4844403564929962,0.2627812922000885,-0.6348397731781006,0.9994127750396729,0.47290655970573425,0.2615768611431122,-0.6349217891693115,0.9993822574615479,0.5753200650215149,0.2523234486579895,-0.4095209836959839,0.9997904896736145,0.456043541431427,0.25442934036254883,-0.3643234670162201,0.9991808533668518,0.5388197898864746,0.2965626120567322,-0.5315275192260742,0.9998799562454224,0.5000978708267212,0.2949068546295166,-0.5204702019691467,0.9997801184654236,0.6345561146736145,0.30493322014808655,-0.17553508281707764,0.9999816417694092,0.3934535086154938,0.30767762660980225,-0.05980032682418823,0.9998830556869507,0.6305331587791443,0.43723228573799133,-0.36698782444000244,0.9700591564178467,0.3997158110141754,0.4442932903766632,-0.23792734742164612,0.8328117728233337,0.5516484379768372,0.3565489649772644,-0.7738590240478516,0.9576094746589661,0.46010443568229675,0.3581511378288269,-0.7546200752258301,0.85325026512146,0.5360727906227112,0.3283880949020386,-0.8435084819793701,0.9043670892715454,0.4728619456291199,0.33015185594558716,-0.8340859413146973,0.7484205961227417,0.5384150147438049,0.31944775581359863,-0.8198320865631104,0.9004057049751282,0.4664994776248932,0.31723958253860474,-0.8261678218841553,0.7339345216751099,0.5405569672584534,0.3267408609390259,-0.7668040990829468,0.8497496843338013,0.4675213694572449,0.32438233494758606,-0.7610580921173096,0.6632564663887024,0.5730142593383789,0.5165003538131714,-0.017008161172270775,0.9992386102676392,0.44604986906051636,0.5126646161079407,0.01697569340467453,0.9987353682518005,0.5538525581359863,0.7068501710891724,-0.17674089968204498,0.9907504916191101,0.4795786440372467,0.7052470445632935,-0.17210136353969574,0.9835631847381592,0.6583896279335022,0.8700921535491943,0.20001547038555145,0.9867913722991943,0.3817717432975769,0.8683448433876038,0.18866591155529022,0.9799899458885193,0.6803109049797058,0.8937327861785889,0.2197439819574356,0.6991593241691589,0.3556515574455261,0.8877096772193909,0.2087794691324234,0.7900048494338989,0.5873817801475525,0.930874764919281,-0.1447581946849823,0.9758777618408203,0.425059974193573,0.9280651211738586,-0.13949401676654816,0.9741867184638977
surprised_v1_1.png,surprised,0.47798606753349304,0.22272977232933044,-0.476596862077713,0.9996397495269775,0.48311883211135864,0.2017400860786438,-0.44095271825790405,0.9994415640830994,0.48932480812072754,0.2000727653503418,-0.4410485327243805,0.9993041753768921,0.4964326024055481,0.19873195886611938,-0.441089928150177,0.9993916749954224,0.4544682204723358,0.20714643597602844,-0.45697256922721863,0.9992200136184692,0.44045501947402954,0.2090524286031723,-0.45693132281303406,0.9990480542182922,0.4275464415550232,0.21104025840759277,-0.4570089280605316,0.9991394281387329,0.5023987293243408,0.20078283548355103,-0.1405147910118103,0.9989896416664124,0.4059988856315613,0.21814094483852386,-0.2084086537361145,0.9988448619842529,0.49824413657188416,0.23884408175945282,-0.3530433773994446,0.9996448755264282,0.46379023790359497,0.2456357181072235,-0.37309056520462036,0.9994909763336182,0.5752825140953064,0.2753686010837555,0.02755291946232319,0.9998186230659485,0.36479565501213074,0.30238690972328186,-0.08555471897125244,0.9992558360099792,0.6518692970275879,0.3819650113582611,-0.3324733376502991,0.9547247886657715,0.38825494050979614,0.40917500853538513,-0.4674420654773712,0.9590542912483215,0.529369056224823,0.28295642137527466,-0.877841055393219,0.9706968665122986,0.4425297677516937,0.2923438549041748,-0.9629982113838196,0.9623955488204956,0.5169718861579895,0.2522052526473999,-0.9899649024009705,0.935964822769165,0.43936312198638916,0.2580797076225281,-1.0665348768234253,0.9217835068702698,0.5134384036064148,0.2440161108970642,-0.9531934261322021,0.9306318759918213,0.42902594804763794,0.24964624643325806,-1.052962303161621,0.9144512414932251,0.5135747194290161,0.25421950221061707,-0.8768962025642395,0.9064434766769409,0.4336051940917969,0.2617195248603821,-0.9690249562263489,0.8860201239585876,0.6188430786132812,0.51317298412323,0.02241424471139908,0.9994862079620361,0.4821564555168152,0.5245533585548401,-0.022358933463692665,0.9991335272789001,0.650073230266571,0.7104747295379639,-0.046322256326675415,0.9932205677032471,0.4660624861717224,0.7179779410362244,-0.04788319021463394,0.9891169667243958,0.6534733772277832,0.8694448471069336,0.407712459564209,0.9872547388076782,0.3872431516647339,0.8739805817604065,0.4459861218929291,0.9788956642150879,0.6370769143104553,0.8909468054771423,0.43697389960289,0.8677549362182617,0.39074045419692993,0.8907202482223511,0.48139268159866333,0.7823978066444397,0.6780412793159485,0.9374362826347351,0.11862071603536606,0.9785874485969543,0.36108341813087463,0.9433997273445129,0.17232775688171387,0.9664241671562195
surprised_v1_2.png,surprised,0.4843714237213135,0.22756856679916382,-0.385661244392395,0.9996927976608276,0.4879249930381775,0.20614445209503174,-0.3390151858329773,0.9995003938674927,0.4950360655784607,0.20464593172073364,-0.33890223503112793,0.9992501139640808,0.5024949312210083,0.20312321186065674,-0.3390141427516937,0.9994103908538818,0.45858263969421387,0.20910458266735077,-0.36221957206726074,0.9994993209838867,0.4439420700073242,0.21032889187335968,-0.362202525138855,0.9994218349456787,0.4308428168296814,0.2117539644241333,-0.3622492253780365,0.9996232986450195,0.5060336589813232,0.2061515748500824,-0.03541992977261543,0.9990033507347107,0.4061219096183777,0.2198367714881897,-0.1399211585521698,0.9996259212493896,0.4993647634983063,0.2460586279630661,-0.2650500535964966,0.9995263814926147,0.4643641710281372,0.25214672088623047,-0.2958342730998993,0.9996843338012695,0.570327639579773,0.27348577976226807,0.14782117307186127,0.9997954964637756,0.36592110991477966,0.30703622102737427,-0.028190672397613525,0.9992591738700867,0.7212634682655334,0.3298467993736267,-0.08678887039422989,0.9814335703849792,0.2538192868232727,0.3702665865421295,-0.3881550431251526,0.9938310384750366,0.5923795700073242,0.238299161195755,-0.3563670217990875,0.97174072265625,0.3576483428478241,0.2628578543663025,-0.6609164476394653,0.9680768847465515,0.5648448467254639,0.2088683694601059,-0.4152515232563019,0.9011036157608032,0.3715660572052002,0.2277846485376358,-0.7322628498077393,0.8687548041343689,0.5497116446495056,0.21266792714595795,-0.345025897026062,0.8841657042503357,0.39059561491012573,0.22909685969352722,-0.6716307401657104,0.8474218845367432,0.55168217420578,0.22623762488365173,-0.33604034781455994,0.8486946821212769,0.39367103576660156,0.2416834980249405,-0.6438679099082947,0.8110732436180115,0.6324777007102966,0.518339216709137,0.024436434730887413,0.9994611144065857,0.49580246210098267,0.5306192636489868,-0.024454660713672638,0.999071478843689,0.663233757019043,0.7097312211990356,-0.09747213870286942,0.9884440302848816,0.4719940721988678,0.7282499074935913,-0.09460888057947159,0.9665899872779846,0.6534641981124878,0.8732644319534302,0.3522554636001587,0.9809145927429199,0.3875329792499542,0.8748849630355835,0.29368162155151367,0.9766359925270081,0.6364197731018066,0.892562210559845,0.3832835555076599,0.7807663083076477,0.388528436422348,0.892562210559845,0.3183937966823578,0.7828453183174133,0.669831395149231,0.9368541836738586,0.08198439329862595,0.966566801071167,0.35851752758026123,0.9418206810951233,0.014407831244170666,0.9611592888832092
surprised_v1_3.png,surprised,0.4850541353225708,0.2254028618335724,-0.3893647789955139,0.9999247789382935,0.48623162508010864,0.20636126399040222,-0.34485769271850586,0.9998776912689209,0.49197250604629517,0.20546826720237732,-0.3447096347808838,0.9998045563697815,0.4976082742214203,0.20446372032165527,-0.34475550055503845,0.9998524188995361,0.4627849757671356,0.20729060471057892,-0.3726864159107208,0.999883770942688,0.45024216175079346,0.20784583687782288,-0.3726345896720886,0.999861478805542,0.4369450509548187,0.20908191800117493,-0.3726535737514496,0.9999099969863892,0.4945984482765198,0.2068859338760376,-0.055413275957107544,0.9996719360351562,0.4042867124080658,0.21902680397033691,-0.18343983590602875,0.9998952150344849,0.4971577823162079,0.24353280663490295,-0.275027871131897,0.9998899698257446,0.4680836796760559,0.24743515253067017,-0.3123926520347595,0.9999271631240845,0.5636369585990906,0.2767956554889679,0.10703156143426895,0.9998571872711182,0.36242949962615967,0.3126140236854553,-0.09854527562856674,0.9996508359909058,0.6988772749900818,0.3379598557949066,-0.17529870569705963,0.9780859351158142,0.26307329535484314,0.37007132172584534,-0.5027887225151062,0.9955267310142517,0.5789802670478821,0.2471521645784378,-0.5255191922187805,0.9812173843383789,0.35874345898628235,0.26066118478775024,-0.8090773820877075,0.9815540313720703,0.5523163080215454,0.21883419156074524,-0.5962002277374268,0.9386190176010132,0.36824285984039307,0.22612734138965607,-0.8847619295120239,0.9273069500923157,0.5398085713386536,0.2220149040222168,-0.5333529710769653,0.9279788732528687,0.37963491678237915,0.22423845529556274,-0.825221836566925,0.9130290746688843,0.5415178537368774,0.23519621789455414,-0.5092952847480774,0.9007349610328674,0.38300207257270813,0.2363029420375824,-0.791694164276123,0.8884629607200623,0.6497602462768555,0.5160553455352783,0.03227195143699646,0.9996927976608276,0.5182321071624756,0.5329118967056274,-0.03241477534174919,0.9996544122695923,0.6785646080970764,0.710453450679779,0.017749903723597527,0.991260826587677,0.4974621534347534,0.7357607483863831,-0.07570723444223404,0.983877420425415,0.6595668196678162,0.86803138256073,0.4752956032752991,0.9855727553367615,0.38362687826156616,0.8810745477676392,0.32085055112838745,0.9820964336395264,0.6396707892417908,0.8859922885894775,0.5084836483001709,0.8341782093048096,0.3876613676548004,0.8952596187591553,0.34877845644950867,0.8337738513946533,0.6791048645973206,0.9371921420097351,0.23985344171524048,0.9749494194984436,0.3532605469226837,0.9422959685325623,0.0798545628786087,0.9695156216621399
surprised_v1_4.png,surprised,0.4828953742980957,0.21133604645729065,-0.36742082238197327,0.9999256134033203,0.4829098880290985,0.19475367665290833,-0.32038792967796326,0.9998984336853027,0.4880855679512024,0.1941002905368805,-0.32037684321403503,0.9998583793640137,0.49348852038383484,0.1935350000858307,-0.3203848600387573,0.9998936653137207,0.46062445640563965,0.1964869201183319,-0.35872581601142883,0.9998811483383179,0.44947195053100586,0.19724929332733154,-0.35869237780570984,0.9998582601547241,0.4368056654930115,0.19890916347503662,-0.358745813369751,0.9998862743377686,0.4911598861217499,0.1988208293914795,-0.02435940131545067,0.9997573494911194,0.40495938062667847,0.21406704187393188,-0.19791027903556824,0.999835729598999,0.49917373061180115,0.22792944312095642,-0.25155073404312134,0.9999260902404785,0.46918800473213196,0.23163068294525146,-0.30164670944213867,0.9999161958694458,0.5625846982002258,0.27834126353263855,0.1299682855606079,0.9998987913131714,0.36061978340148926,0.31247520446777344,-0.13804955780506134,0.9996297359466553,0.6720507740974426,0.3773987293243408,-0.21033701300621033,0.9476410746574402,0.3720550239086151,0.40750837326049805,-0.5344147086143494,0.9854295253753662,0.5782235860824585,0.2823959290981293,-0.7513828277587891,0.9791770577430725,0.4254986643791199,0.28540682792663574,-0.9357406497001648,0.9863035082817078,0.565809965133667,0.24530629813671112,-0.8598452806472778,0.9527576565742493,0.4208946228027344,0.25427284836769104,-1.0352632999420166,0.9664372801780701,0.5628032684326172,0.2370462715625763,-0.827366828918457,0.9487364292144775,0.4209054708480835,0.2472570836544037,-1.0098508596420288,0.9616394639015198,0.5576251149177551,0.25426825881004333,-0.7540703415870667,0.9302003383636475,0.42636096477508545,0.2590729892253876,-0.9334929585456848,0.943528413772583,0.650959849357605,0.5126764178276062,0.05362081900238991,0.9997928738594055,0.5215734839439392,0.5305998921394348,-0.05353660508990288,0.9996877908706665,0.6860725283622742,0.709723174571991,0.017275648191571236,0.9932791590690613,0.5017966032028198,0.7302432656288147,-0.11490324884653091,0.9903970956802368,0.6583065390586853,0.8690032958984375,0.5252107977867126,0.9848881959915161,0.38913145661354065,0.875117838382721,0.4253093898296356,0.9741350412368774,0.6354615688323975,0.891171395778656,0.5623818039894104,0.860639214515686,0.3848181962966919,0.8918192386627197,0.4686886966228485,0.7848542928695679,0.6862956881523132,0.9380996227264404,0.29044148325920105,0.9748161435127258,0.3603213429450989,0.9467487335205078,0.20940110087394714,0.9621372222900391
surprised_v2_1.png,surprised,0.5128576159477234,0.1465550661087036,-0.37324702739715576,0.9999978542327881,0.5278069376945496,0.12452801316976547,-0.31165599822998047,0.9999951124191284,0.5359072685241699,0.12421965599060059,-0.3119751513004303,0.9999940395355225,0.5444068908691406,0.12383653968572617,-0.31211045384407043,0.9999948740005493,0.4931260049343109,0.12676385045051575,-0.32815322279930115,0.9999939203262329,0.4789944291114807,0.12811750173568726,-0.3281949460506439,0.9999921321868896,0.4653652012348175,0.1295696496963501,-0.328116774559021,0.9999922513961792,0.5525654554367065,0.13031193614006042,0.024788351729512215,0.9999865293502808,0.445760041475296,0.13900351524353027,-0.053377412259578705,0.9999854564666748,0.5296425819396973,0.16585305333137512,-0.24669848382472992,0.9999960660934448,0.48568394780158997,0.168828547000885,-0.2680440843105316,0.9999959468841553,0.6128144860267639,0.2323903739452362,0.30584022402763367,0.9999915361404419,0.3938329517841339,0.24027064442634583,0.0739377960562706,0.999982476234436,0.7022484540939331,0.3411242365837097,0.4447423219680786,0.9786750078201294,0.3263879716396332,0.3557674288749695,0.07990564405918121,0.9761155247688293,0.8426659107208252,0.3699725270271301,0.09647329896688461,0.9948315620422363,0.2043347954750061,0.3929874300956726,-0.31503868103027344,0.9903234243392944,0.8906216621398926,0.36679530143737793,0.02122296392917633,0.9912766218185425,0.16006982326507568,0.3908548355102539,-0.39984580874443054,0.9860354661941528,0.8927788734436035,0.35519522428512573,-0.0805186778306961,0.9928995370864868,0.15779690444469452,0.3807990550994873,-0.5064188838005066,0.988298773765564,0.871107816696167,0.35803061723709106,0.043388452380895615,0.9915509223937988,0.17564277350902557,0.3819027543067932,-0.36813995242118835,0.9872575402259827,0.582256019115448,0.48189347982406616,0.16474686563014984,0.9994819760322571,0.47037386894226074,0.4804435968399048,-0.16435913741588593,0.999841570854187,0.5342555046081543,0.671297013759613,0.1745535284280777,0.8507839441299438,0.5420726537704468,0.6651343107223511,-0.4702068567276001,0.9898298382759094,0.38526126742362976,0.8099241256713867,0.5706592798233032,0.932535707950592,0.6122880578041077,0.8818145990371704,-0.4324510097503662,0.9953733086585999,0.3372156620025635,0.822762131690979,0.5965477228164673,0.9244983792304993,0.5887817144393921,0.9148003458976746,-0.4473138451576233,0.9795345067977905,0.4238625168800354,0.8876686692237854,0.4007919728755951,0.9387546181678772,0.7271241545677185,0.9140365123748779,-0.7835440039634705,0.9901198148727417
surprised_v2_2.png,surprised,0.49738234281539917,0.1480754017829895,-0.4104859232902527,0.9999996423721313,0.5159487128257751,0.12664636969566345,-0.345130980014801,0.9999990463256836,0.5278242230415344,0.1255742311477661,-0.345223993062973,0.9999988079071045,0.5369974970817566,0.12504252791404724,-0.34526553750038147,0.9999988079071045,0.48010340332984924,0.12940040230751038,-0.3618541359901428,0.9999992847442627,0.46822473406791687,0.13024607300758362,-0.3620631992816925,0.9999992847442627,0.4592929780483246,0.13076075911521912,-0.36194705963134766,0.9999992847442627,0.549266517162323,0.13316991925239563,0.001298842253163457,0.999997615814209,0.44482657313346863,0.1391286551952362,-0.07869498431682587,0.9999990463256836,0.5220782160758972,0.1654549539089203,-0.2844257652759552,0.9999990463256836,0.4738219380378723,0.1675516664981842,-0.30710911750793457,0.9999992847442627,0.6185387969017029,0.2322506308555603,0.28931352496147156,0.9999525547027588,0.4030933380126953,0.24078594148159027,-0.07067611813545227,0.9999918937683105,0.7454125881195068,0.2680165767669678,0.1964683085680008,0.9799305200576782,0.26970404386520386,0.27389389276504517,-0.49692413210868835,0.9962465167045593,0.881081223487854,0.2694956064224243,-0.2012787163257599,0.9929307699203491,0.1405346393585205,0.2737005650997162,-1.2337547540664673,0.9968886971473694,0.9273999929428101,0.25074654817581177,-0.2607840895652771,0.9864062666893005,0.09760510921478271,0.2550821900367737,-1.3663870096206665,0.9937512278556824,0.917113184928894,0.24393105506896973,-0.319676011800766,0.9880697131156921,0.10665872693061829,0.25148695707321167,-1.4050995111465454,0.99442458152771,0.8980733156204224,0.2528071701526642,-0.23863385617733002,0.9861482381820679,0.12539929151535034,0.2605120837688446,-1.2698180675506592,0.9937388896942139,0.5848131775856018,0.48174116015434265,0.1894129365682602,0.9997394680976868,0.4712378978729248,0.47893378138542175,-0.18934494256973267,0.9999595880508423,0.5286718010902405,0.6730790138244629,0.2634730339050293,0.9017606973648071,0.5425747632980347,0.666060745716095,-0.5349292159080505,0.9963885545730591,0.38204091787338257,0.8045437335968018,0.707668125629425,0.9689477682113647,0.6128396391868591,0.879391610622406,-0.5305801630020142,0.9986940026283264,0.3325729966163635,0.8188678622245789,0.7366676330566406,0.9513620138168335,0.5870044231414795,0.9166799783706665,-0.5496897101402283,0.9917454123497009,0.41867634654045105,0.8886508345603943,0.5345732569694519,0.9768927097320557,0.7238151431083679,0.9085493683815002,-0.9046509265899658,0.9974496960639954
surprised_v2_3.png,surprised,0.4799090027809143,0.19421657919883728,-0.5330615639686584,0.9999990463256836,0.4702889621257782,0.17591723799705505,-0.45615825057029724,0.999997615814209,0.47529470920562744,0.17393067479133606,-0.4560399651527405,0.999996542930603,0.48105108737945557,0.17143309116363525,-0.4561207890510559,0.9999966621398926,0.4483717381954193,0.1852353811264038,-0.49244123697280884,0.9999986886978149,0.4374386668205261,0.19053399562835693,-0.4925370216369629,0.9999988079071045,0.42615336179733276,0.19677451252937317,-0.49242693185806274,0.9999985694885254,0.4864755868911743,0.17819860577583313,-0.06991375237703323,0.9999963045120239,0.4093814492225647,0.21797940135002136,-0.23613175749778748,0.9999982118606567,0.5031818747520447,0.2089553028345108,-0.39082327485084534,0.9999972581863403,0.48003122210502625,0.22391705214977264,-0.43770724534988403,0.9999958276748657,0.6008566617965698,0.2599043846130371,0.3122686445713043,0.9999548196792603,0.43425077199935913,0.29944026470184326,-0.28107064962387085,0.99996018409729,0.7656157612800598,0.25197580456733704,0.6222545504570007,0.9854903221130371,0.28157055377960205,0.3261159658432007,-0.7158234715461731,0.9981204867362976,0.8992100358009338,0.21916824579238892,0.6003060340881348,0.9984099864959717,0.1458209753036499,0.3273944556713104,-1.3418604135513306,0.9980858564376831,0.9310052394866943,0.19298726320266724,0.6304016709327698,0.9961632490158081,0.0968291163444519,0.3192537724971771,-1.4641286134719849,0.9948312640190125,0.9274377226829529,0.187536358833313,0.5483209490776062,0.9968333840370178,0.09831780195236206,0.31387948989868164,-1.4838988780975342,0.9950053095817566,0.9181922078132629,0.1979561746120453,0.5646600723266602,0.9960224628448486,0.1172487735748291,0.3177228569984436,-1.3698209524154663,0.9938521385192871,0.6794493198394775,0.48486781120300293,0.22367550432682037,0.9995661377906799,0.6227981448173523,0.4906710982322693,-0.22409546375274658,0.9998502731323242,0.6127668023109436,0.667224645614624,0.3368963301181793,0.9006494283676147,0.6473239660263062,0.6686082482337952,-0.31022247672080994,0.9916718602180481,0.45522576570510864,0.7953227162361145,0.7668708562850952,0.9659938812255859,0.7115307450294495,0.8719364404678345,-0.10273279994726181,0.9964470267295837,0.40683746337890625,0.7996405363082886,0.7987938523292542,0.9691343307495117,0.6919406056404114,0.911263108253479,-0.09342176467180252,0.9879222512245178,0.4785394072532654,0.8832899928092957,0.6301578879356384,0.9735066890716553,0.8368332386016846,0.892446756362915,-0.40109074115753174,0.9946057200431824
surprised_v2_4.png,surprised,0.4781672954559326,0.20145538449287415,-0.5495857000350952,0.9999983310699463,0.4698960781097412,0.18107444047927856,-0.47553160786628723,0.9999958276748657,0.47540003061294556,0.17871809005737305,-0.47542086243629456,0.9999939203262329,0.4812943935394287,0.17588374018669128,-0.4755306541919708,0.9999942779541016,0.44359317421913147,0.1920497715473175,-0.506681501865387,0.999997615814209,0.43176794052124023,0.19763943552970886,-0.5067903399467468,0.9999977350234985,0.4213981628417969,0.20326440036296844,-0.5067349672317505,0.9999974966049194,0.48977458477020264,0.17955714464187622,-0.08903967589139938,0.9999938011169434,0.40876975655555725,0.22076964378356934,-0.2317076474428177,0.9999966621398926,0.5028104782104492,0.2151850461959839,-0.40603530406951904,0.9999954700469971,0.47665727138519287,0.23120316863059998,-0.4464382827281952,0.9999924898147583,0.6025575399398804,0.25912508368492126,0.3016124367713928,0.9999371767044067,0.4347512722015381,0.2989078164100647,-0.2647481858730316,0.9999487400054932,0.7641095519065857,0.2503117024898529,0.6768963932991028,0.9805318713188171,0.2885913848876953,0.32345667481422424,-0.6974610686302185,0.9966049194335938,0.8949726819992065,0.22128482162952423,0.7562369704246521,0.9977497458457947,0.1447647213935852,0.3289862275123596,-1.333605170249939,0.9963387250900269,0.9259848594665527,0.19302025437355042,0.8042910099029541,0.994956910610199,0.09629464149475098,0.3188694417476654,-1.4559317827224731,0.9909223914146423,0.9233879446983337,0.1877843737602234,0.7200626730918884,0.9958544969558716,0.09771710634231567,0.31459057331085205,-1.4848599433898926,0.9913594126701355,0.9146092534065247,0.19958138465881348,0.7230699062347412,0.9948911666870117,0.11633497476577759,0.31927740573883057,-1.3662493228912354,0.9897459745407104,0.6851956248283386,0.4859759211540222,0.21211829781532288,0.9995995163917542,0.6176496148109436,0.48971831798553467,-0.212508425116539,0.9998751878738403,0.6135192513465881,0.6657663583755493,0.3391062021255493,0.879867434501648,0.6439569592475891,0.6656112670898438,-0.36818835139274597,0.9899548292160034,0.4565197229385376,0.7962217330932617,0.8051195740699768,0.9644008278846741,0.7109462022781372,0.8702037334442139,-0.17816653847694397,0.9960854053497314,0.40783756971359253,0.8022159934043884,0.8394145965576172,0.9668826460838318,0.692004919052124,0.9075555205345154,-0.17143535614013672,0.9872940182685852,0.4816998839378357,0.881928563117981,0.6545770168304443,0.9727376103401184,0.8316358327865601,0.8916115164756775,-0.498498797416687,0.994486391544342
surprised_v3_1.png,surprised,0.5134783983230591,0.1794048249721527,-0.46609625220298767,0.9999419450759888,0.5200731754302979,0.15907424688339233,-0.41093015670776367,0.9999270439147949,0.5280265212059021,0.15753081440925598,-0.41111987829208374,0.9999217987060547,0.535164475440979,0.15616610646247864,-0.4111902415752411,0.9999245405197144,0.4874136447906494,0.16496729850769043,-0.43241336941719055,0.9998800754547119,0.4734087884426117,0.1673029065132141,-0.4324045777320862,0.9998564720153809,0.46108385920524597,0.1697942018508911,-0.43248045444488525,0.9998270869255066,0.5417010188102722,0.16404354572296143,-0.060034144669771194,0.9998421669006348,0.43737831711769104,0.1812668740749359,-0.15645867586135864,0.9998247027397156,0.5363936424255371,0.1962854564189911,-0.3306972086429596,0.9999186992645264,0.49545976519584656,0.20301352441310883,-0.35876908898353577,0.9998989105224609,0.6145301461219788,0.2709830403327942,0.2028978317975998,0.9999200105667114,0.39112526178359985,0.2660278379917145,-0.07926186919212341,0.9997746348381042,0.656226396560669,0.37815558910369873,-0.027416622266173363,0.9438391327857971,0.37951284646987915,0.3732086420059204,-0.45103710889816284,0.986759603023529,0.6976380348205566,0.32094305753707886,-0.6513053774833679,0.990272581577301,0.46080461144447327,0.27966511249542236,-1.0206217765808105,0.9939365983009338,0.7210811376571655,0.2972102761268616,-0.7700791954994202,0.9801232218742371,0.49492159485816956,0.2578786611557007,-1.1371827125549316,0.9863364696502686,0.718671977519989,0.2840914726257324,-0.7818300127983093,0.9805088043212891,0.4927486479282379,0.24582505226135254,-1.1338071823120117,0.9849140048027039,0.70224928855896,0.2899649441242218,-0.6727359294891357,0.9698221683502197,0.4871115982532501,0.25320935249328613,-1.028058409690857,0.9744269847869873,0.6012935638427734,0.5003281235694885,0.10087988525629044,0.9993891716003418,0.4621741771697998,0.5061585903167725,-0.10064201056957245,0.9987789988517761,0.6617839932441711,0.6884634494781494,-0.08243881911039352,0.9549360275268555,0.5106762051582336,0.6953287124633789,-0.09894312173128128,0.9658287167549133,0.6987297534942627,0.8808925151824951,0.06819723546504974,0.9627029299736023,0.5008553862571716,0.8786851167678833,0.20774151384830475,0.9406238794326782,0.6770519018173218,0.9123345613479614,0.06239992007613182,0.8938784599304199,0.5026918649673462,0.8995101451873779,0.2188313752412796,0.6807922720909119,0.7856981754302979,0.9314739108085632,-0.2872016131877899,0.9561273455619812,0.517632782459259,0.9382238984107971,-0.1354449838399887,0.9238426685333252
surprised_v3_2.png,surprised,0.4596126675605774,0.2017972469329834,-0.31379133462905884,0.9998745918273926,0.4593378007411957,0.18165349960327148,-0.2598285973072052,0.9998525381088257,0.4664355516433716,0.17979609966278076,-0.2599422037601471,0.9998313188552856,0.4730665683746338,0.17820942401885986,-0.26004916429519653,0.9998605251312256,0.4332471489906311,0.1877390444278717,-0.2982899248600006,0.9997305274009705,0.418923020362854,0.1912098228931427,-0.29829683899879456,0.999703586101532,0.4046854078769684,0.195042222738266,-0.29840368032455444,0.9996727705001831,0.4767928421497345,0.18573537468910217,0.09307701885700226,0.9997678399085999,0.3785748779773712,0.21185773611068726,-0.07956509292125702,0.9997699856758118,0.47999924421310425,0.21981553733348846,-0.17324689030647278,0.9999138116836548,0.45068228244781494,0.2282620668411255,-0.22359849512577057,0.9998663663864136,0.5702823996543884,0.26346972584724426,0.3640493154525757,0.9999778270721436,0.35469871759414673,0.2888789176940918,-0.08389510214328766,0.999792754650116,0.6604350805282593,0.36885714530944824,0.14859221875667572,0.9036875367164612,0.37031877040863037,0.37878015637397766,-0.5272120237350464,0.9904879927635193,0.6287763714790344,0.32995855808258057,-0.38258424401283264,0.9811447262763977,0.4413308799266815,0.28040048480033875,-0.9847119450569153,0.9900386333465576,0.614844799041748,0.3064720332622528,-0.4836643934249878,0.9639622569084167,0.46808773279190063,0.2532586455345154,-1.0998375415802002,0.9760347604751587,0.6106019020080566,0.2936594784259796,-0.4830222725868225,0.9638556241989136,0.4642200469970703,0.24295574426651,-1.0722994804382324,0.9721397161483765,0.6057073473930359,0.3021295666694641,-0.3972490131855011,0.9487282633781433,0.4608480930328369,0.25009605288505554,-0.9803968071937561,0.9537075757980347,0.6308726072311401,0.49846258759498596,0.1467885673046112,0.9997782111167908,0.49995124340057373,0.5157825946807861,-0.14638231694698334,0.9992528557777405,0.7064321637153625,0.690742552280426,-0.08319899439811707,0.9473854899406433,0.5692557692527771,0.7061023712158203,-0.2870264947414398,0.9763960242271423,0.7115247845649719,0.8755910396575928,0.3012872636318207,0.9459494948387146,0.5089256167411804,0.87677001953125,0.15972374379634857,0.9537563920021057,0.6853401064872742,0.9047784805297852,0.32361751794815063,0.8301348090171814,0.48755234479904175,0.8987674117088318,0.1908852458000183,0.7072240114212036,0.7774710059165955,0.93397057056427,0.02322055585682392,0.9346225261688232,0.536811888217926,0.9491012096405029,-0.12524881958961487,0.9396018981933594
surprised_v3_3.png,surprised,0.4992510676383972,0.18840327858924866,-0.2455078512430191,0.9999425411224365,0.4977080821990967,0.168756902217865,-0.18875432014465332,0.9999412298202515,0.5033628344535828,0.16677150130271912,-0.18884751200675964,0.9999244213104248,0.5087857246398926,0.16497844457626343,-0.18893857300281525,0.9999349117279053,0.47334906458854675,0.1749713122844696,-0.22965842485427856,0.9999203681945801,0.4604625999927521,0.1775107979774475,-0.22964957356452942,0.9999082088470459,0.4477553069591522,0.18003427982330322,-0.22974389791488647,0.9999111890792847,0.5052840113639832,0.17168545722961426,0.14752979576587677,0.9998656511306763,0.41784924268722534,0.19154036045074463,-0.03939428925514221,0.999944806098938,0.518251895904541,0.20493333041667938,-0.11367453634738922,0.9999105930328369,0.49058789014816284,0.20986993610858917,-0.16803282499313354,0.9999208450317383,0.5771039724349976,0.25454777479171753,0.37306085228919983,0.999937891960144,0.3755345344543457,0.2744513750076294,-0.0667114183306694,0.9997795224189758,0.7103315591812134,0.305314838886261,0.04319494217634201,0.9770668148994446,0.38890552520751953,0.357207715511322,-0.5071714520454407,0.9941404461860657,0.7031053304672241,0.2181580513715744,-0.5184557437896729,0.9943819642066956,0.4695453643798828,0.2642894983291626,-0.8864306807518005,0.9960440397262573,0.7042560577392578,0.18442130088806152,-0.6277581453323364,0.9832019209861755,0.49205711483955383,0.23897197842597961,-0.9834011197090149,0.9882721304893494,0.6921596527099609,0.1800607144832611,-0.6017340421676636,0.982513964176178,0.4908330738544464,0.22879146039485931,-0.9651139378547668,0.9867059588432312,0.6849671602249146,0.19014883041381836,-0.5273693203926086,0.975681483745575,0.4890629053115845,0.2371142953634262,-0.8837527632713318,0.9775615334510803,0.6141197681427002,0.49587389826774597,0.12794144451618195,0.9996160268783569,0.48423629999160767,0.5073214769363403,-0.12774518132209778,0.9990884065628052,0.6782061457633972,0.6865339875221252,0.01109624095261097,0.9145066142082214,0.5298241376876831,0.694923460483551,-0.20410223305225372,0.9369983673095703,0.7084658741950989,0.8774224519729614,0.16445209085941315,0.9258633255958557,0.5001006126403809,0.8842156529426575,0.007932872511446476,0.9202892780303955,0.6860765218734741,0.9106547832489014,0.16228967905044556,0.8489359617233276,0.49341699481010437,0.9062857031822205,0.01261999923735857,0.6163725852966309,0.7871460318565369,0.9328563213348389,-0.12387943267822266,0.9283520579338074,0.5338900685310364,0.9405086040496826,-0.3079451024532318,0.9010905623435974
surprised_v3_4.png,surprised,0.5089240074157715,0.18382760882377625,-0.2665126323699951,0.9999542236328125,0.5085492134094238,0.1625419557094574,-0.21214690804481506,0.9999479055404663,0.5146601796150208,0.1608492136001587,-0.21226650476455688,0.9999438524246216,0.520266592502594,0.1595672070980072,-0.21232426166534424,0.9999507665634155,0.4843813478946686,0.16871771216392517,-0.24714109301567078,0.9999110698699951,0.47162526845932007,0.17136555910110474,-0.24712258577346802,0.9998984336853027,0.4592117965221405,0.17396721243858337,-0.2471940964460373,0.9998822212219238,0.5193840265274048,0.16850298643112183,0.11174321919679642,0.9999052286148071,0.4283781051635742,0.18601900339126587,-0.04724070057272911,0.999895453453064,0.5269283056259155,0.20172175765037537,-0.14027731120586395,0.9999420642852783,0.4963128864765167,0.20671625435352325,-0.18670082092285156,0.9999243021011353,0.5939183831214905,0.2637454867362976,0.3277680575847626,0.9999630451202393,0.3854103088378906,0.26502087712287903,-0.049284324049949646,0.9998353719711304,0.6580225825309753,0.36524254083633423,0.05548941344022751,0.9630364775657654,0.3906024098396301,0.35555121302604675,-0.46702682971954346,0.9938467144966125,0.6692802309989929,0.2997276186943054,-0.5141181945800781,0.9946723580360413,0.47788482904434204,0.2659114897251129,-0.9186468720436096,0.9964563250541687,0.6820566058158875,0.2716428339481354,-0.6263624429702759,0.987087607383728,0.5061683058738708,0.24244113266468048,-1.0272865295410156,0.9906743168830872,0.6770896315574646,0.2615041136741638,-0.6197777390480042,0.9869475364685059,0.5033958554267883,0.23180529475212097,-1.0044761896133423,0.9891651272773743,0.6637285351753235,0.2698792815208435,-0.5279553532600403,0.9798480868339539,0.4998875856399536,0.2402839958667755,-0.9158647656440735,0.9808776378631592,0.6074059009552002,0.49489304423332214,0.11254657804965973,0.9996342658996582,0.47244131565093994,0.5044512152671814,-0.11219984292984009,0.9991484880447388,0.6763353943824768,0.6862544417381287,-0.061806850135326385,0.9496347308158875,0.5205526351928711,0.6969804763793945,-0.1593639999628067,0.9656150341033936,0.7017338871955872,0.877029299736023,0.09475620836019516,0.9501768946647644,0.5036320686340332,0.879922091960907,0.08733547478914261,0.9398574233055115,0.6812541484832764,0.9102925062179565,0.09259749203920364,0.867493748664856,0.4991883933544159,0.9017843008041382,0.09428414702415466,0.6608622670173645,0.7819452285766602,0.9311007857322693,-0.22057794034481049,0.9466168284416199,0.5278339385986328,0.9378515481948853,-0.23926709592342377,0.9202667474746704
surprised_v4_1.png,surprised,0.5019050240516663,0.15405550599098206,-0.342149019241333,0.9999936819076538,0.5098254680633545,0.13133203983306885,-0.3242700695991516,0.9999872446060181,0.513796329498291,0.13126292824745178,-0.32427021861076355,0.9999873638153076,0.5177862644195557,0.13115954399108887,-0.3243477940559387,0.9999865293502808,0.496092826128006,0.13244962692260742,-0.3211705684661865,0.9999831914901733,0.49148786067962646,0.13259845972061157,-0.32117968797683716,0.9999817609786987,0.4870123863220215,0.13261696696281433,-0.3211367726325989,0.9999819993972778,0.5235320329666138,0.1397455632686615,-0.19883064925670624,0.9999810457229614,0.4823961853981018,0.140702486038208,-0.18582673370838165,0.9999710321426392,0.5118921995162964,0.17303621768951416,-0.2939411997795105,0.9999885559082031,0.49273860454559326,0.1723628044128418,-0.290544718503952,0.9999871253967285,0.5511161088943481,0.23857013881206512,-0.10382547229528427,0.9999516010284424,0.46011650562286377,0.2373051643371582,-0.07939819991588593,0.9996992349624634,0.6052290201187134,0.3279431462287903,-0.22221052646636963,0.9986036419868469,0.4000704288482666,0.33030974864959717,-0.18569673597812653,0.9958772659301758,0.5939925909042358,0.21096520125865936,-0.4377188980579376,0.9974954724311829,0.4102397561073303,0.21147143840789795,-0.42454496026039124,0.9940086603164673,0.5965422987937927,0.1766197681427002,-0.4826371669769287,0.9875301122665405,0.4095221757888794,0.17804944515228271,-0.47314634919166565,0.974826455116272,0.5894461870193481,0.17252592742443085,-0.47417891025543213,0.9868060350418091,0.4158006012439728,0.17329545319080353,-0.4623755216598511,0.9719770550727844,0.5858132839202881,0.18322616815567017,-0.4392831325531006,0.9789463877677917,0.4196302890777588,0.1830776333808899,-0.4265422523021698,0.9589964151382446,0.5298367738723755,0.48283156752586365,-0.011653123423457146,0.9996771812438965,0.47613468766212463,0.48239126801490784,0.011542590335011482,0.9994124174118042,0.5328755974769592,0.6921665668487549,-0.0450889952480793,0.9926047325134277,0.4711953103542328,0.6976600289344788,0.002342530991882086,0.9888386726379395,0.5420688986778259,0.8955013751983643,0.1164659634232521,0.9932429194450378,0.46362707018852234,0.8933818936347961,0.15014010667800903,0.9904981255531311,0.5354691743850708,0.9170308113098145,0.12484704703092575,0.8842888474464417,0.47168299555778503,0.9189836382865906,0.15766547620296478,0.8746209144592285,0.5435872077941895,0.9600365161895752,-0.024774881079792976,0.9898625612258911,0.4544083774089813,0.9606680870056152,0.015550564974546432,0.9852221608161926
surprised_v4_2.png,surprised,0.5003679990768433,0.2591358423233032,-0.05847626179456711,0.9999959468841553,0.5076539516448975,0.2406330108642578,-0.03931540995836258,0.9999970197677612,0.5118442177772522,0.24015730619430542,-0.039313849061727524,0.9999964237213135,0.5154587030410767,0.23991137742996216,-0.0393444262444973,0.9999974966049194,0.49328362941741943,0.24453943967819214,-0.038494884967803955,0.9999954700469971,0.48842567205429077,0.2464829683303833,-0.038459327071905136,0.9999932050704956,0.48463407158851624,0.2481507807970047,-0.038380831480026245,0.999994158744812,0.5203710198402405,0.2464427351951599,0.05181070789694786,0.9999974966049194,0.4798711836338043,0.258743554353714,0.05662081018090248,0.9999908208847046,0.5103358626365662,0.2765292823314667,-0.025855861604213715,0.9999887943267822,0.49154388904571533,0.27883443236351013,-0.024731870740652084,0.9999799728393555,0.5386740565299988,0.32684606313705444,0.020033137872815132,0.9997240900993347,0.46496012806892395,0.3343280553817749,0.04793166369199753,0.9989295601844788,0.5607142448425293,0.28325197100639343,-0.26052549481391907,0.9517253637313843,0.4415551424026489,0.28657644987106323,-0.2024914026260376,0.9159401059150696,0.5705403089523315,0.24774889647960663,-0.5042409896850586,0.9599962830543518,0.4286462664604187,0.25074464082717896,-0.44788238406181335,0.8878695964813232,0.5745568871498108,0.21794110536575317,-0.553939938545227,0.9421842098236084,0.4242745339870453,0.22182612121105194,-0.4961782395839691,0.8151952624320984,0.5663542747497559,0.21556182205677032,-0.5497176647186279,0.9415683150291443,0.4295216202735901,0.2184135913848877,-0.4880863130092621,0.8187265396118164,0.5619679093360901,0.22836513817310333,-0.5117085576057434,0.9327675700187683,0.43277937173843384,0.23176081478595734,-0.4556144177913666,0.8174440860748291,0.5285777449607849,0.5314667820930481,-0.011126690544188023,0.9999427795410156,0.47831812500953674,0.5307782888412476,0.011007382534444332,0.9999173879623413,0.5304755568504333,0.7184683680534363,-0.06337612122297287,0.9914455413818359,0.47443005442619324,0.7211014628410339,-0.04755036532878876,0.9907042384147644,0.5393292903900146,0.8950002789497375,-0.026560891419649124,0.9863433837890625,0.46873512864112854,0.8974406719207764,-0.004617039579898119,0.9847024083137512,0.5320546627044678,0.918418824672699,-0.03058948740363121,0.7266674637794495,0.47612032294273376,0.9205790162086487,-0.008477065712213516,0.7538387775421143,0.5458059906959534,0.951316773891449,-0.16300919651985168,0.9767245054244995,0.45549339056015015,0.9553632736206055,-0.12989750504493713,0.9730094075202942
surprised_v4_3.png,surprised,0.5006794333457947,0.2862433195114136,-0.3280736804008484,0.9999276399612427,0.5051901936531067,0.2718048691749573,-0.31155988574028015,0.999900221824646,0.5080539584159851,0.2719826102256775,-0.31152233481407166,0.999884843826294,0.5109251141548157,0.27227118611335754,-0.3115709722042084,0.9998965263366699,0.49658137559890747,0.27067750692367554,-0.3098546862602234,0.9998763799667358,0.49356070160865784,0.26989081501960754,-0.3098886013031006,0.9998396635055542,0.4906395673751831,0.2692905068397522,-0.30986276268959045,0.9998353719711304,0.5149856805801392,0.2775711417198181,-0.21435564756393433,0.9998263716697693,0.4863881766796112,0.27540791034698486,-0.20549248158931732,0.9997163414955139,0.5062228441238403,0.3014841377735138,-0.29086053371429443,0.9997759461402893,0.49444952607154846,0.29962146282196045,-0.28840234875679016,0.999701201915741,0.535605788230896,0.3377847671508789,-0.18489059805870056,0.9993594288825989,0.4691944420337677,0.3400169909000397,-0.1778421849012375,0.9979704022407532,0.5504603981971741,0.23270507156848907,-0.27567338943481445,0.9965830445289612,0.45510199666023254,0.23119968175888062,-0.2804074287414551,0.9906918406486511,0.5573733448982239,0.1126297116279602,-0.36059388518333435,0.992150068283081,0.44934022426605225,0.1157560646533966,-0.3911553621292114,0.9865721464157104,0.5585321187973022,0.08154845237731934,-0.4000318646430969,0.9739311337471008,0.44539663195610046,0.09081229567527771,-0.431498646736145,0.9640666246414185,0.5546668767929077,0.07806873321533203,-0.40547558665275574,0.9729159474372864,0.44980475306510925,0.0840073823928833,-0.4336407482624054,0.9618974924087524,0.5533097982406616,0.08793821930885315,-0.36939141154289246,0.9724382162094116,0.45272910594940186,0.09162268042564392,-0.39922574162483215,0.9616292119026184,0.5228305459022522,0.5691537261009216,-0.0030499303247779608,0.9997130036354065,0.4788394272327423,0.5700020790100098,0.0029965629801154137,0.9996457099914551,0.5261062383651733,0.7366340756416321,0.025778882205486298,0.9925825595855713,0.47517716884613037,0.7347948551177979,0.033416371792554855,0.9928346872329712,0.5331239104270935,0.8998703956604004,0.1596805602312088,0.9930256605148315,0.4696334898471832,0.9003753662109375,0.17222274839878082,0.9912926554679871,0.5278242230415344,0.9214136600494385,0.1658257395029068,0.9291349053382874,0.47439175844192505,0.9245703816413879,0.17816117405891418,0.8806647062301636,0.5373995900154114,0.9629278182983398,0.03882967680692673,0.9880289435386658,0.4590796232223511,0.9610893130302429,0.059013545513153076,0.9831143617630005
surprised_v4_4.png,surprised,0.5026880502700806,0.16083583235740662,-0.2067977637052536,0.9999978542327881,0.5097563862800598,0.141404390335083,-0.1889125555753708,0.9999954700469971,0.5131933689117432,0.1414780616760254,-0.188947856426239,0.9999953508377075,0.5162612199783325,0.14166313409805298,-0.18897493183612823,0.9999951124191284,0.49764811992645264,0.1423126459121704,-0.18720771372318268,0.9999920129776001,0.49345627427101135,0.14258596301078796,-0.18717829883098602,0.9999899864196777,0.4894653260707855,0.1430986523628235,-0.18712899088859558,0.99998939037323,0.5215550065040588,0.14989200234413147,-0.07423989474773407,0.9999927282333374,0.48482710123062134,0.15123113989830017,-0.06916255503892899,0.9999794960021973,0.5111565589904785,0.17683105170726776,-0.1633673757314682,0.9999957084655762,0.49356400966644287,0.1763329952955246,-0.16205480694770813,0.9999942779541016,0.544957160949707,0.24815338850021362,-0.005103823728859425,0.9999905824661255,0.46289393305778503,0.24671216309070587,0.019299164414405823,0.9998428821563721,0.5830286145210266,0.34985145926475525,-0.10367876291275024,0.9979550838470459,0.42066460847854614,0.35373151302337646,-0.07194041460752487,0.9899908304214478,0.5985158681869507,0.2450820952653885,-0.3191509544849396,0.9994526505470276,0.40814658999443054,0.24741977453231812,-0.3146156966686249,0.9965574741363525,0.6029266119003296,0.216387078166008,-0.36168816685676575,0.9977582097053528,0.4013940095901489,0.21637427806854248,-0.35874325037002563,0.9892081618309021,0.598434329032898,0.20322459936141968,-0.3623759150505066,0.9977341890335083,0.40514230728149414,0.2067306786775589,-0.35773468017578125,0.9889135956764221,0.5952191948890686,0.21241259574890137,-0.3243978023529053,0.9962194561958313,0.4094282388687134,0.21630120277404785,-0.32071438431739807,0.984421968460083,0.5283240079879761,0.4790080487728119,-0.007079374045133591,0.999797523021698,0.4782210886478424,0.4767976701259613,0.007038360461592674,0.9995549321174622,0.5315598845481873,0.6791345477104187,-0.037361063063144684,0.9945381283760071,0.47270920872688293,0.6824187636375427,-0.018036706373095512,0.9918380379676819,0.5397327542304993,0.8662245273590088,0.12349482625722885,0.9933944344520569,0.46552935242652893,0.8649130463600159,0.1287183314561844,0.991958737373352,0.5335631370544434,0.8859307765960693,0.13260848820209503,0.8845549821853638,0.4717511236667633,0.8880183696746826,0.13675232231616974,0.8854501843452454,0.540530264377594,0.9305281639099121,0.0010733891976997256,0.9911862015724182,0.45741671323776245,0.9286907315254211,0.007858633995056152,0.9887738227844238
surprised_v5_1.png,surprised,0.6593028903007507,0.25055715441703796,-0.4079674184322357,0.9999961853027344,0.6850892901420593,0.2419605702161789,-0.36223477125167847,0.9999943971633911,0.694607138633728,0.2449016273021698,-0.3623077869415283,0.999994158744812,0.7038710117340088,0.2478662133216858,-0.3623259961605072,0.9999942779541016,0.656144917011261,0.23411042988300323,-0.33384886384010315,0.9999872446060181,0.6474295854568481,0.23243080079555511,-0.33379796147346497,0.9999806880950928,0.6392875909805298,0.23124641180038452,-0.33356133103370667,0.9999881982803345,0.7172704339027405,0.2626977860927582,-0.11435510963201523,0.9999939203262329,0.6288442015647888,0.23654407262802124,0.015940681099891663,0.999987006187439,0.6652848124504089,0.2759474515914917,-0.3223119378089905,0.999995231628418,0.6320734620094299,0.26377415657043457,-0.28545480966567993,0.9999935626983643,0.7062566876411438,0.3599645495414734,-0.13062790036201477,0.9999910593032837,0.5313194990158081,0.30473482608795166,0.29408302903175354,0.9999395608901978,0.7197699546813965,0.45153483748435974,-0.558661162853241,0.9983823299407959,0.3918180465698242,0.28495118021965027,0.4631892144680023,0.9658365249633789,0.6209673285484314,0.35883790254592896,-1.0142171382904053,0.9973074197769165,0.33283454179763794,0.21904166042804718,0.3446815013885498,0.9879050254821777,0.607342004776001,0.3343740999698639,-1.1063871383666992,0.9881834387779236,0.32335782051086426,0.18638792634010315,0.3059019446372986,0.972010612487793,0.6111825108528137,0.32770150899887085,-1.075743556022644,0.9863337874412537,0.33883756399154663,0.18349406123161316,0.2936224937438965,0.9713426232337952,0.613103985786438,0.33399635553359985,-1.0105900764465332,0.9769645929336548,0.3444334864616394,0.1966732144355774,0.33001428842544556,0.9678129553794861,0.5088230967521667,0.5426238179206848,-0.11266519129276276,0.999916672706604,0.3928877115249634,0.5175551772117615,0.11204187572002411,0.9999637603759766,0.5450899004936218,0.7346816062927246,-0.3779473304748535,0.994635283946991,0.17449131608009338,0.594264030456543,-0.4050421714782715,0.9981223940849304,0.7684762477874756,0.8292893171310425,0.15201540291309357,0.9904720783233643,0.3425297439098358,0.7584419250488281,0.05577460303902626,0.9947138428688049,0.80820232629776,0.8316959142684937,0.20148740708827972,0.9260253310203552,0.38523656129837036,0.760033130645752,0.09353137761354446,0.9762978553771973,0.7549260258674622,0.905208170413971,-0.027169128879904747,0.985338568687439,0.3153013288974762,0.8440784215927124,-0.10792296379804611,0.9891557097434998
surprised_v5_2.png,surprised,0.5047891139984131,0.14528480172157288,-0.44322657585144043,0.9999935626983643,0.5243260860443115,0.12405533343553543,-0.4025619924068451,0.9999845027923584,0.5342015027999878,0.1233304813504219,-0.40263864398002625,0.9999819993972778,0.5446650981903076,0.12238078564405441,-0.4027858078479767,0.9999861717224121,0.48773860931396484,0.1264667510986328,-0.3872050642967224,0.9999796152114868,0.4746786057949066,0.12716144323349,-0.38712671399116516,0.999970555305481,0.4626435935497284,0.1277657151222229,-0.38699808716773987,0.9999768733978271,0.5619056224822998,0.12857425212860107,-0.13718727231025696,0.9999830722808838,0.4504050016403198,0.13552454113960266,-0.06117735803127289,0.9999710321426392,0.5258022546768188,0.1628720760345459,-0.34242233633995056,0.9999895095825195,0.48134374618530273,0.16361922025680542,-0.32207056879997253,0.9999847412109375,0.6064383387565613,0.21718843281269073,-0.10726383328437805,0.999991774559021,0.4070015847682953,0.2280941903591156,0.24180364608764648,0.999769389629364,0.7186828255653381,0.2897965908050537,-0.43747034668922424,0.9985476136207581,0.2894411087036133,0.30605000257492065,0.025984853506088257,0.9667649865150452,0.5546985864639282,0.26924169063568115,-0.8009790778160095,0.996345579624176,0.3248850703239441,0.21627753973007202,-0.4806959927082062,0.9664321541786194,0.5164844989776611,0.25733262300491333,-0.8875167965888977,0.9862311482429504,0.3344774842262268,0.18369930982589722,-0.5843283534049988,0.9102756381034851,0.5054978728294373,0.24810361862182617,-0.8498936295509338,0.9833173751831055,0.34490612149238586,0.17816570401191711,-0.5486671328544617,0.8950551152229309,0.5127280354499817,0.25102001428604126,-0.7883568406105042,0.9694405794143677,0.35303401947021484,0.19125327467918396,-0.48506593704223633,0.8740288615226746,0.5787249803543091,0.4638890027999878,-0.1275486797094345,0.999902606010437,0.45307767391204834,0.46692970395088196,0.12729550898075104,0.9998307228088379,0.6585562825202942,0.6553856134414673,-0.23497998714447021,0.9983920454978943,0.2829480767250061,0.5944106578826904,-0.242979034781456,0.9982781410217285,0.8079094290733337,0.8198907375335693,0.12463825941085815,0.9984207153320312,0.48028162121772766,0.7243431806564331,0.3085668385028839,0.9946379065513611,0.831318736076355,0.8270008563995361,0.14163729548454285,0.9221565127372742,0.5349380970001221,0.7350305318832397,0.35226643085479736,0.977264404296875,0.8258616924285889,0.9152810573577881,-0.24171726405620575,0.9951565265655518,0.43179163336753845,0.8085397481918335,0.12774914503097534,0.9897887110710144
surprised_v5_3.png,surprised,0.6765118837356567,0.23427367210388184,-0.5192352533340454,0.9999873638153076,0.6990339159965515,0.21811598539352417,-0.4770568311214447,0.999976634979248,0.7097165584564209,0.21938468515872955,-0.477139949798584,0.9999743700027466,0.717831552028656,0.22048935294151306,-0.4772892892360687,0.999974250793457,0.6656261682510376,0.21489889919757843,-0.4531649053096771,0.999941349029541,0.6546376943588257,0.21371667087078094,-0.4530997574329376,0.9998886585235596,0.6441260576248169,0.21305181086063385,-0.45281946659088135,0.9999055862426758,0.7297269105911255,0.23239770531654358,-0.20880495011806488,0.999984860420227,0.6295996308326721,0.21810834109783173,-0.08879963308572769,0.9998732805252075,0.6868709921836853,0.2576828896999359,-0.4183548390865326,0.999985933303833,0.6470983028411865,0.2530946433544159,-0.3849687874317169,0.9999665021896362,0.7285854816436768,0.33399152755737305,-0.1944863647222519,0.999992847442627,0.553657591342926,0.28170013427734375,0.21588163077831268,0.999915599822998,0.7509104013442993,0.44092637300491333,-0.669026255607605,0.9988792538642883,0.4273017644882202,0.2226281464099884,0.13002806901931763,0.983727216720581,0.6513072848320007,0.36378800868988037,-1.2227680683135986,0.9975119829177856,0.4349852502346039,0.11455225944519043,-0.26392510533332825,0.9900177121162415,0.6286469101905823,0.342229425907135,-1.3509474992752075,0.9901526570320129,0.43934187293052673,0.08305865526199341,-0.3509890139102936,0.9720279574394226,0.6288444995880127,0.333992063999176,-1.3082693815231323,0.9887999296188354,0.4522665739059448,0.07941526174545288,-0.3696863353252411,0.9705114364624023,0.6342661380767822,0.33996501564979553,-1.2171767950057983,0.9813000559806824,0.4535367786884308,0.0896003246307373,-0.29126009345054626,0.9690819382667542,0.562954306602478,0.5394544005393982,-0.16051645576953888,0.9999130964279175,0.4398793578147888,0.5189586877822876,0.16005869209766388,0.9999762773513794,0.5675849318504333,0.7308493256568909,-0.2166338860988617,0.9956851005554199,0.30244573950767517,0.67814040184021,-0.06810072809457779,0.9925020933151245,0.7608921527862549,0.8453808426856995,0.3479359447956085,0.9940035939216614,0.3047028183937073,0.8765674829483032,0.3333444595336914,0.9951502680778503,0.7999172210693359,0.8521839380264282,0.39651066064834595,0.932086706161499,0.3345067799091339,0.9081966280937195,0.3553762435913086,0.9823770523071289,0.7183729410171509,0.9276791214942932,0.14499005675315857,0.9901795387268066,0.19352449476718903,0.9234340190887451,0.08526329696178436,0.9894618391990662
surprised_v5_4.png,surprised,0.6782573461532593,0.24900031089782715,-0.3343944847583771,0.9999769926071167,0.7116629481315613,0.24633924663066864,-0.32860103249549866,0.9999589920043945,0.718639075756073,0.25017690658569336,-0.32856348156929016,0.9999542236328125,0.725968062877655,0.25449338555336,-0.3286653459072113,0.9999498128890991,0.6998097896575928,0.2396424263715744,-0.2648773789405823,0.9999178647994995,0.6982753276824951,0.2384449988603592,-0.26475146412849426,0.9998842477798462,0.6970300078392029,0.23737581074237823,-0.26446449756622314,0.9999121427536011,0.7439555525779724,0.280745267868042,-0.23440860211849213,0.9999659061431885,0.7130606174468994,0.2537413537502289,0.060310713946819305,0.9998865127563477,0.6731529831886292,0.27321285009384155,-0.3007812798023224,0.999981164932251,0.6610071659088135,0.26199331879615784,-0.21642698347568512,0.9999688863754272,0.7118258476257324,0.3855830132961273,-0.3040134012699127,0.9999854564666748,0.5775647163391113,0.30207359790802,0.34902775287628174,0.9999755620956421,0.7089060544967651,0.5065465569496155,-0.6234601736068726,0.9994195699691772,0.4693758189678192,0.22818464040756226,0.47936004400253296,0.9915671944618225,0.6130297780036926,0.41394901275634766,-0.9374672174453735,0.9985966086387634,0.5002936720848083,0.11119014769792557,0.3107266128063202,0.9972323775291443,0.5955360531806946,0.3898252844810486,-1.0267775058746338,0.9926152229309082,0.5144760608673096,0.08300864696502686,0.28081634640693665,0.9902319312095642,0.6042869687080383,0.37818658351898193,-0.9797931909561157,0.9911113381385803,0.5267560482025146,0.08257174491882324,0.26526206731796265,0.989588737487793,0.6088861227035522,0.3826620578765869,-0.9227666258811951,0.9858661890029907,0.5239853858947754,0.09221655130386353,0.28839439153671265,0.9885513186454773,0.4921451508998871,0.5593969225883484,-0.17654146254062653,0.9998552799224854,0.3847526013851166,0.5385915040969849,0.17594532668590546,0.9999514818191528,0.5229493975639343,0.7588582038879395,-0.4002349376678467,0.9989069700241089,0.20904968678951263,0.6926832795143127,0.13431158661842346,0.9979211688041687,0.762559175491333,0.8417355418205261,0.15795831382274628,0.9969710111618042,0.30230551958084106,0.8778857588768005,0.5951956510543823,0.9984129667282104,0.808559238910675,0.8437249660491943,0.21085421741008759,0.9805582165718079,0.3374094069004059,0.9073652625083923,0.6249852776527405,0.9947326183319092,0.7281173467636108,0.9190911650657654,0.02473841980099678,0.9961395859718323,0.1942189484834671,0.9285989999771118,0.439278244972229,0.9970988035202026
surprised_v6_1.png,surprised,0.6322643160820007,0.21694588661193848,-0.510057270526886,0.9999520778656006,0.6551730632781982,0.20404931902885437,-0.48298439383506775,0.9999414682388306,0.6656844615936279,0.205804705619812,-0.4831460118293762,0.9999258518218994,0.675687849521637,0.20735864341259003,-0.4833512306213379,0.9999264478683472,0.6246517896652222,0.19863876700401306,-0.4408712089061737,0.9998899698257446,0.6140806674957275,0.19712716341018677,-0.440825879573822,0.9997537732124329,0.6039878129959106,0.1957659125328064,-0.4406968653202057,0.9998047947883606,0.6910337209701538,0.21301977336406708,-0.2768516540527344,0.9999215602874756,0.5934547781944275,0.19970497488975525,-0.07647132128477097,0.9996224641799927,0.6503775119781494,0.2371080070734024,-0.4313163459300995,0.9997223019599915,0.6078708171844482,0.22877413034439087,-0.37463948130607605,0.999626636505127,0.6774451732635498,0.2880099415779114,-0.3748181164264679,0.9997244477272034,0.5452318787574768,0.26394122838974,0.2874810993671417,0.9987587928771973,0.5019592642784119,0.2651852071285248,-0.5047259330749512,0.9858369827270508,0.4998687207698822,0.20848366618156433,0.6939037442207336,0.386068731546402,0.48934459686279297,0.16968727111816406,-0.43358346819877625,0.9744641184806824,0.467448890209198,0.09692075848579407,0.934483528137207,0.5788032412528992,0.46004676818847656,0.17286822199821472,-0.4972248077392578,0.9474765658378601,0.47635483741760254,0.06490674614906311,0.9412641525268555,0.5199583172798157,0.5064828991889954,0.11929284781217575,-0.5349254608154297,0.9472317695617676,0.48117637634277344,0.062177687883377075,0.9049817323684692,0.5263550281524658,0.5054036378860474,0.13978683948516846,-0.4512801766395569,0.934165894985199,0.48078906536102295,0.07087534666061401,0.90928053855896,0.5625548958778381,0.5684081315994263,0.5404993891716003,-0.16695940494537354,0.9996312856674194,0.4571090042591095,0.5281955599784851,0.16662579774856567,0.9999105930328369,0.6506956815719604,0.7278795838356018,-0.2021913230419159,0.9974046349525452,0.30340367555618286,0.6796735525131226,-0.005976181011646986,0.9978583455085754,0.8621565699577332,0.8255669474601746,0.380008727312088,0.9960638880729675,0.2018478661775589,0.864560067653656,0.2751708924770355,0.9989272952079773,0.8949654698371887,0.8294352293014526,0.4310985803604126,0.9486532807350159,0.2281322479248047,0.9004774689674377,0.2811824381351471,0.9914578795433044,0.8478802442550659,0.8969394564628601,0.20159563422203064,0.9928935170173645,0.09593391418457031,0.9176202416419983,0.007573837414383888,0.9965299963951111
surprised_v6_2.png,surprised,0.6342945098876953,0.2143457680940628,-0.6101901531219482,0.9999867677688599,0.659359872341156,0.19954627752304077,-0.5825001001358032,0.9999730587005615,0.6693670749664307,0.20075082778930664,-0.5826758146286011,0.9999631643295288,0.678447961807251,0.20176368951797485,-0.5829192399978638,0.9999675750732422,0.6286813616752625,0.19647228717803955,-0.5506459474563599,0.9999746084213257,0.6181928515434265,0.1958041489124298,-0.5504814982414246,0.9999464750289917,0.6083046197891235,0.19534525275230408,-0.5503539443016052,0.9999489784240723,0.6940313577651978,0.20990176498889923,-0.33820006251335144,0.9999613761901855,0.5977678298950195,0.20048019289970398,-0.1778239607810974,0.9998805522918701,0.6507639288902283,0.23549792170524597,-0.5092405080795288,0.9999270439147949,0.6081657409667969,0.23059985041618347,-0.4642592966556549,0.9998785257339478,0.6819975972175598,0.287232905626297,-0.3212108612060547,0.9998646974563599,0.565248966217041,0.2874488830566406,0.14853283762931824,0.999810516834259,0.5819945335388184,0.32457828521728516,-0.5740554332733154,0.9612629413604736,0.6063979268074036,0.41353240609169006,0.3381774425506592,0.21692806482315063,0.4851073920726776,0.23193001747131348,-0.6968507766723633,0.9034080505371094,0.61580491065979,0.4872734844684601,0.2926676571369171,0.1634230762720108,0.47219061851501465,0.21285974979400635,-0.7795477509498596,0.8322133421897888,0.6289897561073303,0.5074067115783691,0.27665969729423523,0.17205871641635895,0.48294055461883545,0.2084735482931137,-0.7468630075454712,0.8305591344833374,0.6236327290534973,0.5091480016708374,0.20116406679153442,0.18041612207889557,0.48631611466407776,0.21662485599517822,-0.6901710033416748,0.7865247130393982,0.6197234392166138,0.49865207076072693,0.258619487285614,0.16790160536766052,0.5770758986473083,0.5345073938369751,-0.1419202834367752,0.9998828172683716,0.4591973125934601,0.5288249254226685,0.14170613884925842,0.9999412298202515,0.6491571664810181,0.7239957451820374,-0.2719142436981201,0.9982355833053589,0.3002905249595642,0.6793808937072754,-0.003784253029152751,0.9967665672302246,0.8574250340461731,0.8275604248046875,0.2651548683643341,0.995804488658905,0.20401039719581604,0.8695107698440552,0.25696298480033875,0.9977864027023315,0.8989682197570801,0.8367191553115845,0.3131564259529114,0.927829921245575,0.22534345090389252,0.9040678143501282,0.26536741852760315,0.9765690565109253,0.8423444032669067,0.8992298245429993,0.09586813300848007,0.9933642148971558,0.0946652889251709,0.9186574220657349,-0.007648846600204706,0.994753360748291
surprised_v6_3.png,surprised,0.5610039234161377,0.2631381154060364,-0.6823503375053406,0.9998788833618164,0.5741444230079651,0.24626144766807556,-0.62839674949646,0.999811589717865,0.5833666324615479,0.2469819039106369,-0.6283794045448303,0.9997735619544983,0.592383623123169,0.24779938161373138,-0.6285466551780701,0.9997970461845398,0.5433362126350403,0.24540701508522034,-0.6212365031242371,0.9996328353881836,0.5319820642471313,0.24548554420471191,-0.621269166469574,0.9994707703590393,0.5209082961082458,0.24572686851024628,-0.6210598945617676,0.9994600415229797,0.6021456718444824,0.25585421919822693,-0.3250536620616913,0.9997434020042419,0.5050173401832581,0.2514587938785553,-0.27438369393348694,0.9987503290176392,0.580400288105011,0.2826234996318817,-0.5655781626701355,0.9997037053108215,0.5419332385063171,0.28020861744880676,-0.5519953370094299,0.9992309808731079,0.6381080150604248,0.35279983282089233,-0.20270545780658722,0.9998593330383301,0.45065614581108093,0.31547442078590393,-0.0718032643198967,0.9990409016609192,0.6992418169975281,0.45730456709861755,-0.35165974497795105,0.9920369386672974,0.4036828279495239,0.21740961074829102,-0.14327290654182434,0.9938919544219971,0.5869709849357605,0.49717462062835693,-0.7159813642501831,0.9555524587631226,0.4036432206630707,0.10583784431219101,-0.37773191928863525,0.989386796951294,0.5635900497436523,0.5024281144142151,-0.8267195820808411,0.8716466426849365,0.4003172516822815,0.07416126132011414,-0.48606377840042114,0.9591423273086548,0.5532010793685913,0.4930558502674103,-0.8451958298683167,0.8723722100257874,0.41179072856903076,0.07266733050346375,-0.5107492208480835,0.9574444890022278,0.5593542456626892,0.4905092716217041,-0.7332990169525146,0.8453292846679688,0.41683149337768555,0.08380654454231262,-0.40598347783088684,0.9577460289001465,0.5786356329917908,0.5644913911819458,-0.07966050505638123,0.9995112419128418,0.4519483149051666,0.5596460103988647,0.07941732555627823,0.9997604489326477,0.7127393484115601,0.7262946367263794,-0.18108698725700378,0.9988980293273926,0.3093418478965759,0.7110688090324402,-0.05043661594390869,0.9985612034797668,0.8621224761009216,0.8534753322601318,0.22930549085140228,0.9983362555503845,0.19805289804935455,0.8725301027297974,0.33807122707366943,0.9982073307037354,0.8780345916748047,0.8656080365180969,0.25074660778045654,0.8966557383537292,0.22075116634368896,0.9010611176490784,0.3551695942878723,0.9692645072937012,0.8522701859474182,0.914199948310852,-0.1490950882434845,0.9930263757705688,0.09785136580467224,0.918292760848999,0.018806450068950653,0.9939213991165161
surprised_v6_4.png,surprised,0.6257404685020447,0.2696208953857422,-0.7355713844299316,0.9999175071716309,0.6259948015213013,0.25366297364234924,-0.6887633204460144,0.9998342990875244,0.6292207837104797,0.2543482482433319,-0.6887488961219788,0.9997976422309875,0.632687509059906,0.2550922930240631,-0.6889805793762207,0.9998148083686829,0.6086047291755676,0.2510695159435272,-0.695344865322113,0.9997078776359558,0.5989485383033752,0.2502403259277344,-0.695414125919342,0.9994949102401733,0.5878424644470215,0.24941657483577728,-0.6952333450317383,0.9994710087776184,0.6205621957778931,0.26090487837791443,-0.4124172031879425,0.9997966885566711,0.5530755519866943,0.25175750255584717,-0.43026992678642273,0.998807430267334,0.6244603395462036,0.28891682624816895,-0.6288626194000244,0.9998716115951538,0.6062700748443604,0.28512412309646606,-0.635032594203949,0.999715268611908,0.6406299471855164,0.3646954298019409,-0.2793618440628052,0.9999313354492188,0.4612172544002533,0.3047258257865906,-0.2535163164138794,0.9998694658279419,0.6827065944671631,0.48017317056655884,-0.34184402227401733,0.9923223853111267,0.42468130588531494,0.20496810972690582,-0.35473549365997314,0.9959308505058289,0.5372666120529175,0.5052209496498108,-0.6431544423103333,0.9628258943557739,0.4110323190689087,0.10512307286262512,-0.6543400883674622,0.9923925399780273,0.5084844827651978,0.5092524886131287,-0.7349506616592407,0.8957446813583374,0.4070483148097992,0.07336831092834473,-0.7685168981552124,0.9738803505897522,0.500251293182373,0.49862179160118103,-0.7723570466041565,0.8950155973434448,0.4146904945373535,0.0718456506729126,-0.7964921593666077,0.9728018045425415,0.5094567537307739,0.49582478404045105,-0.664375364780426,0.8782256841659546,0.41919153928756714,0.0862397849559784,-0.6861880421638489,0.9732871055603027,0.5182361006736755,0.5597470998764038,-0.016135545447468758,0.9996071457862854,0.39629700779914856,0.5497604608535767,0.01597396656870842,0.9998791217803955,0.6721413731575012,0.7085433006286621,-0.14748159050941467,0.99893718957901,0.29114848375320435,0.7114086151123047,0.020475836470723152,0.9977824091911316,0.8587807416915894,0.8368313908576965,0.10603506863117218,0.9981141090393066,0.20116081833839417,0.8723729848861694,0.3852243423461914,0.9983069896697998,0.8795787692070007,0.846577525138855,0.11492445319890976,0.9602600336074829,0.2165350615978241,0.9046045541763306,0.397148072719574,0.9777175188064575,0.8800581693649292,0.9135934114456177,-0.23513327538967133,0.9949353337287903,0.10282739251852036,0.9216386675834656,0.05781339854001999,0.9945736527442932
surprised_v7_1.png,surprised,0.5126988291740417,0.24156434834003448,-0.5913899540901184,0.9999988079071045,0.5273048281669617,0.22246411442756653,-0.5483196973800659,0.9999980926513672,0.5364288687705994,0.221469908952713,-0.5483596324920654,0.9999977350234985,0.5464365482330322,0.22086220979690552,-0.5482998490333557,0.9999974966049194,0.4946264326572418,0.22418178617954254,-0.5367854237556458,0.9999977350234985,0.4815855324268341,0.22447551786899567,-0.5368438363075256,0.9999970197677612,0.47028037905693054,0.22503244876861572,-0.5367215871810913,0.9999971389770508,0.562527060508728,0.2278369516134262,-0.25202393531799316,0.9999980926513672,0.4529840052127838,0.2319469451904297,-0.19572949409484863,0.9999942779541016,0.529693067073822,0.2599121928215027,-0.47630295157432556,0.9999980926513672,0.48928916454315186,0.2596927881240845,-0.46132558584213257,0.9999967813491821,0.6049787998199463,0.32040807604789734,-0.18375903367996216,0.999991774559021,0.4150224030017853,0.32261794805526733,0.12338253110647202,0.9999212026596069,0.6625051498413086,0.42379871010780334,-0.5570642948150635,0.9983845949172974,0.35875391960144043,0.4313477575778961,-0.15417852997779846,0.925409734249115,0.5484299659729004,0.37407857179641724,-1.1549921035766602,0.9975256323814392,0.40586137771606445,0.37240341305732727,-0.8348991870880127,0.9668214321136475,0.5200348496437073,0.3569486141204834,-1.289530634880066,0.9928780198097229,0.4217126965522766,0.3568170368671417,-0.9510798454284668,0.9287417531013489,0.5196774005889893,0.3447296619415283,-1.2617095708847046,0.9925048351287842,0.42885488271713257,0.3404332995414734,-0.953445553779602,0.9235246181488037,0.5246354937553406,0.3487933874130249,-1.1540395021438599,0.9850281476974487,0.4307951331138611,0.34376779198646545,-0.8510739207267761,0.897914469242096,0.5718482732772827,0.542011022567749,-0.15836599469184875,0.9999152421951294,0.4544532299041748,0.5392616391181946,0.15817055106163025,0.9999220371246338,0.5684967637062073,0.7166018486022949,-0.20054477453231812,0.9993311166763306,0.33056575059890747,0.6856560111045837,0.014152913354337215,0.997210681438446,0.7033829689025879,0.8529037237167358,0.30778732895851135,0.9990395903587341,0.31201356649398804,0.8600068092346191,0.4293949604034424,0.9981439113616943,0.7253533601760864,0.8700860142707825,0.34121283888816833,0.9618204236030579,0.3351438641548157,0.8887900710105896,0.45322346687316895,0.9849621057510376,0.6753565669059753,0.9168364405632019,0.023316269740462303,0.9975449442863464,0.21535305678844452,0.9112436771392822,0.16688759624958038,0.9957001209259033
surprised_v7_2.png,surprised,0.5088226795196533,0.2451881468296051,-0.5304227471351624,0.9999984502792358,0.5263451337814331,0.22524219751358032,-0.49037623405456543,0.9999971389770508,0.5348971486091614,0.2243548482656479,-0.4904167056083679,0.9999969005584717,0.5449755787849426,0.22332331538200378,-0.49037134647369385,0.9999967813491821,0.4915098547935486,0.2273074835538864,-0.4751439094543457,0.999996542930603,0.47805139422416687,0.22796113789081573,-0.4751846492290497,0.9999954700469971,0.4667031168937683,0.22855712473392487,-0.4750956892967224,0.9999955892562866,0.5624886155128479,0.2286883294582367,-0.2056284248828888,0.9999972581863403,0.4528537392616272,0.2348412573337555,-0.1332230269908905,0.9999921321868896,0.5273551344871521,0.2646692991256714,-0.41890430450439453,0.9999970197677612,0.48533114790916443,0.26456350088119507,-0.39942651987075806,0.9999954700469971,0.6047832369804382,0.3201448917388916,-0.15388555824756622,0.9999887943267822,0.4156096875667572,0.3193076252937317,0.17898063361644745,0.9999139308929443,0.645836591720581,0.42916494607925415,-0.5496114492416382,0.9982125759124756,0.36078813672065735,0.4332030713558197,-0.1030425876379013,0.8954247832298279,0.529721200466156,0.35970407724380493,-1.0975937843322754,0.9978142976760864,0.41402050852775574,0.37376517057418823,-0.7611758708953857,0.9488614797592163,0.5043752193450928,0.3372802734375,-1.221646785736084,0.9935956597328186,0.43270620703697205,0.35002565383911133,-0.8758222460746765,0.8920890688896179,0.507122278213501,0.3273271918296814,-1.189083456993103,0.99309903383255,0.44290652871131897,0.33387917280197144,-0.8681840300559998,0.8839794397354126,0.5121328830718994,0.33213385939598083,-1.0935717821121216,0.9857471585273743,0.4429384768009186,0.33947062492370605,-0.7745561599731445,0.8513173460960388,0.5726946592330933,0.5432812571525574,-0.15558499097824097,0.9998661279678345,0.4540213346481323,0.5397958755493164,0.15552471578121185,0.9999253749847412,0.5842009782791138,0.7185521721839905,-0.20741897821426392,0.9994342923164368,0.30960386991500854,0.6836511492729187,-0.16798968613147736,0.9988493919372559,0.7066293358802795,0.8549757599830627,0.31164953112602234,0.9990641474723816,0.3104502558708191,0.8622725009918213,0.2295173853635788,0.9988460540771484,0.7301097512245178,0.8741568326950073,0.34499403834342957,0.9506310820579529,0.34164583683013916,0.8899776339530945,0.2512839436531067,0.9888305068016052,0.6714833974838257,0.9134699106216431,0.002896320540457964,0.9973102807998657,0.21396242082118988,0.9112634062767029,-0.04969531297683716,0.9969391822814941
surprised_v7_3.png,surprised,0.5164889693260193,0.23943376541137695,-0.4584469199180603,0.9999916553497314,0.5295977592468262,0.2187584936618805,-0.411580353975296,0.999983549118042,0.5380640625953674,0.21787919104099274,-0.4116421937942505,0.999983549118042,0.5461207628250122,0.21736359596252441,-0.4116244614124298,0.9999831914901733,0.4976261854171753,0.2223861813545227,-0.4067728817462921,0.9999778270721436,0.48432397842407227,0.2234271764755249,-0.4068266451358795,0.9999730587005615,0.47198790311813354,0.22440174221992493,-0.4068465828895569,0.9999736547470093,0.5568819642066956,0.22446593642234802,-0.12297448515892029,0.9999839067459106,0.4511865973472595,0.23197504878044128,-0.09409395605325699,0.9999533891677856,0.5376083254814148,0.2560358941555023,-0.346671998500824,0.9999828338623047,0.4957534968852997,0.258253812789917,-0.3397873342037201,0.9999686479568481,0.609968364238739,0.32140061259269714,-0.04588988423347473,0.9999653100967407,0.41328921914100647,0.3167908489704132,0.13223260641098022,0.9997542500495911,0.6453754901885986,0.43535107374191284,-0.4289639890193939,0.9966233968734741,0.3707895278930664,0.43719831109046936,-0.16783373057842255,0.9064304828643799,0.5572575926780701,0.3326529860496521,-0.9500939249992371,0.9965128302574158,0.4468340575695038,0.3402318060398102,-0.752555251121521,0.964839518070221,0.547700822353363,0.30111896991729736,-1.0607973337173462,0.9904068112373352,0.4596957266330719,0.3077329397201538,-0.8682113885879517,0.9246237277984619,0.5469943284988403,0.2939017117023468,-1.0266190767288208,0.9896350502967834,0.4615931510925293,0.30015525221824646,-0.8520567417144775,0.919385552406311,0.5455272197723389,0.30416858196258545,-0.9464074373245239,0.9811438322067261,0.4611712098121643,0.3089194893836975,-0.7613776922225952,0.8939973711967468,0.5775021314620972,0.5435953736305237,-0.12175409495830536,0.9998094439506531,0.4521959722042084,0.538779616355896,0.1216665729880333,0.9998949766159058,0.5835144519805908,0.7161641120910645,-0.1952245682477951,0.9989940524101257,0.30963775515556335,0.6851794719696045,-0.215981587767601,0.9978431463241577,0.7046768665313721,0.8521560430526733,0.3605819344520569,0.9980120658874512,0.3113415241241455,0.8633289337158203,0.19486576318740845,0.9978594183921814,0.727655827999115,0.8677639365196228,0.399255633354187,0.8794445991516113,0.33884599804878235,0.8902460336685181,0.21954885125160217,0.9780831336975098,0.6714589595794678,0.9140397310256958,0.07340848445892334,0.9942646622657776,0.21419012546539307,0.9124883413314819,-0.07910584658384323,0.9945539236068726
surprised_v7_4.png,surprised,0.5190446376800537,0.24061714112758636,-0.5382569432258606,0.9999973773956299,0.5336086750030518,0.22128042578697205,-0.49403858184814453,0.9999953508377075,0.543221652507782,0.22035342454910278,-0.4941031336784363,0.9999951124191284,0.5524349808692932,0.21947571635246277,-0.4940747618675232,0.9999947547912598,0.500760555267334,0.22321175038814545,-0.48780155181884766,0.9999939203262329,0.4862798750400543,0.2240414023399353,-0.4878387749195099,0.9999923706054688,0.47445061802864075,0.2248610258102417,-0.48774683475494385,0.9999924898147583,0.5651918053627014,0.22486568987369537,-0.18833819031715393,0.9999957084655762,0.4566817283630371,0.2310129553079605,-0.15332134068012238,0.9999874830245972,0.5352343320846558,0.2589825987815857,-0.4182657301425934,0.9999961853027344,0.4947749376296997,0.2599560618400574,-0.40945786237716675,0.9999927282333374,0.6081061363220215,0.31404924392700195,-0.09172305464744568,0.9999885559082031,0.4123486280441284,0.311322957277298,0.1312343031167984,0.9998533725738525,0.6507537364959717,0.424462229013443,-0.47287413477897644,0.9968992471694946,0.3678281009197235,0.4272463917732239,-0.17543677985668182,0.9126780033111572,0.5741177201271057,0.367618203163147,-1.1021519899368286,0.9953423738479614,0.42930522561073303,0.366008460521698,-0.8495697975158691,0.958645224571228,0.5488789081573486,0.3494974374771118,-1.2345448732376099,0.9875528812408447,0.4597613215446472,0.3426045775413513,-0.9746042490005493,0.9157795906066895,0.5479841232299805,0.33518433570861816,-1.2088357210159302,0.986707329750061,0.46331048011779785,0.3280453681945801,-0.9695789813995361,0.910029947757721,0.549522340297699,0.33881473541259766,-1.103501558303833,0.9757166504859924,0.4607682228088379,0.33220040798187256,-0.8635257482528687,0.8810362815856934,0.5735417604446411,0.5384641289710999,-0.1357162892818451,0.9998224377632141,0.4528360664844513,0.535085141658783,0.13559697568416595,0.9998487234115601,0.5841314196586609,0.7129579782485962,-0.17315976321697235,0.9992485642433167,0.31275925040245056,0.6858426928520203,-0.07852133363485336,0.9983727335929871,0.7023565769195557,0.8540216088294983,0.3693556487560272,0.9987356066703796,0.3129698932170868,0.8585427403450012,0.3665154278278351,0.9980993866920471,0.7248873710632324,0.8716488480567932,0.40388476848602295,0.9304594993591309,0.34474438428878784,0.8875101804733276,0.39345791935920715,0.9820253849029541,0.677872896194458,0.9143844842910767,0.050766393542289734,0.9962154030799866,0.21439562737941742,0.9112554788589478,0.09541857242584229,0.9950095415115356
surprised_v8_1.png,surprised,0.5073751211166382,0.2520528733730316,-1.1131609678268433,0.9999302625656128,0.5296257734298706,0.2295961081981659,-1.0873920917510986,0.9997286200523376,0.5406870245933533,0.22865323722362518,-1.0874686241149902,0.999736487865448,0.5490877628326416,0.22811409831047058,-1.0875813961029053,0.999710738658905,0.4880187511444092,0.23190942406654358,-1.084912896156311,0.9997019171714783,0.4744826853275299,0.23244529962539673,-1.085015892982483,0.999687671661377,0.4650331139564514,0.23263145983219147,-1.0851038694381714,0.9996404647827148,0.5632245540618896,0.22891341149806976,-0.7889230251312256,0.999414324760437,0.45387211441993713,0.23337659239768982,-0.7807371020317078,0.9993569254875183,0.532406747341156,0.2675735056400299,-0.9883335828781128,0.9998230338096619,0.48439839482307434,0.27039244771003723,-0.9862809181213379,0.9998219609260559,0.6091270446777344,0.3166404366493225,-0.48482343554496765,0.9999287128448486,0.4125021696090698,0.3088502585887909,-0.45541369915008545,0.9998588562011719,0.6219813227653503,0.42827731370925903,-0.30257874727249146,0.9771703481674194,0.38562917709350586,0.43141740560531616,-0.271749883890152,0.9636357426643372,0.6834280490875244,0.5322990417480469,-0.4873960316181183,0.9735292196273804,0.332151859998703,0.5353202223777771,-0.4632032513618469,0.9503366351127625,0.7087688446044922,0.5646373629570007,-0.5402256846427917,0.944157600402832,0.30545568466186523,0.5662655234336853,-0.5192862749099731,0.9112130403518677,0.7003443837165833,0.5649374127388,-0.6382462382316589,0.9502013921737671,0.3124205470085144,0.5683161020278931,-0.6156917214393616,0.9203972220420837,0.6895616054534912,0.5573417544364929,-0.5291072130203247,0.9413800835609436,0.32334086298942566,0.5607611536979675,-0.5059729814529419,0.9121060371398926,0.5706632733345032,0.5243943929672241,-0.0007316901464946568,0.99915611743927,0.4437824487686157,0.520139753818512,0.0006865003961138427,0.9991014003753662,0.5582375526428223,0.7030249834060669,-0.04586197808384895,0.9757986068725586,0.4471443295478821,0.7017272710800171,-0.09603805840015411,0.9774003624916077,0.566918671131134,0.8775656223297119,0.2420702874660492,0.9774781465530396,0.44163286685943604,0.8756194114685059,0.18871083855628967,0.978925347328186,0.5524325370788574,0.8982028365135193,0.25150737166404724,0.8199731111526489,0.45211318135261536,0.8990573287010193,0.19786925613880157,0.7640467882156372,0.575204074382782,0.9360477328300476,-0.08069869130849838,0.9710233807563782,0.4340137839317322,0.9333134889602661,-0.14978018403053284,0.9719602465629578
surprised_v8_2.png,surprised,0.5123407244682312,0.2682092785835266,-1.289098858833313,0.9999600648880005,0.5292474031448364,0.24864107370376587,-1.2695449590682983,0.9998302459716797,0.5397224426269531,0.24691876769065857,-1.269552230834961,0.9998366832733154,0.5477370023727417,0.24512290954589844,-1.2696624994277954,0.9998080134391785,0.4921130836009979,0.2511650323867798,-1.2658392190933228,0.9998167157173157,0.47856277227401733,0.25130054354667664,-1.2659698724746704,0.999812662601471,0.46804162859916687,0.2511095106601715,-1.2660267353057861,0.9997772574424744,0.5609500408172607,0.23871484398841858,-0.9512016177177429,0.9996663331985474,0.4566901624202728,0.24885407090187073,-0.935573160648346,0.9996527433395386,0.5323262214660645,0.28065887093544006,-1.151448369026184,0.9998981952667236,0.4908042252063751,0.2834302484989166,-1.147449016571045,0.9998973608016968,0.6129834055900574,0.3120824694633484,-0.5866913199424744,0.9999719858169556,0.4070778787136078,0.31252747774124146,-0.5504557490348816,0.9999456405639648,0.6286739110946655,0.4268626570701599,-0.3547680377960205,0.9868693947792053,0.3805209994316101,0.42924872040748596,-0.3287363052368164,0.9813608527183533,0.689190149307251,0.534603476524353,-0.5432132482528687,0.9823209047317505,0.3290109932422638,0.5355865359306335,-0.530074954032898,0.9781889319419861,0.7132087349891663,0.5662727355957031,-0.5940558910369873,0.9589363932609558,0.3031662106513977,0.5677264928817749,-0.5852231979370117,0.9548186659812927,0.7067450881004333,0.5677823424339294,-0.6975002884864807,0.9638240337371826,0.3104362487792969,0.569981575012207,-0.6883797645568848,0.9598774313926697,0.6967885494232178,0.5588532090187073,-0.5859021544456482,0.9566000699996948,0.32197195291519165,0.5612066388130188,-0.5741658806800842,0.9516571164131165,0.5706090331077576,0.5235236287117004,-0.006163933780044317,0.9994823932647705,0.4423135221004486,0.5176817774772644,0.006038687191903591,0.9993459582328796,0.5599539875984192,0.7025895714759827,-0.0731903612613678,0.982957124710083,0.4509411156177521,0.7000721096992493,-0.07879090309143066,0.9831066131591797,0.5674468278884888,0.8778306245803833,0.26787301898002625,0.9849596619606018,0.4417196214199066,0.8730299472808838,0.2507287561893463,0.9846481084823608,0.5524989366531372,0.897006630897522,0.2825253903865814,0.86444491147995,0.4515315592288971,0.8945236206054688,0.2645208537578583,0.8242717385292053,0.5778780579566956,0.9396520853042603,-0.06619884073734283,0.9812440276145935,0.433098703622818,0.9326732158660889,-0.09157662093639374,0.9811073541641235
surprised_v8_3.png,surprised,0.5134457349777222,0.274064302444458,-1.242124319076538,0.9999679327011108,0.5292041301727295,0.25291121006011963,-1.223103642463684,0.9998636245727539,0.5383051633834839,0.25090569257736206,-1.2231214046478271,0.999861478805542,0.546099841594696,0.24902525544166565,-1.2232160568237305,0.9998297691345215,0.4952615797519684,0.25625723600387573,-1.2243623733520508,0.9998503923416138,0.48193708062171936,0.25601425766944885,-1.2244809865951538,0.9998421669006348,0.47062671184539795,0.25528791546821594,-1.224551796913147,0.9998088479042053,0.5578029751777649,0.2410723716020584,-0.890180230140686,0.9997178912162781,0.4576086699962616,0.25040891766548157,-0.8977549076080322,0.9996949434280396,0.5312442183494568,0.28441810607910156,-1.09666907787323,0.9999058246612549,0.49330541491508484,0.28734147548675537,-1.0993666648864746,0.999902606010437,0.6139090657234192,0.3073626756668091,-0.4915296137332916,0.9999740123748779,0.40319424867630005,0.3072192668914795,-0.5167524218559265,0.9999452829360962,0.6272413730621338,0.4200032949447632,-0.20236748456954956,0.9878244400024414,0.37707144021987915,0.4249938726425171,-0.3052617609500885,0.9780998826026917,0.6957153677940369,0.5210381746292114,-0.3825267255306244,0.9863524436950684,0.31902968883514404,0.5265837907791138,-0.5308504104614258,0.9752702713012695,0.7211775183677673,0.5512052774429321,-0.42744892835617065,0.966191828250885,0.2943595349788666,0.5578898787498474,-0.5892071723937988,0.9508698582649231,0.7149975299835205,0.5520824193954468,-0.5365004539489746,0.9708123803138733,0.29918402433395386,0.5598884224891663,-0.6992018222808838,0.9565641283988953,0.7049624919891357,0.5446458458900452,-0.4271956980228424,0.9642125964164734,0.3102758228778839,0.552091121673584,-0.5773279070854187,0.946758508682251,0.5685815811157227,0.5251690745353699,0.007037413772195578,0.9993170499801636,0.44049447774887085,0.520721435546875,-0.007092743646353483,0.9992024302482605,0.5602097511291504,0.7037327289581299,-0.039999864995479584,0.9869294166564941,0.45131292939186096,0.7039288282394409,-0.08783815801143646,0.988756000995636,0.5743227601051331,0.8804327845573425,0.2961556613445282,0.9883091449737549,0.44023919105529785,0.8795453906059265,0.23119376599788666,0.9903488159179688,0.5627655982971191,0.8990517854690552,0.31026098132133484,0.8988321423530579,0.45518502593040466,0.9032133221626282,0.24395538866519928,0.8684221506118774,0.5832080245018005,0.9361814856529236,-0.030071115121245384,0.9856406450271606,0.43236517906188965,0.9321146011352539,-0.11637302488088608,0.9866082668304443
surprised_v8_4.png,surprised,0.5157589316368103,0.2713954448699951,-1.2243413925170898,0.999964714050293,0.5308735370635986,0.25110870599746704,-1.2038403749465942,0.999849796295166,0.5397931933403015,0.24932709336280823,-1.2038711309432983,0.9998461008071899,0.5477196574211121,0.24754944443702698,-1.2039626836776733,0.9998125433921814,0.49723222851753235,0.254305899143219,-1.204604148864746,0.9998327493667603,0.48372653126716614,0.2542891502380371,-1.2047158479690552,0.9998255372047424,0.47183963656425476,0.25388863682746887,-1.2048081159591675,0.9997932314872742,0.5590282678604126,0.2401115596294403,-0.8726356029510498,0.9996895790100098,0.45810747146606445,0.24935036897659302,-0.8770570158958435,0.9996631145477295,0.5328474044799805,0.2822684943675995,-1.0802593231201172,0.9999037981033325,0.49435901641845703,0.2850266695022583,-1.0820752382278442,0.999901294708252,0.6136743426322937,0.30708688497543335,-0.4901657700538635,0.9999750852584839,0.4047294557094574,0.30769866704940796,-0.5043361186981201,0.9999343156814575,0.628028154373169,0.42083656787872314,-0.23390761017799377,0.9854826927185059,0.38064518570899963,0.4259859025478363,-0.30817222595214844,0.9780493378639221,0.6968748569488525,0.5228999257087708,-0.44364020228385925,0.9852287769317627,0.3215365409851074,0.5257202982902527,-0.5427519083023071,0.9787413477897644,0.7217957973480225,0.5523698925971985,-0.49642375111579895,0.9664037823677063,0.29524093866348267,0.5569252371788025,-0.6053747534751892,0.958286702632904,0.7144595384597778,0.5532913208007812,-0.6036016941070557,0.9708768725395203,0.2988559603691101,0.5586856603622437,-0.7135926485061646,0.9634783267974854,0.7044322490692139,0.5457460880279541,-0.4888341724872589,0.9643428325653076,0.3101784288883209,0.5509508848190308,-0.5891857743263245,0.9552122354507446,0.5699577331542969,0.5252695679664612,-0.0014453046023845673,0.9994007349014282,0.44225749373435974,0.5194687843322754,0.001367387012578547,0.9991716146469116,0.5593904852867126,0.704618513584137,-0.07014778256416321,0.9877090454101562,0.4515163004398346,0.701891303062439,-0.07376757264137268,0.9859411120414734,0.5727073550224304,0.8781951665878296,0.29639241099357605,0.9883257150650024,0.44353145360946655,0.87666916847229,0.26134586334228516,0.9886879324913025,0.5606104731559753,0.8963146805763245,0.3137102723121643,0.8803033828735352,0.45728039741516113,0.8978522419929504,0.2763436436653137,0.8536359667778015,0.5767806768417358,0.9377676844596863,-0.028544150292873383,0.9851754307746887,0.43534135818481445,0.9341300129890442,-0.07909002900123596,0.9849478602409363
